ISO-10303-21;
HEADER;
/* Generated by software containing ST-Developer
 * from STEP Tools, Inc. (www.steptools.com) 
 */

FILE_DESCRIPTION(
/* description */ (''),
/* implementation_level */ '2;1');

FILE_NAME(
/* name */ 'Baseline_Injector_Plate.step',
/* time_stamp */ '2026-09-28T23:02:21+05:30',
/* author */ (''),
/* organization */ (''),
/* preprocessor_version */ 'ST-DEVELOPER v20.2',
/* originating_system */ 'Autodesk Translation Framework v15.15.0.0',
/* authorisation */ '');

FILE_SCHEMA (('AUTOMOTIVE_DESIGN { 1 0 10303 214 3 1 1 }'));
ENDSEC;

DATA;
#10=MECHANICAL_DESIGN_GEOMETRIC_PRESENTATION_REPRESENTATION('',(#31,#32,
#33,#34),#3643);
#11=ITEM_DEFINED_TRANSFORMATION($,$,#2143,#2423);
#12=ITEM_DEFINED_TRANSFORMATION($,$,#2400,#2424);
#13=ITEM_DEFINED_TRANSFORMATION($,$,#2409,#2425);
#14=(
REPRESENTATION_RELATIONSHIP($,$,#3660,#3659)
REPRESENTATION_RELATIONSHIP_WITH_TRANSFORMATION(#11)
SHAPE_REPRESENTATION_RELATIONSHIP()
);
#15=(
REPRESENTATION_RELATIONSHIP($,$,#3661,#3659)
REPRESENTATION_RELATIONSHIP_WITH_TRANSFORMATION(#12)
SHAPE_REPRESENTATION_RELATIONSHIP()
);
#16=(
REPRESENTATION_RELATIONSHIP($,$,#3662,#3659)
REPRESENTATION_RELATIONSHIP_WITH_TRANSFORMATION(#13)
SHAPE_REPRESENTATION_RELATIONSHIP()
);
#17=CONTEXT_DEPENDENT_SHAPE_REPRESENTATION(#14,#3656);
#18=CONTEXT_DEPENDENT_SHAPE_REPRESENTATION(#15,#3657);
#19=CONTEXT_DEPENDENT_SHAPE_REPRESENTATION(#16,#3658);
#20=NEXT_ASSEMBLY_USAGE_OCCURRENCE('Injector_Plate:1',
'Injector_Plate:1','Injector_Plate:1',#3664,#3665,'Injector_Plate:1');
#21=NEXT_ASSEMBLY_USAGE_OCCURRENCE('Combustion_Chamber:1',
'Combustion_Chamber:1','Combustion_Chamber:1',#3664,#3666,
'Combustion_Chamber:1');
#22=NEXT_ASSEMBLY_USAGE_OCCURRENCE('Nozzle:1','Nozzle:1','Nozzle:1',#3664,
#3667,'Nozzle:1');
#23=CONICAL_SURFACE('',#2412,43.57,0.836137679513463);
#24=CONICAL_SURFACE('',#2420,36.07,0.940112008257178);
#25=SHAPE_REPRESENTATION_RELATIONSHIP('SRR','None',#3660,#28);
#26=SHAPE_REPRESENTATION_RELATIONSHIP('SRR','None',#3661,#29);
#27=SHAPE_REPRESENTATION_RELATIONSHIP('SRR','None',#3662,#30);
#28=ADVANCED_BREP_SHAPE_REPRESENTATION('',(#35,#36),#3640);
#29=ADVANCED_BREP_SHAPE_REPRESENTATION('',(#37),#3641);
#30=ADVANCED_BREP_SHAPE_REPRESENTATION('',(#38),#3642);
#31=STYLED_ITEM('',(#3683),#35);
#32=STYLED_ITEM('',(#3683),#36);
#33=STYLED_ITEM('',(#3683),#37);
#34=STYLED_ITEM('',(#3683),#38);
#35=MANIFOLD_SOLID_BREP('Body1',#2104);
#36=MANIFOLD_SOLID_BREP('Body1',#2105);
#37=MANIFOLD_SOLID_BREP('Chamber_Tube',#2106);
#38=MANIFOLD_SOLID_BREP('Body1',#2107);
#39=FACE_BOUND('',#327,.T.);
#40=FACE_BOUND('',#328,.T.);
#41=FACE_BOUND('',#329,.T.);
#42=FACE_BOUND('',#330,.T.);
#43=FACE_BOUND('',#331,.T.);
#44=FACE_BOUND('',#332,.T.);
#45=FACE_BOUND('',#333,.T.);
#46=FACE_BOUND('',#334,.T.);
#47=FACE_BOUND('',#335,.T.);
#48=FACE_BOUND('',#337,.T.);
#49=FACE_BOUND('',#338,.T.);
#50=FACE_BOUND('',#339,.T.);
#51=FACE_BOUND('',#340,.T.);
#52=FACE_BOUND('',#341,.T.);
#53=FACE_BOUND('',#342,.T.);
#54=FACE_BOUND('',#343,.T.);
#55=FACE_BOUND('',#344,.T.);
#56=FACE_BOUND('',#345,.T.);
#57=FACE_BOUND('',#347,.T.);
#58=FACE_BOUND('',#348,.T.);
#59=FACE_BOUND('',#349,.T.);
#60=FACE_BOUND('',#350,.T.);
#61=FACE_BOUND('',#351,.T.);
#62=FACE_BOUND('',#352,.T.);
#63=FACE_BOUND('',#353,.T.);
#64=FACE_BOUND('',#354,.T.);
#65=FACE_BOUND('',#355,.T.);
#66=FACE_BOUND('',#356,.T.);
#67=FACE_BOUND('',#357,.T.);
#68=FACE_BOUND('',#358,.T.);
#69=FACE_BOUND('',#359,.T.);
#70=FACE_BOUND('',#360,.T.);
#71=FACE_BOUND('',#361,.T.);
#72=FACE_BOUND('',#362,.T.);
#73=FACE_BOUND('',#363,.T.);
#74=FACE_BOUND('',#364,.T.);
#75=FACE_BOUND('',#365,.T.);
#76=FACE_BOUND('',#366,.T.);
#77=FACE_BOUND('',#367,.T.);
#78=FACE_BOUND('',#368,.T.);
#79=FACE_BOUND('',#369,.T.);
#80=FACE_BOUND('',#370,.T.);
#81=FACE_BOUND('',#371,.T.);
#82=FACE_BOUND('',#372,.T.);
#83=FACE_BOUND('',#373,.T.);
#84=FACE_BOUND('',#374,.T.);
#85=FACE_BOUND('',#375,.T.);
#86=FACE_BOUND('',#376,.T.);
#87=FACE_BOUND('',#377,.T.);
#88=FACE_BOUND('',#378,.T.);
#89=FACE_BOUND('',#379,.T.);
#90=FACE_BOUND('',#380,.T.);
#91=FACE_BOUND('',#381,.T.);
#92=FACE_BOUND('',#382,.T.);
#93=FACE_BOUND('',#383,.T.);
#94=FACE_BOUND('',#384,.T.);
#95=FACE_BOUND('',#385,.T.);
#96=FACE_BOUND('',#386,.T.);
#97=FACE_BOUND('',#387,.T.);
#98=FACE_BOUND('',#388,.T.);
#99=FACE_BOUND('',#389,.T.);
#100=FACE_BOUND('',#390,.T.);
#101=FACE_BOUND('',#391,.T.);
#102=FACE_BOUND('',#392,.T.);
#103=FACE_BOUND('',#393,.T.);
#104=FACE_BOUND('',#394,.T.);
#105=FACE_BOUND('',#395,.T.);
#106=FACE_BOUND('',#396,.T.);
#107=FACE_BOUND('',#397,.T.);
#108=FACE_BOUND('',#398,.T.);
#109=FACE_BOUND('',#399,.T.);
#110=FACE_BOUND('',#400,.T.);
#111=FACE_BOUND('',#401,.T.);
#112=FACE_BOUND('',#402,.T.);
#113=FACE_BOUND('',#403,.T.);
#114=FACE_BOUND('',#404,.T.);
#115=FACE_BOUND('',#405,.T.);
#116=FACE_BOUND('',#406,.T.);
#117=FACE_BOUND('',#407,.T.);
#118=FACE_BOUND('',#408,.T.);
#119=FACE_BOUND('',#409,.T.);
#120=FACE_BOUND('',#410,.T.);
#121=FACE_BOUND('',#411,.T.);
#122=FACE_BOUND('',#412,.T.);
#123=FACE_BOUND('',#413,.T.);
#124=FACE_BOUND('',#414,.T.);
#125=FACE_BOUND('',#415,.T.);
#126=FACE_BOUND('',#416,.T.);
#127=FACE_BOUND('',#417,.T.);
#128=FACE_BOUND('',#418,.T.);
#129=FACE_BOUND('',#419,.T.);
#130=FACE_BOUND('',#421,.T.);
#131=FACE_BOUND('',#422,.T.);
#132=FACE_BOUND('',#423,.T.);
#133=FACE_BOUND('',#424,.T.);
#134=FACE_BOUND('',#425,.T.);
#135=FACE_BOUND('',#426,.T.);
#136=FACE_BOUND('',#427,.T.);
#137=FACE_BOUND('',#428,.T.);
#138=FACE_BOUND('',#429,.T.);
#139=FACE_BOUND('',#430,.T.);
#140=FACE_BOUND('',#431,.T.);
#141=FACE_BOUND('',#432,.T.);
#142=FACE_BOUND('',#433,.T.);
#143=FACE_BOUND('',#434,.T.);
#144=FACE_BOUND('',#435,.T.);
#145=FACE_BOUND('',#436,.T.);
#146=FACE_BOUND('',#437,.T.);
#147=FACE_BOUND('',#438,.T.);
#148=FACE_BOUND('',#439,.T.);
#149=FACE_BOUND('',#440,.T.);
#150=FACE_BOUND('',#441,.T.);
#151=FACE_BOUND('',#442,.T.);
#152=FACE_BOUND('',#443,.T.);
#153=FACE_BOUND('',#444,.T.);
#154=FACE_BOUND('',#445,.T.);
#155=FACE_BOUND('',#446,.T.);
#156=FACE_BOUND('',#447,.T.);
#157=FACE_BOUND('',#448,.T.);
#158=FACE_BOUND('',#449,.T.);
#159=FACE_BOUND('',#450,.T.);
#160=FACE_BOUND('',#451,.T.);
#161=FACE_BOUND('',#452,.T.);
#162=FACE_BOUND('',#453,.T.);
#163=FACE_BOUND('',#454,.T.);
#164=FACE_BOUND('',#455,.T.);
#165=FACE_BOUND('',#456,.T.);
#166=FACE_BOUND('',#457,.T.);
#167=FACE_BOUND('',#458,.T.);
#168=FACE_BOUND('',#459,.T.);
#169=FACE_BOUND('',#460,.T.);
#170=FACE_BOUND('',#461,.T.);
#171=FACE_BOUND('',#462,.T.);
#172=FACE_BOUND('',#463,.T.);
#173=FACE_BOUND('',#464,.T.);
#174=FACE_BOUND('',#465,.T.);
#175=FACE_BOUND('',#466,.T.);
#176=FACE_BOUND('',#467,.T.);
#177=FACE_BOUND('',#468,.T.);
#178=FACE_BOUND('',#469,.T.);
#179=FACE_BOUND('',#470,.T.);
#180=FACE_BOUND('',#471,.T.);
#181=FACE_BOUND('',#472,.T.);
#182=FACE_BOUND('',#473,.T.);
#183=FACE_BOUND('',#474,.T.);
#184=FACE_BOUND('',#475,.T.);
#185=FACE_BOUND('',#476,.T.);
#186=FACE_BOUND('',#477,.T.);
#187=FACE_BOUND('',#478,.T.);
#188=FACE_BOUND('',#479,.T.);
#189=FACE_BOUND('',#480,.T.);
#190=FACE_BOUND('',#481,.T.);
#191=FACE_BOUND('',#482,.T.);
#192=FACE_BOUND('',#483,.T.);
#193=FACE_BOUND('',#484,.T.);
#194=FACE_BOUND('',#485,.T.);
#195=FACE_BOUND('',#486,.T.);
#196=FACE_BOUND('',#487,.T.);
#197=FACE_BOUND('',#488,.T.);
#198=FACE_BOUND('',#489,.T.);
#199=FACE_BOUND('',#490,.T.);
#200=FACE_BOUND('',#491,.T.);
#201=FACE_BOUND('',#492,.T.);
#202=FACE_BOUND('',#493,.T.);
#203=FACE_BOUND('',#571,.T.);
#204=FACE_BOUND('',#573,.T.);
#205=FACE_BOUND('',#577,.T.);
#206=FACE_BOUND('',#580,.T.);
#207=PLANE('',#2174);
#208=PLANE('',#2175);
#209=PLANE('',#2176);
#210=PLANE('',#2251);
#211=PLANE('',#2407);
#212=PLANE('',#2408);
#213=PLANE('',#2410);
#214=PLANE('',#2414);
#215=PLANE('',#2418);
#216=PLANE('',#2422);
#217=FACE_OUTER_BOUND('',#316,.T.);
#218=FACE_OUTER_BOUND('',#317,.T.);
#219=FACE_OUTER_BOUND('',#318,.T.);
#220=FACE_OUTER_BOUND('',#319,.T.);
#221=FACE_OUTER_BOUND('',#320,.T.);
#222=FACE_OUTER_BOUND('',#321,.T.);
#223=FACE_OUTER_BOUND('',#322,.T.);
#224=FACE_OUTER_BOUND('',#323,.T.);
#225=FACE_OUTER_BOUND('',#324,.T.);
#226=FACE_OUTER_BOUND('',#325,.T.);
#227=FACE_OUTER_BOUND('',#326,.T.);
#228=FACE_OUTER_BOUND('',#336,.T.);
#229=FACE_OUTER_BOUND('',#346,.T.);
#230=FACE_OUTER_BOUND('',#420,.T.);
#231=FACE_OUTER_BOUND('',#494,.T.);
#232=FACE_OUTER_BOUND('',#495,.T.);
#233=FACE_OUTER_BOUND('',#496,.T.);
#234=FACE_OUTER_BOUND('',#497,.T.);
#235=FACE_OUTER_BOUND('',#498,.T.);
#236=FACE_OUTER_BOUND('',#499,.T.);
#237=FACE_OUTER_BOUND('',#500,.T.);
#238=FACE_OUTER_BOUND('',#501,.T.);
#239=FACE_OUTER_BOUND('',#502,.T.);
#240=FACE_OUTER_BOUND('',#503,.T.);
#241=FACE_OUTER_BOUND('',#504,.T.);
#242=FACE_OUTER_BOUND('',#505,.T.);
#243=FACE_OUTER_BOUND('',#506,.T.);
#244=FACE_OUTER_BOUND('',#507,.T.);
#245=FACE_OUTER_BOUND('',#508,.T.);
#246=FACE_OUTER_BOUND('',#509,.T.);
#247=FACE_OUTER_BOUND('',#510,.T.);
#248=FACE_OUTER_BOUND('',#511,.T.);
#249=FACE_OUTER_BOUND('',#512,.T.);
#250=FACE_OUTER_BOUND('',#513,.T.);
#251=FACE_OUTER_BOUND('',#514,.T.);
#252=FACE_OUTER_BOUND('',#515,.T.);
#253=FACE_OUTER_BOUND('',#516,.T.);
#254=FACE_OUTER_BOUND('',#517,.T.);
#255=FACE_OUTER_BOUND('',#518,.T.);
#256=FACE_OUTER_BOUND('',#519,.T.);
#257=FACE_OUTER_BOUND('',#520,.T.);
#258=FACE_OUTER_BOUND('',#521,.T.);
#259=FACE_OUTER_BOUND('',#522,.T.);
#260=FACE_OUTER_BOUND('',#523,.T.);
#261=FACE_OUTER_BOUND('',#524,.T.);
#262=FACE_OUTER_BOUND('',#525,.T.);
#263=FACE_OUTER_BOUND('',#526,.T.);
#264=FACE_OUTER_BOUND('',#527,.T.);
#265=FACE_OUTER_BOUND('',#528,.T.);
#266=FACE_OUTER_BOUND('',#529,.T.);
#267=FACE_OUTER_BOUND('',#530,.T.);
#268=FACE_OUTER_BOUND('',#531,.T.);
#269=FACE_OUTER_BOUND('',#532,.T.);
#270=FACE_OUTER_BOUND('',#533,.T.);
#271=FACE_OUTER_BOUND('',#534,.T.);
#272=FACE_OUTER_BOUND('',#535,.T.);
#273=FACE_OUTER_BOUND('',#536,.T.);
#274=FACE_OUTER_BOUND('',#537,.T.);
#275=FACE_OUTER_BOUND('',#538,.T.);
#276=FACE_OUTER_BOUND('',#539,.T.);
#277=FACE_OUTER_BOUND('',#540,.T.);
#278=FACE_OUTER_BOUND('',#541,.T.);
#279=FACE_OUTER_BOUND('',#542,.T.);
#280=FACE_OUTER_BOUND('',#543,.T.);
#281=FACE_OUTER_BOUND('',#544,.T.);
#282=FACE_OUTER_BOUND('',#545,.T.);
#283=FACE_OUTER_BOUND('',#546,.T.);
#284=FACE_OUTER_BOUND('',#547,.T.);
#285=FACE_OUTER_BOUND('',#548,.T.);
#286=FACE_OUTER_BOUND('',#549,.T.);
#287=FACE_OUTER_BOUND('',#550,.T.);
#288=FACE_OUTER_BOUND('',#551,.T.);
#289=FACE_OUTER_BOUND('',#552,.T.);
#290=FACE_OUTER_BOUND('',#553,.T.);
#291=FACE_OUTER_BOUND('',#554,.T.);
#292=FACE_OUTER_BOUND('',#555,.T.);
#293=FACE_OUTER_BOUND('',#556,.T.);
#294=FACE_OUTER_BOUND('',#557,.T.);
#295=FACE_OUTER_BOUND('',#558,.T.);
#296=FACE_OUTER_BOUND('',#559,.T.);
#297=FACE_OUTER_BOUND('',#560,.T.);
#298=FACE_OUTER_BOUND('',#561,.T.);
#299=FACE_OUTER_BOUND('',#562,.T.);
#300=FACE_OUTER_BOUND('',#563,.T.);
#301=FACE_OUTER_BOUND('',#564,.T.);
#302=FACE_OUTER_BOUND('',#565,.T.);
#303=FACE_OUTER_BOUND('',#566,.T.);
#304=FACE_OUTER_BOUND('',#567,.T.);
#305=FACE_OUTER_BOUND('',#568,.T.);
#306=FACE_OUTER_BOUND('',#569,.T.);
#307=FACE_OUTER_BOUND('',#570,.T.);
#308=FACE_OUTER_BOUND('',#572,.T.);
#309=FACE_OUTER_BOUND('',#574,.T.);
#310=FACE_OUTER_BOUND('',#575,.T.);
#311=FACE_OUTER_BOUND('',#576,.T.);
#312=FACE_OUTER_BOUND('',#578,.T.);
#313=FACE_OUTER_BOUND('',#579,.T.);
#314=FACE_OUTER_BOUND('',#581,.T.);
#315=FACE_OUTER_BOUND('',#582,.T.);
#316=EDGE_LOOP('',(#1384,#1385,#1386,#1387));
#317=EDGE_LOOP('',(#1388,#1389,#1390,#1391));
#318=EDGE_LOOP('',(#1392,#1393,#1394,#1395));
#319=EDGE_LOOP('',(#1396,#1397,#1398,#1399));
#320=EDGE_LOOP('',(#1400,#1401,#1402,#1403));
#321=EDGE_LOOP('',(#1404,#1405,#1406,#1407));
#322=EDGE_LOOP('',(#1408,#1409,#1410,#1411));
#323=EDGE_LOOP('',(#1412,#1413,#1414,#1415));
#324=EDGE_LOOP('',(#1416,#1417,#1418,#1419));
#325=EDGE_LOOP('',(#1420,#1421,#1422,#1423));
#326=EDGE_LOOP('',(#1424));
#327=EDGE_LOOP('',(#1425));
#328=EDGE_LOOP('',(#1426));
#329=EDGE_LOOP('',(#1427));
#330=EDGE_LOOP('',(#1428));
#331=EDGE_LOOP('',(#1429));
#332=EDGE_LOOP('',(#1430));
#333=EDGE_LOOP('',(#1431));
#334=EDGE_LOOP('',(#1432));
#335=EDGE_LOOP('',(#1433));
#336=EDGE_LOOP('',(#1434));
#337=EDGE_LOOP('',(#1435));
#338=EDGE_LOOP('',(#1436));
#339=EDGE_LOOP('',(#1437));
#340=EDGE_LOOP('',(#1438));
#341=EDGE_LOOP('',(#1439));
#342=EDGE_LOOP('',(#1440));
#343=EDGE_LOOP('',(#1441));
#344=EDGE_LOOP('',(#1442));
#345=EDGE_LOOP('',(#1443));
#346=EDGE_LOOP('',(#1444));
#347=EDGE_LOOP('',(#1445));
#348=EDGE_LOOP('',(#1446));
#349=EDGE_LOOP('',(#1447));
#350=EDGE_LOOP('',(#1448));
#351=EDGE_LOOP('',(#1449));
#352=EDGE_LOOP('',(#1450));
#353=EDGE_LOOP('',(#1451));
#354=EDGE_LOOP('',(#1452));
#355=EDGE_LOOP('',(#1453));
#356=EDGE_LOOP('',(#1454));
#357=EDGE_LOOP('',(#1455));
#358=EDGE_LOOP('',(#1456));
#359=EDGE_LOOP('',(#1457));
#360=EDGE_LOOP('',(#1458));
#361=EDGE_LOOP('',(#1459));
#362=EDGE_LOOP('',(#1460));
#363=EDGE_LOOP('',(#1461));
#364=EDGE_LOOP('',(#1462));
#365=EDGE_LOOP('',(#1463));
#366=EDGE_LOOP('',(#1464));
#367=EDGE_LOOP('',(#1465));
#368=EDGE_LOOP('',(#1466));
#369=EDGE_LOOP('',(#1467));
#370=EDGE_LOOP('',(#1468));
#371=EDGE_LOOP('',(#1469));
#372=EDGE_LOOP('',(#1470));
#373=EDGE_LOOP('',(#1471));
#374=EDGE_LOOP('',(#1472));
#375=EDGE_LOOP('',(#1473));
#376=EDGE_LOOP('',(#1474));
#377=EDGE_LOOP('',(#1475));
#378=EDGE_LOOP('',(#1476));
#379=EDGE_LOOP('',(#1477));
#380=EDGE_LOOP('',(#1478));
#381=EDGE_LOOP('',(#1479));
#382=EDGE_LOOP('',(#1480));
#383=EDGE_LOOP('',(#1481));
#384=EDGE_LOOP('',(#1482));
#385=EDGE_LOOP('',(#1483));
#386=EDGE_LOOP('',(#1484));
#387=EDGE_LOOP('',(#1485));
#388=EDGE_LOOP('',(#1486));
#389=EDGE_LOOP('',(#1487));
#390=EDGE_LOOP('',(#1488));
#391=EDGE_LOOP('',(#1489));
#392=EDGE_LOOP('',(#1490));
#393=EDGE_LOOP('',(#1491));
#394=EDGE_LOOP('',(#1492));
#395=EDGE_LOOP('',(#1493));
#396=EDGE_LOOP('',(#1494));
#397=EDGE_LOOP('',(#1495));
#398=EDGE_LOOP('',(#1496));
#399=EDGE_LOOP('',(#1497));
#400=EDGE_LOOP('',(#1498));
#401=EDGE_LOOP('',(#1499));
#402=EDGE_LOOP('',(#1500));
#403=EDGE_LOOP('',(#1501));
#404=EDGE_LOOP('',(#1502));
#405=EDGE_LOOP('',(#1503));
#406=EDGE_LOOP('',(#1504));
#407=EDGE_LOOP('',(#1505));
#408=EDGE_LOOP('',(#1506));
#409=EDGE_LOOP('',(#1507));
#410=EDGE_LOOP('',(#1508));
#411=EDGE_LOOP('',(#1509));
#412=EDGE_LOOP('',(#1510));
#413=EDGE_LOOP('',(#1511));
#414=EDGE_LOOP('',(#1512));
#415=EDGE_LOOP('',(#1513));
#416=EDGE_LOOP('',(#1514));
#417=EDGE_LOOP('',(#1515));
#418=EDGE_LOOP('',(#1516));
#419=EDGE_LOOP('',(#1517));
#420=EDGE_LOOP('',(#1518));
#421=EDGE_LOOP('',(#1519));
#422=EDGE_LOOP('',(#1520));
#423=EDGE_LOOP('',(#1521));
#424=EDGE_LOOP('',(#1522));
#425=EDGE_LOOP('',(#1523));
#426=EDGE_LOOP('',(#1524));
#427=EDGE_LOOP('',(#1525));
#428=EDGE_LOOP('',(#1526));
#429=EDGE_LOOP('',(#1527));
#430=EDGE_LOOP('',(#1528));
#431=EDGE_LOOP('',(#1529));
#432=EDGE_LOOP('',(#1530));
#433=EDGE_LOOP('',(#1531));
#434=EDGE_LOOP('',(#1532));
#435=EDGE_LOOP('',(#1533));
#436=EDGE_LOOP('',(#1534));
#437=EDGE_LOOP('',(#1535));
#438=EDGE_LOOP('',(#1536));
#439=EDGE_LOOP('',(#1537));
#440=EDGE_LOOP('',(#1538));
#441=EDGE_LOOP('',(#1539));
#442=EDGE_LOOP('',(#1540));
#443=EDGE_LOOP('',(#1541));
#444=EDGE_LOOP('',(#1542));
#445=EDGE_LOOP('',(#1543));
#446=EDGE_LOOP('',(#1544));
#447=EDGE_LOOP('',(#1545));
#448=EDGE_LOOP('',(#1546));
#449=EDGE_LOOP('',(#1547));
#450=EDGE_LOOP('',(#1548));
#451=EDGE_LOOP('',(#1549));
#452=EDGE_LOOP('',(#1550));
#453=EDGE_LOOP('',(#1551));
#454=EDGE_LOOP('',(#1552));
#455=EDGE_LOOP('',(#1553));
#456=EDGE_LOOP('',(#1554));
#457=EDGE_LOOP('',(#1555));
#458=EDGE_LOOP('',(#1556));
#459=EDGE_LOOP('',(#1557));
#460=EDGE_LOOP('',(#1558));
#461=EDGE_LOOP('',(#1559));
#462=EDGE_LOOP('',(#1560));
#463=EDGE_LOOP('',(#1561));
#464=EDGE_LOOP('',(#1562));
#465=EDGE_LOOP('',(#1563));
#466=EDGE_LOOP('',(#1564));
#467=EDGE_LOOP('',(#1565));
#468=EDGE_LOOP('',(#1566));
#469=EDGE_LOOP('',(#1567));
#470=EDGE_LOOP('',(#1568));
#471=EDGE_LOOP('',(#1569));
#472=EDGE_LOOP('',(#1570));
#473=EDGE_LOOP('',(#1571));
#474=EDGE_LOOP('',(#1572));
#475=EDGE_LOOP('',(#1573));
#476=EDGE_LOOP('',(#1574));
#477=EDGE_LOOP('',(#1575));
#478=EDGE_LOOP('',(#1576));
#479=EDGE_LOOP('',(#1577));
#480=EDGE_LOOP('',(#1578));
#481=EDGE_LOOP('',(#1579));
#482=EDGE_LOOP('',(#1580));
#483=EDGE_LOOP('',(#1581));
#484=EDGE_LOOP('',(#1582));
#485=EDGE_LOOP('',(#1583));
#486=EDGE_LOOP('',(#1584));
#487=EDGE_LOOP('',(#1585));
#488=EDGE_LOOP('',(#1586));
#489=EDGE_LOOP('',(#1587));
#490=EDGE_LOOP('',(#1588));
#491=EDGE_LOOP('',(#1589));
#492=EDGE_LOOP('',(#1590));
#493=EDGE_LOOP('',(#1591));
#494=EDGE_LOOP('',(#1592,#1593,#1594,#1595));
#495=EDGE_LOOP('',(#1596,#1597,#1598,#1599));
#496=EDGE_LOOP('',(#1600,#1601,#1602,#1603));
#497=EDGE_LOOP('',(#1604,#1605,#1606,#1607));
#498=EDGE_LOOP('',(#1608,#1609,#1610,#1611));
#499=EDGE_LOOP('',(#1612,#1613,#1614,#1615));
#500=EDGE_LOOP('',(#1616,#1617,#1618,#1619));
#501=EDGE_LOOP('',(#1620,#1621,#1622,#1623));
#502=EDGE_LOOP('',(#1624,#1625,#1626,#1627));
#503=EDGE_LOOP('',(#1628,#1629,#1630,#1631));
#504=EDGE_LOOP('',(#1632,#1633,#1634,#1635));
#505=EDGE_LOOP('',(#1636,#1637,#1638,#1639));
#506=EDGE_LOOP('',(#1640,#1641,#1642,#1643));
#507=EDGE_LOOP('',(#1644,#1645,#1646,#1647));
#508=EDGE_LOOP('',(#1648,#1649,#1650,#1651));
#509=EDGE_LOOP('',(#1652,#1653,#1654,#1655));
#510=EDGE_LOOP('',(#1656,#1657,#1658,#1659));
#511=EDGE_LOOP('',(#1660,#1661,#1662,#1663));
#512=EDGE_LOOP('',(#1664,#1665,#1666,#1667));
#513=EDGE_LOOP('',(#1668,#1669,#1670,#1671));
#514=EDGE_LOOP('',(#1672,#1673,#1674,#1675));
#515=EDGE_LOOP('',(#1676,#1677,#1678,#1679));
#516=EDGE_LOOP('',(#1680,#1681,#1682,#1683));
#517=EDGE_LOOP('',(#1684,#1685,#1686,#1687));
#518=EDGE_LOOP('',(#1688,#1689,#1690,#1691));
#519=EDGE_LOOP('',(#1692,#1693,#1694,#1695));
#520=EDGE_LOOP('',(#1696,#1697,#1698,#1699));
#521=EDGE_LOOP('',(#1700,#1701,#1702,#1703));
#522=EDGE_LOOP('',(#1704,#1705,#1706,#1707));
#523=EDGE_LOOP('',(#1708,#1709,#1710,#1711));
#524=EDGE_LOOP('',(#1712,#1713,#1714,#1715));
#525=EDGE_LOOP('',(#1716,#1717,#1718,#1719));
#526=EDGE_LOOP('',(#1720,#1721,#1722,#1723));
#527=EDGE_LOOP('',(#1724,#1725,#1726,#1727));
#528=EDGE_LOOP('',(#1728,#1729,#1730,#1731));
#529=EDGE_LOOP('',(#1732,#1733,#1734,#1735));
#530=EDGE_LOOP('',(#1736,#1737,#1738,#1739));
#531=EDGE_LOOP('',(#1740,#1741,#1742,#1743));
#532=EDGE_LOOP('',(#1744,#1745,#1746,#1747));
#533=EDGE_LOOP('',(#1748,#1749,#1750,#1751));
#534=EDGE_LOOP('',(#1752,#1753,#1754,#1755));
#535=EDGE_LOOP('',(#1756,#1757,#1758,#1759));
#536=EDGE_LOOP('',(#1760,#1761,#1762,#1763));
#537=EDGE_LOOP('',(#1764,#1765,#1766,#1767));
#538=EDGE_LOOP('',(#1768,#1769,#1770,#1771));
#539=EDGE_LOOP('',(#1772,#1773,#1774,#1775));
#540=EDGE_LOOP('',(#1776,#1777,#1778,#1779));
#541=EDGE_LOOP('',(#1780,#1781,#1782,#1783));
#542=EDGE_LOOP('',(#1784,#1785,#1786,#1787));
#543=EDGE_LOOP('',(#1788,#1789,#1790,#1791));
#544=EDGE_LOOP('',(#1792,#1793,#1794,#1795));
#545=EDGE_LOOP('',(#1796,#1797,#1798,#1799));
#546=EDGE_LOOP('',(#1800,#1801,#1802,#1803));
#547=EDGE_LOOP('',(#1804,#1805,#1806,#1807));
#548=EDGE_LOOP('',(#1808,#1809,#1810,#1811));
#549=EDGE_LOOP('',(#1812,#1813,#1814,#1815));
#550=EDGE_LOOP('',(#1816,#1817,#1818,#1819));
#551=EDGE_LOOP('',(#1820,#1821,#1822,#1823));
#552=EDGE_LOOP('',(#1824,#1825,#1826,#1827));
#553=EDGE_LOOP('',(#1828,#1829,#1830,#1831));
#554=EDGE_LOOP('',(#1832,#1833,#1834,#1835));
#555=EDGE_LOOP('',(#1836,#1837,#1838,#1839));
#556=EDGE_LOOP('',(#1840,#1841,#1842,#1843));
#557=EDGE_LOOP('',(#1844,#1845,#1846,#1847));
#558=EDGE_LOOP('',(#1848,#1849,#1850,#1851));
#559=EDGE_LOOP('',(#1852,#1853,#1854,#1855));
#560=EDGE_LOOP('',(#1856,#1857,#1858,#1859));
#561=EDGE_LOOP('',(#1860,#1861,#1862,#1863));
#562=EDGE_LOOP('',(#1864,#1865,#1866,#1867));
#563=EDGE_LOOP('',(#1868,#1869,#1870,#1871));
#564=EDGE_LOOP('',(#1872,#1873,#1874,#1875));
#565=EDGE_LOOP('',(#1876,#1877,#1878,#1879));
#566=EDGE_LOOP('',(#1880,#1881,#1882,#1883));
#567=EDGE_LOOP('',(#1884,#1885,#1886,#1887));
#568=EDGE_LOOP('',(#1888,#1889,#1890,#1891));
#569=EDGE_LOOP('',(#1892,#1893,#1894,#1895));
#570=EDGE_LOOP('',(#1896));
#571=EDGE_LOOP('',(#1897));
#572=EDGE_LOOP('',(#1898));
#573=EDGE_LOOP('',(#1899));
#574=EDGE_LOOP('',(#1900));
#575=EDGE_LOOP('',(#1901,#1902,#1903,#1904));
#576=EDGE_LOOP('',(#1905));
#577=EDGE_LOOP('',(#1906));
#578=EDGE_LOOP('',(#1907,#1908,#1909,#1910));
#579=EDGE_LOOP('',(#1911));
#580=EDGE_LOOP('',(#1912));
#581=EDGE_LOOP('',(#1913,#1914,#1915,#1916));
#582=EDGE_LOOP('',(#1917));
#583=LINE('',#3089,#672);
#584=LINE('',#3095,#673);
#585=LINE('',#3101,#674);
#586=LINE('',#3107,#675);
#587=LINE('',#3113,#676);
#588=LINE('',#3119,#677);
#589=LINE('',#3125,#678);
#590=LINE('',#3131,#679);
#591=LINE('',#3137,#680);
#592=LINE('',#3143,#681);
#593=LINE('',#3446,#682);
#594=LINE('',#3448,#683);
#595=LINE('',#3450,#684);
#596=LINE('',#3452,#685);
#597=LINE('',#3454,#686);
#598=LINE('',#3456,#687);
#599=LINE('',#3458,#688);
#600=LINE('',#3460,#689);
#601=LINE('',#3462,#690);
#602=LINE('',#3464,#691);
#603=LINE('',#3466,#692);
#604=LINE('',#3468,#693);
#605=LINE('',#3470,#694);
#606=LINE('',#3472,#695);
#607=LINE('',#3474,#696);
#608=LINE('',#3476,#697);
#609=LINE('',#3478,#698);
#610=LINE('',#3480,#699);
#611=LINE('',#3482,#700);
#612=LINE('',#3484,#701);
#613=LINE('',#3486,#702);
#614=LINE('',#3488,#703);
#615=LINE('',#3490,#704);
#616=LINE('',#3492,#705);
#617=LINE('',#3494,#706);
#618=LINE('',#3496,#707);
#619=LINE('',#3498,#708);
#620=LINE('',#3500,#709);
#621=LINE('',#3502,#710);
#622=LINE('',#3504,#711);
#623=LINE('',#3506,#712);
#624=LINE('',#3508,#713);
#625=LINE('',#3510,#714);
#626=LINE('',#3512,#715);
#627=LINE('',#3514,#716);
#628=LINE('',#3516,#717);
#629=LINE('',#3518,#718);
#630=LINE('',#3520,#719);
#631=LINE('',#3522,#720);
#632=LINE('',#3524,#721);
#633=LINE('',#3526,#722);
#634=LINE('',#3528,#723);
#635=LINE('',#3530,#724);
#636=LINE('',#3532,#725);
#637=LINE('',#3534,#726);
#638=LINE('',#3536,#727);
#639=LINE('',#3538,#728);
#640=LINE('',#3540,#729);
#641=LINE('',#3542,#730);
#642=LINE('',#3544,#731);
#643=LINE('',#3546,#732);
#644=LINE('',#3548,#733);
#645=LINE('',#3550,#734);
#646=LINE('',#3552,#735);
#647=LINE('',#3554,#736);
#648=LINE('',#3556,#737);
#649=LINE('',#3558,#738);
#650=LINE('',#3560,#739);
#651=LINE('',#3562,#740);
#652=LINE('',#3564,#741);
#653=LINE('',#3566,#742);
#654=LINE('',#3568,#743);
#655=LINE('',#3570,#744);
#656=LINE('',#3572,#745);
#657=LINE('',#3574,#746);
#658=LINE('',#3576,#747);
#659=LINE('',#3578,#748);
#660=LINE('',#3580,#749);
#661=LINE('',#3582,#750);
#662=LINE('',#3584,#751);
#663=LINE('',#3586,#752);
#664=LINE('',#3588,#753);
#665=LINE('',#3590,#754);
#666=LINE('',#3592,#755);
#667=LINE('',#3598,#756);
#668=LINE('',#3604,#757);
#669=LINE('',#3615,#758);
#670=LINE('',#3622,#759);
#671=LINE('',#3629,#760);
#672=VECTOR('',#2434,2.25);
#673=VECTOR('',#2441,2.25);
#674=VECTOR('',#2448,2.25);
#675=VECTOR('',#2455,2.25);
#676=VECTOR('',#2462,2.25);
#677=VECTOR('',#2469,2.25);
#678=VECTOR('',#2476,2.25);
#679=VECTOR('',#2483,2.25);
#680=VECTOR('',#2490,35.);
#681=VECTOR('',#2497,41.);
#682=VECTOR('',#2806,35.);
#683=VECTOR('',#2809,0.5);
#684=VECTOR('',#2812,0.5);
#685=VECTOR('',#2815,0.5);
#686=VECTOR('',#2818,0.5);
#687=VECTOR('',#2821,0.5);
#688=VECTOR('',#2824,0.5);
#689=VECTOR('',#2827,0.5);
#690=VECTOR('',#2830,0.5);
#691=VECTOR('',#2833,0.5);
#692=VECTOR('',#2836,0.5);
#693=VECTOR('',#2839,0.5);
#694=VECTOR('',#2842,0.5);
#695=VECTOR('',#2845,0.5);
#696=VECTOR('',#2848,0.5);
#697=VECTOR('',#2851,0.5);
#698=VECTOR('',#2854,0.5);
#699=VECTOR('',#2857,0.499999999999999);
#700=VECTOR('',#2860,0.5);
#701=VECTOR('',#2863,0.5);
#702=VECTOR('',#2866,0.499999999999999);
#703=VECTOR('',#2869,0.499999999999999);
#704=VECTOR('',#2872,0.5);
#705=VECTOR('',#2875,0.5);
#706=VECTOR('',#2878,0.5);
#707=VECTOR('',#2881,0.5);
#708=VECTOR('',#2884,0.5);
#709=VECTOR('',#2887,0.5);
#710=VECTOR('',#2890,0.5);
#711=VECTOR('',#2893,0.5);
#712=VECTOR('',#2896,0.5);
#713=VECTOR('',#2899,0.500000000000001);
#714=VECTOR('',#2902,0.5);
#715=VECTOR('',#2905,0.500000000000001);
#716=VECTOR('',#2908,0.5);
#717=VECTOR('',#2911,0.5);
#718=VECTOR('',#2914,0.5);
#719=VECTOR('',#2917,0.5);
#720=VECTOR('',#2920,0.5);
#721=VECTOR('',#2923,0.5);
#722=VECTOR('',#2926,0.5);
#723=VECTOR('',#2929,0.5);
#724=VECTOR('',#2932,0.5);
#725=VECTOR('',#2935,0.5);
#726=VECTOR('',#2938,0.5);
#727=VECTOR('',#2941,0.5);
#728=VECTOR('',#2944,0.5);
#729=VECTOR('',#2947,0.5);
#730=VECTOR('',#2950,0.5);
#731=VECTOR('',#2953,0.5);
#732=VECTOR('',#2956,0.5);
#733=VECTOR('',#2959,0.5);
#734=VECTOR('',#2962,0.5);
#735=VECTOR('',#2965,0.499999999999999);
#736=VECTOR('',#2968,0.5);
#737=VECTOR('',#2971,0.5);
#738=VECTOR('',#2974,0.5);
#739=VECTOR('',#2977,0.5);
#740=VECTOR('',#2980,0.499999999999999);
#741=VECTOR('',#2983,0.499999999999999);
#742=VECTOR('',#2986,0.5);
#743=VECTOR('',#2989,0.5);
#744=VECTOR('',#2992,0.499999999999999);
#745=VECTOR('',#2995,0.5);
#746=VECTOR('',#2998,0.5);
#747=VECTOR('',#3001,0.5);
#748=VECTOR('',#3004,0.5);
#749=VECTOR('',#3007,0.5);
#750=VECTOR('',#3010,0.5);
#751=VECTOR('',#3013,0.5);
#752=VECTOR('',#3016,0.5);
#753=VECTOR('',#3019,0.5);
#754=VECTOR('',#3022,0.5);
#755=VECTOR('',#3025,0.5);
#756=VECTOR('',#3032,27.5);
#757=VECTOR('',#3039,32.5);
#758=VECTOR('',#3056,43.57);
#759=VECTOR('',#3065,77.125);
#760=VECTOR('',#3074,36.07);
#761=CIRCLE('',#2145,2.25);
#762=CIRCLE('',#2146,2.25);
#763=CIRCLE('',#2148,2.25);
#764=CIRCLE('',#2149,2.25);
#765=CIRCLE('',#2151,2.25);
#766=CIRCLE('',#2152,2.25);
#767=CIRCLE('',#2154,2.25);
#768=CIRCLE('',#2155,2.25);
#769=CIRCLE('',#2157,2.25);
#770=CIRCLE('',#2158,2.25);
#771=CIRCLE('',#2160,2.25);
#772=CIRCLE('',#2161,2.25);
#773=CIRCLE('',#2163,2.25);
#774=CIRCLE('',#2164,2.25);
#775=CIRCLE('',#2166,2.25);
#776=CIRCLE('',#2167,2.25);
#777=CIRCLE('',#2169,35.);
#778=CIRCLE('',#2170,35.);
#779=CIRCLE('',#2172,41.);
#780=CIRCLE('',#2173,41.);
#781=CIRCLE('',#2177,35.);
#782=CIRCLE('',#2178,0.5);
#783=CIRCLE('',#2179,0.5);
#784=CIRCLE('',#2180,0.5);
#785=CIRCLE('',#2181,0.5);
#786=CIRCLE('',#2182,0.5);
#787=CIRCLE('',#2183,0.5);
#788=CIRCLE('',#2184,0.5);
#789=CIRCLE('',#2185,0.5);
#790=CIRCLE('',#2186,0.5);
#791=CIRCLE('',#2187,0.5);
#792=CIRCLE('',#2188,0.5);
#793=CIRCLE('',#2189,0.5);
#794=CIRCLE('',#2190,0.5);
#795=CIRCLE('',#2191,0.5);
#796=CIRCLE('',#2192,0.5);
#797=CIRCLE('',#2193,0.5);
#798=CIRCLE('',#2194,0.499999999999999);
#799=CIRCLE('',#2195,0.5);
#800=CIRCLE('',#2196,0.5);
#801=CIRCLE('',#2197,0.499999999999999);
#802=CIRCLE('',#2198,0.499999999999999);
#803=CIRCLE('',#2199,0.5);
#804=CIRCLE('',#2200,0.5);
#805=CIRCLE('',#2201,0.5);
#806=CIRCLE('',#2202,0.5);
#807=CIRCLE('',#2203,0.5);
#808=CIRCLE('',#2204,0.5);
#809=CIRCLE('',#2205,0.5);
#810=CIRCLE('',#2206,0.5);
#811=CIRCLE('',#2207,0.5);
#812=CIRCLE('',#2208,0.500000000000001);
#813=CIRCLE('',#2209,0.5);
#814=CIRCLE('',#2210,0.500000000000001);
#815=CIRCLE('',#2211,0.5);
#816=CIRCLE('',#2212,0.5);
#817=CIRCLE('',#2213,0.5);
#818=CIRCLE('',#2214,0.5);
#819=CIRCLE('',#2215,0.5);
#820=CIRCLE('',#2216,0.5);
#821=CIRCLE('',#2217,0.5);
#822=CIRCLE('',#2218,0.5);
#823=CIRCLE('',#2219,0.5);
#824=CIRCLE('',#2220,0.5);
#825=CIRCLE('',#2221,0.5);
#826=CIRCLE('',#2222,0.5);
#827=CIRCLE('',#2223,0.5);
#828=CIRCLE('',#2224,0.5);
#829=CIRCLE('',#2225,0.5);
#830=CIRCLE('',#2226,0.5);
#831=CIRCLE('',#2227,0.5);
#832=CIRCLE('',#2228,0.5);
#833=CIRCLE('',#2229,0.5);
#834=CIRCLE('',#2230,0.499999999999999);
#835=CIRCLE('',#2231,0.5);
#836=CIRCLE('',#2232,0.5);
#837=CIRCLE('',#2233,0.5);
#838=CIRCLE('',#2234,0.5);
#839=CIRCLE('',#2235,0.499999999999999);
#840=CIRCLE('',#2236,0.499999999999999);
#841=CIRCLE('',#2237,0.5);
#842=CIRCLE('',#2238,0.5);
#843=CIRCLE('',#2239,0.499999999999999);
#844=CIRCLE('',#2240,0.5);
#845=CIRCLE('',#2241,0.5);
#846=CIRCLE('',#2242,0.5);
#847=CIRCLE('',#2243,0.5);
#848=CIRCLE('',#2244,0.5);
#849=CIRCLE('',#2245,0.5);
#850=CIRCLE('',#2246,0.5);
#851=CIRCLE('',#2247,0.5);
#852=CIRCLE('',#2248,0.5);
#853=CIRCLE('',#2249,0.5);
#854=CIRCLE('',#2250,0.5);
#855=CIRCLE('',#2252,35.);
#856=CIRCLE('',#2253,0.5);
#857=CIRCLE('',#2254,0.5);
#858=CIRCLE('',#2255,0.5);
#859=CIRCLE('',#2256,0.5);
#860=CIRCLE('',#2257,0.5);
#861=CIRCLE('',#2258,0.5);
#862=CIRCLE('',#2259,0.5);
#863=CIRCLE('',#2260,0.5);
#864=CIRCLE('',#2261,0.5);
#865=CIRCLE('',#2262,0.5);
#866=CIRCLE('',#2263,0.5);
#867=CIRCLE('',#2264,0.5);
#868=CIRCLE('',#2265,0.5);
#869=CIRCLE('',#2266,0.5);
#870=CIRCLE('',#2267,0.5);
#871=CIRCLE('',#2268,0.5);
#872=CIRCLE('',#2269,0.499999999999999);
#873=CIRCLE('',#2270,0.5);
#874=CIRCLE('',#2271,0.5);
#875=CIRCLE('',#2272,0.499999999999999);
#876=CIRCLE('',#2273,0.499999999999999);
#877=CIRCLE('',#2274,0.5);
#878=CIRCLE('',#2275,0.5);
#879=CIRCLE('',#2276,0.5);
#880=CIRCLE('',#2277,0.5);
#881=CIRCLE('',#2278,0.5);
#882=CIRCLE('',#2279,0.5);
#883=CIRCLE('',#2280,0.5);
#884=CIRCLE('',#2281,0.5);
#885=CIRCLE('',#2282,0.5);
#886=CIRCLE('',#2283,0.500000000000001);
#887=CIRCLE('',#2284,0.5);
#888=CIRCLE('',#2285,0.500000000000001);
#889=CIRCLE('',#2286,0.5);
#890=CIRCLE('',#2287,0.5);
#891=CIRCLE('',#2288,0.5);
#892=CIRCLE('',#2289,0.5);
#893=CIRCLE('',#2290,0.5);
#894=CIRCLE('',#2291,0.5);
#895=CIRCLE('',#2292,0.5);
#896=CIRCLE('',#2293,0.5);
#897=CIRCLE('',#2294,0.5);
#898=CIRCLE('',#2295,0.5);
#899=CIRCLE('',#2296,0.5);
#900=CIRCLE('',#2297,0.5);
#901=CIRCLE('',#2298,0.5);
#902=CIRCLE('',#2299,0.5);
#903=CIRCLE('',#2300,0.5);
#904=CIRCLE('',#2301,0.5);
#905=CIRCLE('',#2302,0.5);
#906=CIRCLE('',#2303,0.5);
#907=CIRCLE('',#2304,0.5);
#908=CIRCLE('',#2305,0.499999999999999);
#909=CIRCLE('',#2306,0.5);
#910=CIRCLE('',#2307,0.5);
#911=CIRCLE('',#2308,0.5);
#912=CIRCLE('',#2309,0.5);
#913=CIRCLE('',#2310,0.499999999999999);
#914=CIRCLE('',#2311,0.499999999999999);
#915=CIRCLE('',#2312,0.5);
#916=CIRCLE('',#2313,0.5);
#917=CIRCLE('',#2314,0.499999999999999);
#918=CIRCLE('',#2315,0.5);
#919=CIRCLE('',#2316,0.5);
#920=CIRCLE('',#2317,0.5);
#921=CIRCLE('',#2318,0.5);
#922=CIRCLE('',#2319,0.5);
#923=CIRCLE('',#2320,0.5);
#924=CIRCLE('',#2321,0.5);
#925=CIRCLE('',#2322,0.5);
#926=CIRCLE('',#2323,0.5);
#927=CIRCLE('',#2324,0.5);
#928=CIRCLE('',#2325,0.5);
#929=CIRCLE('',#2402,27.5);
#930=CIRCLE('',#2403,27.5);
#931=CIRCLE('',#2405,32.5);
#932=CIRCLE('',#2406,32.5);
#933=CIRCLE('',#2411,32.5);
#934=CIRCLE('',#2413,54.64);
#935=CIRCLE('',#2415,77.125);
#936=CIRCLE('',#2417,77.125);
#937=CIRCLE('',#2419,44.64);
#938=CIRCLE('',#2421,27.5);
#939=VERTEX_POINT('',#3086);
#940=VERTEX_POINT('',#3088);
#941=VERTEX_POINT('',#3092);
#942=VERTEX_POINT('',#3094);
#943=VERTEX_POINT('',#3098);
#944=VERTEX_POINT('',#3100);
#945=VERTEX_POINT('',#3104);
#946=VERTEX_POINT('',#3106);
#947=VERTEX_POINT('',#3110);
#948=VERTEX_POINT('',#3112);
#949=VERTEX_POINT('',#3116);
#950=VERTEX_POINT('',#3118);
#951=VERTEX_POINT('',#3122);
#952=VERTEX_POINT('',#3124);
#953=VERTEX_POINT('',#3128);
#954=VERTEX_POINT('',#3130);
#955=VERTEX_POINT('',#3134);
#956=VERTEX_POINT('',#3136);
#957=VERTEX_POINT('',#3140);
#958=VERTEX_POINT('',#3142);
#959=VERTEX_POINT('',#3148);
#960=VERTEX_POINT('',#3150);
#961=VERTEX_POINT('',#3152);
#962=VERTEX_POINT('',#3154);
#963=VERTEX_POINT('',#3156);
#964=VERTEX_POINT('',#3158);
#965=VERTEX_POINT('',#3160);
#966=VERTEX_POINT('',#3162);
#967=VERTEX_POINT('',#3164);
#968=VERTEX_POINT('',#3166);
#969=VERTEX_POINT('',#3168);
#970=VERTEX_POINT('',#3170);
#971=VERTEX_POINT('',#3172);
#972=VERTEX_POINT('',#3174);
#973=VERTEX_POINT('',#3176);
#974=VERTEX_POINT('',#3178);
#975=VERTEX_POINT('',#3180);
#976=VERTEX_POINT('',#3182);
#977=VERTEX_POINT('',#3184);
#978=VERTEX_POINT('',#3186);
#979=VERTEX_POINT('',#3188);
#980=VERTEX_POINT('',#3190);
#981=VERTEX_POINT('',#3192);
#982=VERTEX_POINT('',#3194);
#983=VERTEX_POINT('',#3196);
#984=VERTEX_POINT('',#3198);
#985=VERTEX_POINT('',#3200);
#986=VERTEX_POINT('',#3202);
#987=VERTEX_POINT('',#3204);
#988=VERTEX_POINT('',#3206);
#989=VERTEX_POINT('',#3208);
#990=VERTEX_POINT('',#3210);
#991=VERTEX_POINT('',#3212);
#992=VERTEX_POINT('',#3214);
#993=VERTEX_POINT('',#3216);
#994=VERTEX_POINT('',#3218);
#995=VERTEX_POINT('',#3220);
#996=VERTEX_POINT('',#3222);
#997=VERTEX_POINT('',#3224);
#998=VERTEX_POINT('',#3226);
#999=VERTEX_POINT('',#3228);
#1000=VERTEX_POINT('',#3230);
#1001=VERTEX_POINT('',#3232);
#1002=VERTEX_POINT('',#3234);
#1003=VERTEX_POINT('',#3236);
#1004=VERTEX_POINT('',#3238);
#1005=VERTEX_POINT('',#3240);
#1006=VERTEX_POINT('',#3242);
#1007=VERTEX_POINT('',#3244);
#1008=VERTEX_POINT('',#3246);
#1009=VERTEX_POINT('',#3248);
#1010=VERTEX_POINT('',#3250);
#1011=VERTEX_POINT('',#3252);
#1012=VERTEX_POINT('',#3254);
#1013=VERTEX_POINT('',#3256);
#1014=VERTEX_POINT('',#3258);
#1015=VERTEX_POINT('',#3260);
#1016=VERTEX_POINT('',#3262);
#1017=VERTEX_POINT('',#3264);
#1018=VERTEX_POINT('',#3266);
#1019=VERTEX_POINT('',#3268);
#1020=VERTEX_POINT('',#3270);
#1021=VERTEX_POINT('',#3272);
#1022=VERTEX_POINT('',#3274);
#1023=VERTEX_POINT('',#3276);
#1024=VERTEX_POINT('',#3278);
#1025=VERTEX_POINT('',#3280);
#1026=VERTEX_POINT('',#3282);
#1027=VERTEX_POINT('',#3284);
#1028=VERTEX_POINT('',#3286);
#1029=VERTEX_POINT('',#3288);
#1030=VERTEX_POINT('',#3290);
#1031=VERTEX_POINT('',#3292);
#1032=VERTEX_POINT('',#3294);
#1033=VERTEX_POINT('',#3297);
#1034=VERTEX_POINT('',#3299);
#1035=VERTEX_POINT('',#3301);
#1036=VERTEX_POINT('',#3303);
#1037=VERTEX_POINT('',#3305);
#1038=VERTEX_POINT('',#3307);
#1039=VERTEX_POINT('',#3309);
#1040=VERTEX_POINT('',#3311);
#1041=VERTEX_POINT('',#3313);
#1042=VERTEX_POINT('',#3315);
#1043=VERTEX_POINT('',#3317);
#1044=VERTEX_POINT('',#3319);
#1045=VERTEX_POINT('',#3321);
#1046=VERTEX_POINT('',#3323);
#1047=VERTEX_POINT('',#3325);
#1048=VERTEX_POINT('',#3327);
#1049=VERTEX_POINT('',#3329);
#1050=VERTEX_POINT('',#3331);
#1051=VERTEX_POINT('',#3333);
#1052=VERTEX_POINT('',#3335);
#1053=VERTEX_POINT('',#3337);
#1054=VERTEX_POINT('',#3339);
#1055=VERTEX_POINT('',#3341);
#1056=VERTEX_POINT('',#3343);
#1057=VERTEX_POINT('',#3345);
#1058=VERTEX_POINT('',#3347);
#1059=VERTEX_POINT('',#3349);
#1060=VERTEX_POINT('',#3351);
#1061=VERTEX_POINT('',#3353);
#1062=VERTEX_POINT('',#3355);
#1063=VERTEX_POINT('',#3357);
#1064=VERTEX_POINT('',#3359);
#1065=VERTEX_POINT('',#3361);
#1066=VERTEX_POINT('',#3363);
#1067=VERTEX_POINT('',#3365);
#1068=VERTEX_POINT('',#3367);
#1069=VERTEX_POINT('',#3369);
#1070=VERTEX_POINT('',#3371);
#1071=VERTEX_POINT('',#3373);
#1072=VERTEX_POINT('',#3375);
#1073=VERTEX_POINT('',#3377);
#1074=VERTEX_POINT('',#3379);
#1075=VERTEX_POINT('',#3381);
#1076=VERTEX_POINT('',#3383);
#1077=VERTEX_POINT('',#3385);
#1078=VERTEX_POINT('',#3387);
#1079=VERTEX_POINT('',#3389);
#1080=VERTEX_POINT('',#3391);
#1081=VERTEX_POINT('',#3393);
#1082=VERTEX_POINT('',#3395);
#1083=VERTEX_POINT('',#3397);
#1084=VERTEX_POINT('',#3399);
#1085=VERTEX_POINT('',#3401);
#1086=VERTEX_POINT('',#3403);
#1087=VERTEX_POINT('',#3405);
#1088=VERTEX_POINT('',#3407);
#1089=VERTEX_POINT('',#3409);
#1090=VERTEX_POINT('',#3411);
#1091=VERTEX_POINT('',#3413);
#1092=VERTEX_POINT('',#3415);
#1093=VERTEX_POINT('',#3417);
#1094=VERTEX_POINT('',#3419);
#1095=VERTEX_POINT('',#3421);
#1096=VERTEX_POINT('',#3423);
#1097=VERTEX_POINT('',#3425);
#1098=VERTEX_POINT('',#3427);
#1099=VERTEX_POINT('',#3429);
#1100=VERTEX_POINT('',#3431);
#1101=VERTEX_POINT('',#3433);
#1102=VERTEX_POINT('',#3435);
#1103=VERTEX_POINT('',#3437);
#1104=VERTEX_POINT('',#3439);
#1105=VERTEX_POINT('',#3441);
#1106=VERTEX_POINT('',#3443);
#1107=VERTEX_POINT('',#3595);
#1108=VERTEX_POINT('',#3597);
#1109=VERTEX_POINT('',#3601);
#1110=VERTEX_POINT('',#3603);
#1111=VERTEX_POINT('',#3610);
#1112=VERTEX_POINT('',#3613);
#1113=VERTEX_POINT('',#3617);
#1114=VERTEX_POINT('',#3620);
#1115=VERTEX_POINT('',#3624);
#1116=VERTEX_POINT('',#3627);
#1117=EDGE_CURVE('',#939,#939,#761,.T.);
#1118=EDGE_CURVE('',#939,#940,#583,.T.);
#1119=EDGE_CURVE('',#940,#940,#762,.T.);
#1120=EDGE_CURVE('',#941,#941,#763,.T.);
#1121=EDGE_CURVE('',#941,#942,#584,.T.);
#1122=EDGE_CURVE('',#942,#942,#764,.T.);
#1123=EDGE_CURVE('',#943,#943,#765,.T.);
#1124=EDGE_CURVE('',#943,#944,#585,.T.);
#1125=EDGE_CURVE('',#944,#944,#766,.T.);
#1126=EDGE_CURVE('',#945,#945,#767,.T.);
#1127=EDGE_CURVE('',#945,#946,#586,.T.);
#1128=EDGE_CURVE('',#946,#946,#768,.T.);
#1129=EDGE_CURVE('',#947,#947,#769,.T.);
#1130=EDGE_CURVE('',#947,#948,#587,.T.);
#1131=EDGE_CURVE('',#948,#948,#770,.T.);
#1132=EDGE_CURVE('',#949,#949,#771,.T.);
#1133=EDGE_CURVE('',#949,#950,#588,.T.);
#1134=EDGE_CURVE('',#950,#950,#772,.T.);
#1135=EDGE_CURVE('',#951,#951,#773,.T.);
#1136=EDGE_CURVE('',#951,#952,#589,.T.);
#1137=EDGE_CURVE('',#952,#952,#774,.T.);
#1138=EDGE_CURVE('',#953,#953,#775,.T.);
#1139=EDGE_CURVE('',#953,#954,#590,.T.);
#1140=EDGE_CURVE('',#954,#954,#776,.T.);
#1141=EDGE_CURVE('',#955,#955,#777,.T.);
#1142=EDGE_CURVE('',#955,#956,#591,.T.);
#1143=EDGE_CURVE('',#956,#956,#778,.T.);
#1144=EDGE_CURVE('',#957,#957,#779,.T.);
#1145=EDGE_CURVE('',#957,#958,#592,.T.);
#1146=EDGE_CURVE('',#958,#958,#780,.T.);
#1147=EDGE_CURVE('',#959,#959,#781,.T.);
#1148=EDGE_CURVE('',#960,#960,#782,.T.);
#1149=EDGE_CURVE('',#961,#961,#783,.T.);
#1150=EDGE_CURVE('',#962,#962,#784,.T.);
#1151=EDGE_CURVE('',#963,#963,#785,.T.);
#1152=EDGE_CURVE('',#964,#964,#786,.T.);
#1153=EDGE_CURVE('',#965,#965,#787,.T.);
#1154=EDGE_CURVE('',#966,#966,#788,.T.);
#1155=EDGE_CURVE('',#967,#967,#789,.T.);
#1156=EDGE_CURVE('',#968,#968,#790,.T.);
#1157=EDGE_CURVE('',#969,#969,#791,.T.);
#1158=EDGE_CURVE('',#970,#970,#792,.T.);
#1159=EDGE_CURVE('',#971,#971,#793,.T.);
#1160=EDGE_CURVE('',#972,#972,#794,.T.);
#1161=EDGE_CURVE('',#973,#973,#795,.T.);
#1162=EDGE_CURVE('',#974,#974,#796,.T.);
#1163=EDGE_CURVE('',#975,#975,#797,.T.);
#1164=EDGE_CURVE('',#976,#976,#798,.T.);
#1165=EDGE_CURVE('',#977,#977,#799,.T.);
#1166=EDGE_CURVE('',#978,#978,#800,.T.);
#1167=EDGE_CURVE('',#979,#979,#801,.T.);
#1168=EDGE_CURVE('',#980,#980,#802,.T.);
#1169=EDGE_CURVE('',#981,#981,#803,.T.);
#1170=EDGE_CURVE('',#982,#982,#804,.T.);
#1171=EDGE_CURVE('',#983,#983,#805,.T.);
#1172=EDGE_CURVE('',#984,#984,#806,.T.);
#1173=EDGE_CURVE('',#985,#985,#807,.T.);
#1174=EDGE_CURVE('',#986,#986,#808,.T.);
#1175=EDGE_CURVE('',#987,#987,#809,.T.);
#1176=EDGE_CURVE('',#988,#988,#810,.T.);
#1177=EDGE_CURVE('',#989,#989,#811,.T.);
#1178=EDGE_CURVE('',#990,#990,#812,.T.);
#1179=EDGE_CURVE('',#991,#991,#813,.T.);
#1180=EDGE_CURVE('',#992,#992,#814,.T.);
#1181=EDGE_CURVE('',#993,#993,#815,.T.);
#1182=EDGE_CURVE('',#994,#994,#816,.T.);
#1183=EDGE_CURVE('',#995,#995,#817,.T.);
#1184=EDGE_CURVE('',#996,#996,#818,.T.);
#1185=EDGE_CURVE('',#997,#997,#819,.T.);
#1186=EDGE_CURVE('',#998,#998,#820,.T.);
#1187=EDGE_CURVE('',#999,#999,#821,.T.);
#1188=EDGE_CURVE('',#1000,#1000,#822,.T.);
#1189=EDGE_CURVE('',#1001,#1001,#823,.T.);
#1190=EDGE_CURVE('',#1002,#1002,#824,.T.);
#1191=EDGE_CURVE('',#1003,#1003,#825,.T.);
#1192=EDGE_CURVE('',#1004,#1004,#826,.T.);
#1193=EDGE_CURVE('',#1005,#1005,#827,.T.);
#1194=EDGE_CURVE('',#1006,#1006,#828,.T.);
#1195=EDGE_CURVE('',#1007,#1007,#829,.T.);
#1196=EDGE_CURVE('',#1008,#1008,#830,.T.);
#1197=EDGE_CURVE('',#1009,#1009,#831,.T.);
#1198=EDGE_CURVE('',#1010,#1010,#832,.T.);
#1199=EDGE_CURVE('',#1011,#1011,#833,.T.);
#1200=EDGE_CURVE('',#1012,#1012,#834,.T.);
#1201=EDGE_CURVE('',#1013,#1013,#835,.T.);
#1202=EDGE_CURVE('',#1014,#1014,#836,.T.);
#1203=EDGE_CURVE('',#1015,#1015,#837,.T.);
#1204=EDGE_CURVE('',#1016,#1016,#838,.T.);
#1205=EDGE_CURVE('',#1017,#1017,#839,.T.);
#1206=EDGE_CURVE('',#1018,#1018,#840,.T.);
#1207=EDGE_CURVE('',#1019,#1019,#841,.T.);
#1208=EDGE_CURVE('',#1020,#1020,#842,.T.);
#1209=EDGE_CURVE('',#1021,#1021,#843,.T.);
#1210=EDGE_CURVE('',#1022,#1022,#844,.T.);
#1211=EDGE_CURVE('',#1023,#1023,#845,.T.);
#1212=EDGE_CURVE('',#1024,#1024,#846,.T.);
#1213=EDGE_CURVE('',#1025,#1025,#847,.T.);
#1214=EDGE_CURVE('',#1026,#1026,#848,.T.);
#1215=EDGE_CURVE('',#1027,#1027,#849,.T.);
#1216=EDGE_CURVE('',#1028,#1028,#850,.T.);
#1217=EDGE_CURVE('',#1029,#1029,#851,.T.);
#1218=EDGE_CURVE('',#1030,#1030,#852,.T.);
#1219=EDGE_CURVE('',#1031,#1031,#853,.T.);
#1220=EDGE_CURVE('',#1032,#1032,#854,.T.);
#1221=EDGE_CURVE('',#1033,#1033,#855,.T.);
#1222=EDGE_CURVE('',#1034,#1034,#856,.T.);
#1223=EDGE_CURVE('',#1035,#1035,#857,.T.);
#1224=EDGE_CURVE('',#1036,#1036,#858,.T.);
#1225=EDGE_CURVE('',#1037,#1037,#859,.T.);
#1226=EDGE_CURVE('',#1038,#1038,#860,.T.);
#1227=EDGE_CURVE('',#1039,#1039,#861,.T.);
#1228=EDGE_CURVE('',#1040,#1040,#862,.T.);
#1229=EDGE_CURVE('',#1041,#1041,#863,.T.);
#1230=EDGE_CURVE('',#1042,#1042,#864,.T.);
#1231=EDGE_CURVE('',#1043,#1043,#865,.T.);
#1232=EDGE_CURVE('',#1044,#1044,#866,.T.);
#1233=EDGE_CURVE('',#1045,#1045,#867,.T.);
#1234=EDGE_CURVE('',#1046,#1046,#868,.T.);
#1235=EDGE_CURVE('',#1047,#1047,#869,.T.);
#1236=EDGE_CURVE('',#1048,#1048,#870,.T.);
#1237=EDGE_CURVE('',#1049,#1049,#871,.T.);
#1238=EDGE_CURVE('',#1050,#1050,#872,.T.);
#1239=EDGE_CURVE('',#1051,#1051,#873,.T.);
#1240=EDGE_CURVE('',#1052,#1052,#874,.T.);
#1241=EDGE_CURVE('',#1053,#1053,#875,.T.);
#1242=EDGE_CURVE('',#1054,#1054,#876,.T.);
#1243=EDGE_CURVE('',#1055,#1055,#877,.T.);
#1244=EDGE_CURVE('',#1056,#1056,#878,.T.);
#1245=EDGE_CURVE('',#1057,#1057,#879,.T.);
#1246=EDGE_CURVE('',#1058,#1058,#880,.T.);
#1247=EDGE_CURVE('',#1059,#1059,#881,.T.);
#1248=EDGE_CURVE('',#1060,#1060,#882,.T.);
#1249=EDGE_CURVE('',#1061,#1061,#883,.T.);
#1250=EDGE_CURVE('',#1062,#1062,#884,.T.);
#1251=EDGE_CURVE('',#1063,#1063,#885,.T.);
#1252=EDGE_CURVE('',#1064,#1064,#886,.T.);
#1253=EDGE_CURVE('',#1065,#1065,#887,.T.);
#1254=EDGE_CURVE('',#1066,#1066,#888,.T.);
#1255=EDGE_CURVE('',#1067,#1067,#889,.T.);
#1256=EDGE_CURVE('',#1068,#1068,#890,.T.);
#1257=EDGE_CURVE('',#1069,#1069,#891,.T.);
#1258=EDGE_CURVE('',#1070,#1070,#892,.T.);
#1259=EDGE_CURVE('',#1071,#1071,#893,.T.);
#1260=EDGE_CURVE('',#1072,#1072,#894,.T.);
#1261=EDGE_CURVE('',#1073,#1073,#895,.T.);
#1262=EDGE_CURVE('',#1074,#1074,#896,.T.);
#1263=EDGE_CURVE('',#1075,#1075,#897,.T.);
#1264=EDGE_CURVE('',#1076,#1076,#898,.T.);
#1265=EDGE_CURVE('',#1077,#1077,#899,.T.);
#1266=EDGE_CURVE('',#1078,#1078,#900,.T.);
#1267=EDGE_CURVE('',#1079,#1079,#901,.T.);
#1268=EDGE_CURVE('',#1080,#1080,#902,.T.);
#1269=EDGE_CURVE('',#1081,#1081,#903,.T.);
#1270=EDGE_CURVE('',#1082,#1082,#904,.T.);
#1271=EDGE_CURVE('',#1083,#1083,#905,.T.);
#1272=EDGE_CURVE('',#1084,#1084,#906,.T.);
#1273=EDGE_CURVE('',#1085,#1085,#907,.T.);
#1274=EDGE_CURVE('',#1086,#1086,#908,.T.);
#1275=EDGE_CURVE('',#1087,#1087,#909,.T.);
#1276=EDGE_CURVE('',#1088,#1088,#910,.T.);
#1277=EDGE_CURVE('',#1089,#1089,#911,.T.);
#1278=EDGE_CURVE('',#1090,#1090,#912,.T.);
#1279=EDGE_CURVE('',#1091,#1091,#913,.T.);
#1280=EDGE_CURVE('',#1092,#1092,#914,.T.);
#1281=EDGE_CURVE('',#1093,#1093,#915,.T.);
#1282=EDGE_CURVE('',#1094,#1094,#916,.T.);
#1283=EDGE_CURVE('',#1095,#1095,#917,.T.);
#1284=EDGE_CURVE('',#1096,#1096,#918,.T.);
#1285=EDGE_CURVE('',#1097,#1097,#919,.T.);
#1286=EDGE_CURVE('',#1098,#1098,#920,.T.);
#1287=EDGE_CURVE('',#1099,#1099,#921,.T.);
#1288=EDGE_CURVE('',#1100,#1100,#922,.T.);
#1289=EDGE_CURVE('',#1101,#1101,#923,.T.);
#1290=EDGE_CURVE('',#1102,#1102,#924,.T.);
#1291=EDGE_CURVE('',#1103,#1103,#925,.T.);
#1292=EDGE_CURVE('',#1104,#1104,#926,.T.);
#1293=EDGE_CURVE('',#1105,#1105,#927,.T.);
#1294=EDGE_CURVE('',#1106,#1106,#928,.T.);
#1295=EDGE_CURVE('',#1033,#959,#593,.T.);
#1296=EDGE_CURVE('',#1034,#960,#594,.T.);
#1297=EDGE_CURVE('',#1035,#961,#595,.T.);
#1298=EDGE_CURVE('',#1036,#962,#596,.T.);
#1299=EDGE_CURVE('',#1037,#963,#597,.T.);
#1300=EDGE_CURVE('',#1038,#964,#598,.T.);
#1301=EDGE_CURVE('',#1039,#965,#599,.T.);
#1302=EDGE_CURVE('',#1040,#966,#600,.T.);
#1303=EDGE_CURVE('',#1041,#967,#601,.T.);
#1304=EDGE_CURVE('',#1042,#968,#602,.T.);
#1305=EDGE_CURVE('',#1043,#969,#603,.T.);
#1306=EDGE_CURVE('',#1044,#970,#604,.T.);
#1307=EDGE_CURVE('',#1045,#971,#605,.T.);
#1308=EDGE_CURVE('',#1046,#972,#606,.T.);
#1309=EDGE_CURVE('',#1047,#973,#607,.T.);
#1310=EDGE_CURVE('',#1048,#974,#608,.T.);
#1311=EDGE_CURVE('',#1049,#975,#609,.T.);
#1312=EDGE_CURVE('',#1050,#976,#610,.T.);
#1313=EDGE_CURVE('',#1051,#977,#611,.T.);
#1314=EDGE_CURVE('',#1052,#978,#612,.T.);
#1315=EDGE_CURVE('',#1053,#979,#613,.T.);
#1316=EDGE_CURVE('',#1054,#980,#614,.T.);
#1317=EDGE_CURVE('',#1055,#981,#615,.T.);
#1318=EDGE_CURVE('',#1056,#982,#616,.T.);
#1319=EDGE_CURVE('',#1057,#983,#617,.T.);
#1320=EDGE_CURVE('',#1058,#984,#618,.T.);
#1321=EDGE_CURVE('',#1059,#985,#619,.T.);
#1322=EDGE_CURVE('',#1060,#986,#620,.T.);
#1323=EDGE_CURVE('',#1061,#987,#621,.T.);
#1324=EDGE_CURVE('',#1062,#988,#622,.T.);
#1325=EDGE_CURVE('',#1063,#989,#623,.T.);
#1326=EDGE_CURVE('',#1064,#990,#624,.T.);
#1327=EDGE_CURVE('',#1065,#991,#625,.T.);
#1328=EDGE_CURVE('',#1066,#992,#626,.T.);
#1329=EDGE_CURVE('',#1067,#993,#627,.T.);
#1330=EDGE_CURVE('',#1068,#994,#628,.T.);
#1331=EDGE_CURVE('',#1069,#995,#629,.T.);
#1332=EDGE_CURVE('',#1070,#996,#630,.T.);
#1333=EDGE_CURVE('',#1071,#997,#631,.T.);
#1334=EDGE_CURVE('',#1072,#998,#632,.T.);
#1335=EDGE_CURVE('',#1073,#999,#633,.T.);
#1336=EDGE_CURVE('',#1074,#1000,#634,.T.);
#1337=EDGE_CURVE('',#1075,#1001,#635,.T.);
#1338=EDGE_CURVE('',#1076,#1002,#636,.T.);
#1339=EDGE_CURVE('',#1077,#1003,#637,.T.);
#1340=EDGE_CURVE('',#1078,#1004,#638,.T.);
#1341=EDGE_CURVE('',#1079,#1005,#639,.T.);
#1342=EDGE_CURVE('',#1080,#1006,#640,.T.);
#1343=EDGE_CURVE('',#1081,#1007,#641,.T.);
#1344=EDGE_CURVE('',#1082,#1008,#642,.T.);
#1345=EDGE_CURVE('',#1083,#1009,#643,.T.);
#1346=EDGE_CURVE('',#1084,#1010,#644,.T.);
#1347=EDGE_CURVE('',#1085,#1011,#645,.T.);
#1348=EDGE_CURVE('',#1086,#1012,#646,.T.);
#1349=EDGE_CURVE('',#1087,#1013,#647,.T.);
#1350=EDGE_CURVE('',#1088,#1014,#648,.T.);
#1351=EDGE_CURVE('',#1089,#1015,#649,.T.);
#1352=EDGE_CURVE('',#1090,#1016,#650,.T.);
#1353=EDGE_CURVE('',#1091,#1017,#651,.T.);
#1354=EDGE_CURVE('',#1092,#1018,#652,.T.);
#1355=EDGE_CURVE('',#1093,#1019,#653,.T.);
#1356=EDGE_CURVE('',#1094,#1020,#654,.T.);
#1357=EDGE_CURVE('',#1095,#1021,#655,.T.);
#1358=EDGE_CURVE('',#1096,#1022,#656,.T.);
#1359=EDGE_CURVE('',#1097,#1023,#657,.T.);
#1360=EDGE_CURVE('',#1098,#1024,#658,.T.);
#1361=EDGE_CURVE('',#1099,#1025,#659,.T.);
#1362=EDGE_CURVE('',#1100,#1026,#660,.T.);
#1363=EDGE_CURVE('',#1101,#1027,#661,.T.);
#1364=EDGE_CURVE('',#1102,#1028,#662,.T.);
#1365=EDGE_CURVE('',#1103,#1029,#663,.T.);
#1366=EDGE_CURVE('',#1104,#1030,#664,.T.);
#1367=EDGE_CURVE('',#1105,#1031,#665,.T.);
#1368=EDGE_CURVE('',#1106,#1032,#666,.T.);
#1369=EDGE_CURVE('',#1107,#1107,#929,.T.);
#1370=EDGE_CURVE('',#1107,#1108,#667,.T.);
#1371=EDGE_CURVE('',#1108,#1108,#930,.T.);
#1372=EDGE_CURVE('',#1109,#1109,#931,.T.);
#1373=EDGE_CURVE('',#1109,#1110,#668,.T.);
#1374=EDGE_CURVE('',#1110,#1110,#932,.T.);
#1375=EDGE_CURVE('',#1111,#1111,#933,.T.);
#1376=EDGE_CURVE('',#1112,#1112,#934,.T.);
#1377=EDGE_CURVE('',#1112,#1111,#669,.T.);
#1378=EDGE_CURVE('',#1113,#1113,#935,.T.);
#1379=EDGE_CURVE('',#1114,#1114,#936,.T.);
#1380=EDGE_CURVE('',#1114,#1113,#670,.T.);
#1381=EDGE_CURVE('',#1115,#1115,#937,.T.);
#1382=EDGE_CURVE('',#1116,#1116,#938,.T.);
#1383=EDGE_CURVE('',#1116,#1115,#671,.T.);
#1384=ORIENTED_EDGE('',*,*,#1117,.F.);
#1385=ORIENTED_EDGE('',*,*,#1118,.T.);
#1386=ORIENTED_EDGE('',*,*,#1119,.F.);
#1387=ORIENTED_EDGE('',*,*,#1118,.F.);
#1388=ORIENTED_EDGE('',*,*,#1120,.F.);
#1389=ORIENTED_EDGE('',*,*,#1121,.T.);
#1390=ORIENTED_EDGE('',*,*,#1122,.F.);
#1391=ORIENTED_EDGE('',*,*,#1121,.F.);
#1392=ORIENTED_EDGE('',*,*,#1123,.F.);
#1393=ORIENTED_EDGE('',*,*,#1124,.T.);
#1394=ORIENTED_EDGE('',*,*,#1125,.F.);
#1395=ORIENTED_EDGE('',*,*,#1124,.F.);
#1396=ORIENTED_EDGE('',*,*,#1126,.F.);
#1397=ORIENTED_EDGE('',*,*,#1127,.T.);
#1398=ORIENTED_EDGE('',*,*,#1128,.F.);
#1399=ORIENTED_EDGE('',*,*,#1127,.F.);
#1400=ORIENTED_EDGE('',*,*,#1129,.F.);
#1401=ORIENTED_EDGE('',*,*,#1130,.T.);
#1402=ORIENTED_EDGE('',*,*,#1131,.F.);
#1403=ORIENTED_EDGE('',*,*,#1130,.F.);
#1404=ORIENTED_EDGE('',*,*,#1132,.F.);
#1405=ORIENTED_EDGE('',*,*,#1133,.T.);
#1406=ORIENTED_EDGE('',*,*,#1134,.F.);
#1407=ORIENTED_EDGE('',*,*,#1133,.F.);
#1408=ORIENTED_EDGE('',*,*,#1135,.F.);
#1409=ORIENTED_EDGE('',*,*,#1136,.T.);
#1410=ORIENTED_EDGE('',*,*,#1137,.F.);
#1411=ORIENTED_EDGE('',*,*,#1136,.F.);
#1412=ORIENTED_EDGE('',*,*,#1138,.F.);
#1413=ORIENTED_EDGE('',*,*,#1139,.T.);
#1414=ORIENTED_EDGE('',*,*,#1140,.F.);
#1415=ORIENTED_EDGE('',*,*,#1139,.F.);
#1416=ORIENTED_EDGE('',*,*,#1141,.F.);
#1417=ORIENTED_EDGE('',*,*,#1142,.T.);
#1418=ORIENTED_EDGE('',*,*,#1143,.F.);
#1419=ORIENTED_EDGE('',*,*,#1142,.F.);
#1420=ORIENTED_EDGE('',*,*,#1144,.F.);
#1421=ORIENTED_EDGE('',*,*,#1145,.T.);
#1422=ORIENTED_EDGE('',*,*,#1146,.T.);
#1423=ORIENTED_EDGE('',*,*,#1145,.F.);
#1424=ORIENTED_EDGE('',*,*,#1144,.T.);
#1425=ORIENTED_EDGE('',*,*,#1141,.T.);
#1426=ORIENTED_EDGE('',*,*,#1138,.T.);
#1427=ORIENTED_EDGE('',*,*,#1135,.T.);
#1428=ORIENTED_EDGE('',*,*,#1132,.T.);
#1429=ORIENTED_EDGE('',*,*,#1129,.T.);
#1430=ORIENTED_EDGE('',*,*,#1126,.T.);
#1431=ORIENTED_EDGE('',*,*,#1123,.T.);
#1432=ORIENTED_EDGE('',*,*,#1120,.T.);
#1433=ORIENTED_EDGE('',*,*,#1117,.T.);
#1434=ORIENTED_EDGE('',*,*,#1146,.F.);
#1435=ORIENTED_EDGE('',*,*,#1143,.T.);
#1436=ORIENTED_EDGE('',*,*,#1140,.T.);
#1437=ORIENTED_EDGE('',*,*,#1137,.T.);
#1438=ORIENTED_EDGE('',*,*,#1134,.T.);
#1439=ORIENTED_EDGE('',*,*,#1131,.T.);
#1440=ORIENTED_EDGE('',*,*,#1128,.T.);
#1441=ORIENTED_EDGE('',*,*,#1125,.T.);
#1442=ORIENTED_EDGE('',*,*,#1122,.T.);
#1443=ORIENTED_EDGE('',*,*,#1119,.T.);
#1444=ORIENTED_EDGE('',*,*,#1147,.F.);
#1445=ORIENTED_EDGE('',*,*,#1148,.T.);
#1446=ORIENTED_EDGE('',*,*,#1149,.T.);
#1447=ORIENTED_EDGE('',*,*,#1150,.T.);
#1448=ORIENTED_EDGE('',*,*,#1151,.T.);
#1449=ORIENTED_EDGE('',*,*,#1152,.T.);
#1450=ORIENTED_EDGE('',*,*,#1153,.T.);
#1451=ORIENTED_EDGE('',*,*,#1154,.T.);
#1452=ORIENTED_EDGE('',*,*,#1155,.T.);
#1453=ORIENTED_EDGE('',*,*,#1156,.T.);
#1454=ORIENTED_EDGE('',*,*,#1157,.T.);
#1455=ORIENTED_EDGE('',*,*,#1158,.T.);
#1456=ORIENTED_EDGE('',*,*,#1159,.T.);
#1457=ORIENTED_EDGE('',*,*,#1160,.T.);
#1458=ORIENTED_EDGE('',*,*,#1161,.T.);
#1459=ORIENTED_EDGE('',*,*,#1162,.T.);
#1460=ORIENTED_EDGE('',*,*,#1163,.T.);
#1461=ORIENTED_EDGE('',*,*,#1164,.T.);
#1462=ORIENTED_EDGE('',*,*,#1165,.T.);
#1463=ORIENTED_EDGE('',*,*,#1166,.T.);
#1464=ORIENTED_EDGE('',*,*,#1167,.T.);
#1465=ORIENTED_EDGE('',*,*,#1168,.T.);
#1466=ORIENTED_EDGE('',*,*,#1169,.T.);
#1467=ORIENTED_EDGE('',*,*,#1170,.T.);
#1468=ORIENTED_EDGE('',*,*,#1171,.T.);
#1469=ORIENTED_EDGE('',*,*,#1172,.T.);
#1470=ORIENTED_EDGE('',*,*,#1173,.T.);
#1471=ORIENTED_EDGE('',*,*,#1174,.T.);
#1472=ORIENTED_EDGE('',*,*,#1175,.T.);
#1473=ORIENTED_EDGE('',*,*,#1176,.T.);
#1474=ORIENTED_EDGE('',*,*,#1177,.T.);
#1475=ORIENTED_EDGE('',*,*,#1178,.T.);
#1476=ORIENTED_EDGE('',*,*,#1179,.T.);
#1477=ORIENTED_EDGE('',*,*,#1180,.T.);
#1478=ORIENTED_EDGE('',*,*,#1181,.T.);
#1479=ORIENTED_EDGE('',*,*,#1182,.T.);
#1480=ORIENTED_EDGE('',*,*,#1183,.T.);
#1481=ORIENTED_EDGE('',*,*,#1184,.T.);
#1482=ORIENTED_EDGE('',*,*,#1185,.T.);
#1483=ORIENTED_EDGE('',*,*,#1186,.T.);
#1484=ORIENTED_EDGE('',*,*,#1187,.T.);
#1485=ORIENTED_EDGE('',*,*,#1188,.T.);
#1486=ORIENTED_EDGE('',*,*,#1189,.T.);
#1487=ORIENTED_EDGE('',*,*,#1190,.T.);
#1488=ORIENTED_EDGE('',*,*,#1191,.T.);
#1489=ORIENTED_EDGE('',*,*,#1192,.T.);
#1490=ORIENTED_EDGE('',*,*,#1193,.T.);
#1491=ORIENTED_EDGE('',*,*,#1194,.T.);
#1492=ORIENTED_EDGE('',*,*,#1195,.T.);
#1493=ORIENTED_EDGE('',*,*,#1196,.T.);
#1494=ORIENTED_EDGE('',*,*,#1197,.T.);
#1495=ORIENTED_EDGE('',*,*,#1198,.T.);
#1496=ORIENTED_EDGE('',*,*,#1199,.T.);
#1497=ORIENTED_EDGE('',*,*,#1200,.T.);
#1498=ORIENTED_EDGE('',*,*,#1201,.T.);
#1499=ORIENTED_EDGE('',*,*,#1202,.T.);
#1500=ORIENTED_EDGE('',*,*,#1203,.T.);
#1501=ORIENTED_EDGE('',*,*,#1204,.T.);
#1502=ORIENTED_EDGE('',*,*,#1205,.T.);
#1503=ORIENTED_EDGE('',*,*,#1206,.T.);
#1504=ORIENTED_EDGE('',*,*,#1207,.T.);
#1505=ORIENTED_EDGE('',*,*,#1208,.T.);
#1506=ORIENTED_EDGE('',*,*,#1209,.T.);
#1507=ORIENTED_EDGE('',*,*,#1210,.T.);
#1508=ORIENTED_EDGE('',*,*,#1211,.T.);
#1509=ORIENTED_EDGE('',*,*,#1212,.T.);
#1510=ORIENTED_EDGE('',*,*,#1213,.T.);
#1511=ORIENTED_EDGE('',*,*,#1214,.T.);
#1512=ORIENTED_EDGE('',*,*,#1215,.T.);
#1513=ORIENTED_EDGE('',*,*,#1216,.T.);
#1514=ORIENTED_EDGE('',*,*,#1217,.T.);
#1515=ORIENTED_EDGE('',*,*,#1218,.T.);
#1516=ORIENTED_EDGE('',*,*,#1219,.T.);
#1517=ORIENTED_EDGE('',*,*,#1220,.T.);
#1518=ORIENTED_EDGE('',*,*,#1221,.T.);
#1519=ORIENTED_EDGE('',*,*,#1222,.T.);
#1520=ORIENTED_EDGE('',*,*,#1223,.T.);
#1521=ORIENTED_EDGE('',*,*,#1224,.T.);
#1522=ORIENTED_EDGE('',*,*,#1225,.T.);
#1523=ORIENTED_EDGE('',*,*,#1226,.T.);
#1524=ORIENTED_EDGE('',*,*,#1227,.T.);
#1525=ORIENTED_EDGE('',*,*,#1228,.T.);
#1526=ORIENTED_EDGE('',*,*,#1229,.T.);
#1527=ORIENTED_EDGE('',*,*,#1230,.T.);
#1528=ORIENTED_EDGE('',*,*,#1231,.T.);
#1529=ORIENTED_EDGE('',*,*,#1232,.T.);
#1530=ORIENTED_EDGE('',*,*,#1233,.T.);
#1531=ORIENTED_EDGE('',*,*,#1234,.T.);
#1532=ORIENTED_EDGE('',*,*,#1235,.T.);
#1533=ORIENTED_EDGE('',*,*,#1236,.T.);
#1534=ORIENTED_EDGE('',*,*,#1237,.T.);
#1535=ORIENTED_EDGE('',*,*,#1238,.T.);
#1536=ORIENTED_EDGE('',*,*,#1239,.T.);
#1537=ORIENTED_EDGE('',*,*,#1240,.T.);
#1538=ORIENTED_EDGE('',*,*,#1241,.T.);
#1539=ORIENTED_EDGE('',*,*,#1242,.T.);
#1540=ORIENTED_EDGE('',*,*,#1243,.T.);
#1541=ORIENTED_EDGE('',*,*,#1244,.T.);
#1542=ORIENTED_EDGE('',*,*,#1245,.T.);
#1543=ORIENTED_EDGE('',*,*,#1246,.T.);
#1544=ORIENTED_EDGE('',*,*,#1247,.T.);
#1545=ORIENTED_EDGE('',*,*,#1248,.T.);
#1546=ORIENTED_EDGE('',*,*,#1249,.T.);
#1547=ORIENTED_EDGE('',*,*,#1250,.T.);
#1548=ORIENTED_EDGE('',*,*,#1251,.T.);
#1549=ORIENTED_EDGE('',*,*,#1252,.T.);
#1550=ORIENTED_EDGE('',*,*,#1253,.T.);
#1551=ORIENTED_EDGE('',*,*,#1254,.T.);
#1552=ORIENTED_EDGE('',*,*,#1255,.T.);
#1553=ORIENTED_EDGE('',*,*,#1256,.T.);
#1554=ORIENTED_EDGE('',*,*,#1257,.T.);
#1555=ORIENTED_EDGE('',*,*,#1258,.T.);
#1556=ORIENTED_EDGE('',*,*,#1259,.T.);
#1557=ORIENTED_EDGE('',*,*,#1260,.T.);
#1558=ORIENTED_EDGE('',*,*,#1261,.T.);
#1559=ORIENTED_EDGE('',*,*,#1262,.T.);
#1560=ORIENTED_EDGE('',*,*,#1263,.T.);
#1561=ORIENTED_EDGE('',*,*,#1264,.T.);
#1562=ORIENTED_EDGE('',*,*,#1265,.T.);
#1563=ORIENTED_EDGE('',*,*,#1266,.T.);
#1564=ORIENTED_EDGE('',*,*,#1267,.T.);
#1565=ORIENTED_EDGE('',*,*,#1268,.T.);
#1566=ORIENTED_EDGE('',*,*,#1269,.T.);
#1567=ORIENTED_EDGE('',*,*,#1270,.T.);
#1568=ORIENTED_EDGE('',*,*,#1271,.T.);
#1569=ORIENTED_EDGE('',*,*,#1272,.T.);
#1570=ORIENTED_EDGE('',*,*,#1273,.T.);
#1571=ORIENTED_EDGE('',*,*,#1274,.T.);
#1572=ORIENTED_EDGE('',*,*,#1275,.T.);
#1573=ORIENTED_EDGE('',*,*,#1276,.T.);
#1574=ORIENTED_EDGE('',*,*,#1277,.T.);
#1575=ORIENTED_EDGE('',*,*,#1278,.T.);
#1576=ORIENTED_EDGE('',*,*,#1279,.T.);
#1577=ORIENTED_EDGE('',*,*,#1280,.T.);
#1578=ORIENTED_EDGE('',*,*,#1281,.T.);
#1579=ORIENTED_EDGE('',*,*,#1282,.T.);
#1580=ORIENTED_EDGE('',*,*,#1283,.T.);
#1581=ORIENTED_EDGE('',*,*,#1284,.T.);
#1582=ORIENTED_EDGE('',*,*,#1285,.T.);
#1583=ORIENTED_EDGE('',*,*,#1286,.T.);
#1584=ORIENTED_EDGE('',*,*,#1287,.T.);
#1585=ORIENTED_EDGE('',*,*,#1288,.T.);
#1586=ORIENTED_EDGE('',*,*,#1289,.T.);
#1587=ORIENTED_EDGE('',*,*,#1290,.T.);
#1588=ORIENTED_EDGE('',*,*,#1291,.T.);
#1589=ORIENTED_EDGE('',*,*,#1292,.T.);
#1590=ORIENTED_EDGE('',*,*,#1293,.T.);
#1591=ORIENTED_EDGE('',*,*,#1294,.T.);
#1592=ORIENTED_EDGE('',*,*,#1221,.F.);
#1593=ORIENTED_EDGE('',*,*,#1295,.T.);
#1594=ORIENTED_EDGE('',*,*,#1147,.T.);
#1595=ORIENTED_EDGE('',*,*,#1295,.F.);
#1596=ORIENTED_EDGE('',*,*,#1222,.F.);
#1597=ORIENTED_EDGE('',*,*,#1296,.T.);
#1598=ORIENTED_EDGE('',*,*,#1148,.F.);
#1599=ORIENTED_EDGE('',*,*,#1296,.F.);
#1600=ORIENTED_EDGE('',*,*,#1223,.F.);
#1601=ORIENTED_EDGE('',*,*,#1297,.T.);
#1602=ORIENTED_EDGE('',*,*,#1149,.F.);
#1603=ORIENTED_EDGE('',*,*,#1297,.F.);
#1604=ORIENTED_EDGE('',*,*,#1224,.F.);
#1605=ORIENTED_EDGE('',*,*,#1298,.T.);
#1606=ORIENTED_EDGE('',*,*,#1150,.F.);
#1607=ORIENTED_EDGE('',*,*,#1298,.F.);
#1608=ORIENTED_EDGE('',*,*,#1225,.F.);
#1609=ORIENTED_EDGE('',*,*,#1299,.T.);
#1610=ORIENTED_EDGE('',*,*,#1151,.F.);
#1611=ORIENTED_EDGE('',*,*,#1299,.F.);
#1612=ORIENTED_EDGE('',*,*,#1226,.F.);
#1613=ORIENTED_EDGE('',*,*,#1300,.T.);
#1614=ORIENTED_EDGE('',*,*,#1152,.F.);
#1615=ORIENTED_EDGE('',*,*,#1300,.F.);
#1616=ORIENTED_EDGE('',*,*,#1227,.F.);
#1617=ORIENTED_EDGE('',*,*,#1301,.T.);
#1618=ORIENTED_EDGE('',*,*,#1153,.F.);
#1619=ORIENTED_EDGE('',*,*,#1301,.F.);
#1620=ORIENTED_EDGE('',*,*,#1228,.F.);
#1621=ORIENTED_EDGE('',*,*,#1302,.T.);
#1622=ORIENTED_EDGE('',*,*,#1154,.F.);
#1623=ORIENTED_EDGE('',*,*,#1302,.F.);
#1624=ORIENTED_EDGE('',*,*,#1229,.F.);
#1625=ORIENTED_EDGE('',*,*,#1303,.T.);
#1626=ORIENTED_EDGE('',*,*,#1155,.F.);
#1627=ORIENTED_EDGE('',*,*,#1303,.F.);
#1628=ORIENTED_EDGE('',*,*,#1230,.F.);
#1629=ORIENTED_EDGE('',*,*,#1304,.T.);
#1630=ORIENTED_EDGE('',*,*,#1156,.F.);
#1631=ORIENTED_EDGE('',*,*,#1304,.F.);
#1632=ORIENTED_EDGE('',*,*,#1231,.F.);
#1633=ORIENTED_EDGE('',*,*,#1305,.T.);
#1634=ORIENTED_EDGE('',*,*,#1157,.F.);
#1635=ORIENTED_EDGE('',*,*,#1305,.F.);
#1636=ORIENTED_EDGE('',*,*,#1232,.F.);
#1637=ORIENTED_EDGE('',*,*,#1306,.T.);
#1638=ORIENTED_EDGE('',*,*,#1158,.F.);
#1639=ORIENTED_EDGE('',*,*,#1306,.F.);
#1640=ORIENTED_EDGE('',*,*,#1233,.F.);
#1641=ORIENTED_EDGE('',*,*,#1307,.T.);
#1642=ORIENTED_EDGE('',*,*,#1159,.F.);
#1643=ORIENTED_EDGE('',*,*,#1307,.F.);
#1644=ORIENTED_EDGE('',*,*,#1234,.F.);
#1645=ORIENTED_EDGE('',*,*,#1308,.T.);
#1646=ORIENTED_EDGE('',*,*,#1160,.F.);
#1647=ORIENTED_EDGE('',*,*,#1308,.F.);
#1648=ORIENTED_EDGE('',*,*,#1235,.F.);
#1649=ORIENTED_EDGE('',*,*,#1309,.T.);
#1650=ORIENTED_EDGE('',*,*,#1161,.F.);
#1651=ORIENTED_EDGE('',*,*,#1309,.F.);
#1652=ORIENTED_EDGE('',*,*,#1236,.F.);
#1653=ORIENTED_EDGE('',*,*,#1310,.T.);
#1654=ORIENTED_EDGE('',*,*,#1162,.F.);
#1655=ORIENTED_EDGE('',*,*,#1310,.F.);
#1656=ORIENTED_EDGE('',*,*,#1237,.F.);
#1657=ORIENTED_EDGE('',*,*,#1311,.T.);
#1658=ORIENTED_EDGE('',*,*,#1163,.F.);
#1659=ORIENTED_EDGE('',*,*,#1311,.F.);
#1660=ORIENTED_EDGE('',*,*,#1238,.F.);
#1661=ORIENTED_EDGE('',*,*,#1312,.T.);
#1662=ORIENTED_EDGE('',*,*,#1164,.F.);
#1663=ORIENTED_EDGE('',*,*,#1312,.F.);
#1664=ORIENTED_EDGE('',*,*,#1239,.F.);
#1665=ORIENTED_EDGE('',*,*,#1313,.T.);
#1666=ORIENTED_EDGE('',*,*,#1165,.F.);
#1667=ORIENTED_EDGE('',*,*,#1313,.F.);
#1668=ORIENTED_EDGE('',*,*,#1240,.F.);
#1669=ORIENTED_EDGE('',*,*,#1314,.T.);
#1670=ORIENTED_EDGE('',*,*,#1166,.F.);
#1671=ORIENTED_EDGE('',*,*,#1314,.F.);
#1672=ORIENTED_EDGE('',*,*,#1241,.F.);
#1673=ORIENTED_EDGE('',*,*,#1315,.T.);
#1674=ORIENTED_EDGE('',*,*,#1167,.F.);
#1675=ORIENTED_EDGE('',*,*,#1315,.F.);
#1676=ORIENTED_EDGE('',*,*,#1242,.F.);
#1677=ORIENTED_EDGE('',*,*,#1316,.T.);
#1678=ORIENTED_EDGE('',*,*,#1168,.F.);
#1679=ORIENTED_EDGE('',*,*,#1316,.F.);
#1680=ORIENTED_EDGE('',*,*,#1243,.F.);
#1681=ORIENTED_EDGE('',*,*,#1317,.T.);
#1682=ORIENTED_EDGE('',*,*,#1169,.F.);
#1683=ORIENTED_EDGE('',*,*,#1317,.F.);
#1684=ORIENTED_EDGE('',*,*,#1244,.F.);
#1685=ORIENTED_EDGE('',*,*,#1318,.T.);
#1686=ORIENTED_EDGE('',*,*,#1170,.F.);
#1687=ORIENTED_EDGE('',*,*,#1318,.F.);
#1688=ORIENTED_EDGE('',*,*,#1245,.F.);
#1689=ORIENTED_EDGE('',*,*,#1319,.T.);
#1690=ORIENTED_EDGE('',*,*,#1171,.F.);
#1691=ORIENTED_EDGE('',*,*,#1319,.F.);
#1692=ORIENTED_EDGE('',*,*,#1246,.F.);
#1693=ORIENTED_EDGE('',*,*,#1320,.T.);
#1694=ORIENTED_EDGE('',*,*,#1172,.F.);
#1695=ORIENTED_EDGE('',*,*,#1320,.F.);
#1696=ORIENTED_EDGE('',*,*,#1247,.F.);
#1697=ORIENTED_EDGE('',*,*,#1321,.T.);
#1698=ORIENTED_EDGE('',*,*,#1173,.F.);
#1699=ORIENTED_EDGE('',*,*,#1321,.F.);
#1700=ORIENTED_EDGE('',*,*,#1248,.F.);
#1701=ORIENTED_EDGE('',*,*,#1322,.T.);
#1702=ORIENTED_EDGE('',*,*,#1174,.F.);
#1703=ORIENTED_EDGE('',*,*,#1322,.F.);
#1704=ORIENTED_EDGE('',*,*,#1249,.F.);
#1705=ORIENTED_EDGE('',*,*,#1323,.T.);
#1706=ORIENTED_EDGE('',*,*,#1175,.F.);
#1707=ORIENTED_EDGE('',*,*,#1323,.F.);
#1708=ORIENTED_EDGE('',*,*,#1250,.F.);
#1709=ORIENTED_EDGE('',*,*,#1324,.T.);
#1710=ORIENTED_EDGE('',*,*,#1176,.F.);
#1711=ORIENTED_EDGE('',*,*,#1324,.F.);
#1712=ORIENTED_EDGE('',*,*,#1251,.F.);
#1713=ORIENTED_EDGE('',*,*,#1325,.T.);
#1714=ORIENTED_EDGE('',*,*,#1177,.F.);
#1715=ORIENTED_EDGE('',*,*,#1325,.F.);
#1716=ORIENTED_EDGE('',*,*,#1252,.F.);
#1717=ORIENTED_EDGE('',*,*,#1326,.T.);
#1718=ORIENTED_EDGE('',*,*,#1178,.F.);
#1719=ORIENTED_EDGE('',*,*,#1326,.F.);
#1720=ORIENTED_EDGE('',*,*,#1253,.F.);
#1721=ORIENTED_EDGE('',*,*,#1327,.T.);
#1722=ORIENTED_EDGE('',*,*,#1179,.F.);
#1723=ORIENTED_EDGE('',*,*,#1327,.F.);
#1724=ORIENTED_EDGE('',*,*,#1254,.F.);
#1725=ORIENTED_EDGE('',*,*,#1328,.T.);
#1726=ORIENTED_EDGE('',*,*,#1180,.F.);
#1727=ORIENTED_EDGE('',*,*,#1328,.F.);
#1728=ORIENTED_EDGE('',*,*,#1255,.F.);
#1729=ORIENTED_EDGE('',*,*,#1329,.T.);
#1730=ORIENTED_EDGE('',*,*,#1181,.F.);
#1731=ORIENTED_EDGE('',*,*,#1329,.F.);
#1732=ORIENTED_EDGE('',*,*,#1256,.F.);
#1733=ORIENTED_EDGE('',*,*,#1330,.T.);
#1734=ORIENTED_EDGE('',*,*,#1182,.F.);
#1735=ORIENTED_EDGE('',*,*,#1330,.F.);
#1736=ORIENTED_EDGE('',*,*,#1257,.F.);
#1737=ORIENTED_EDGE('',*,*,#1331,.T.);
#1738=ORIENTED_EDGE('',*,*,#1183,.F.);
#1739=ORIENTED_EDGE('',*,*,#1331,.F.);
#1740=ORIENTED_EDGE('',*,*,#1258,.F.);
#1741=ORIENTED_EDGE('',*,*,#1332,.T.);
#1742=ORIENTED_EDGE('',*,*,#1184,.F.);
#1743=ORIENTED_EDGE('',*,*,#1332,.F.);
#1744=ORIENTED_EDGE('',*,*,#1259,.F.);
#1745=ORIENTED_EDGE('',*,*,#1333,.T.);
#1746=ORIENTED_EDGE('',*,*,#1185,.F.);
#1747=ORIENTED_EDGE('',*,*,#1333,.F.);
#1748=ORIENTED_EDGE('',*,*,#1260,.F.);
#1749=ORIENTED_EDGE('',*,*,#1334,.T.);
#1750=ORIENTED_EDGE('',*,*,#1186,.F.);
#1751=ORIENTED_EDGE('',*,*,#1334,.F.);
#1752=ORIENTED_EDGE('',*,*,#1261,.F.);
#1753=ORIENTED_EDGE('',*,*,#1335,.T.);
#1754=ORIENTED_EDGE('',*,*,#1187,.F.);
#1755=ORIENTED_EDGE('',*,*,#1335,.F.);
#1756=ORIENTED_EDGE('',*,*,#1262,.F.);
#1757=ORIENTED_EDGE('',*,*,#1336,.T.);
#1758=ORIENTED_EDGE('',*,*,#1188,.F.);
#1759=ORIENTED_EDGE('',*,*,#1336,.F.);
#1760=ORIENTED_EDGE('',*,*,#1263,.F.);
#1761=ORIENTED_EDGE('',*,*,#1337,.T.);
#1762=ORIENTED_EDGE('',*,*,#1189,.F.);
#1763=ORIENTED_EDGE('',*,*,#1337,.F.);
#1764=ORIENTED_EDGE('',*,*,#1264,.F.);
#1765=ORIENTED_EDGE('',*,*,#1338,.T.);
#1766=ORIENTED_EDGE('',*,*,#1190,.F.);
#1767=ORIENTED_EDGE('',*,*,#1338,.F.);
#1768=ORIENTED_EDGE('',*,*,#1265,.F.);
#1769=ORIENTED_EDGE('',*,*,#1339,.T.);
#1770=ORIENTED_EDGE('',*,*,#1191,.F.);
#1771=ORIENTED_EDGE('',*,*,#1339,.F.);
#1772=ORIENTED_EDGE('',*,*,#1266,.F.);
#1773=ORIENTED_EDGE('',*,*,#1340,.T.);
#1774=ORIENTED_EDGE('',*,*,#1192,.F.);
#1775=ORIENTED_EDGE('',*,*,#1340,.F.);
#1776=ORIENTED_EDGE('',*,*,#1267,.F.);
#1777=ORIENTED_EDGE('',*,*,#1341,.T.);
#1778=ORIENTED_EDGE('',*,*,#1193,.F.);
#1779=ORIENTED_EDGE('',*,*,#1341,.F.);
#1780=ORIENTED_EDGE('',*,*,#1268,.F.);
#1781=ORIENTED_EDGE('',*,*,#1342,.T.);
#1782=ORIENTED_EDGE('',*,*,#1194,.F.);
#1783=ORIENTED_EDGE('',*,*,#1342,.F.);
#1784=ORIENTED_EDGE('',*,*,#1269,.F.);
#1785=ORIENTED_EDGE('',*,*,#1343,.T.);
#1786=ORIENTED_EDGE('',*,*,#1195,.F.);
#1787=ORIENTED_EDGE('',*,*,#1343,.F.);
#1788=ORIENTED_EDGE('',*,*,#1270,.F.);
#1789=ORIENTED_EDGE('',*,*,#1344,.T.);
#1790=ORIENTED_EDGE('',*,*,#1196,.F.);
#1791=ORIENTED_EDGE('',*,*,#1344,.F.);
#1792=ORIENTED_EDGE('',*,*,#1271,.F.);
#1793=ORIENTED_EDGE('',*,*,#1345,.T.);
#1794=ORIENTED_EDGE('',*,*,#1197,.F.);
#1795=ORIENTED_EDGE('',*,*,#1345,.F.);
#1796=ORIENTED_EDGE('',*,*,#1272,.F.);
#1797=ORIENTED_EDGE('',*,*,#1346,.T.);
#1798=ORIENTED_EDGE('',*,*,#1198,.F.);
#1799=ORIENTED_EDGE('',*,*,#1346,.F.);
#1800=ORIENTED_EDGE('',*,*,#1273,.F.);
#1801=ORIENTED_EDGE('',*,*,#1347,.T.);
#1802=ORIENTED_EDGE('',*,*,#1199,.F.);
#1803=ORIENTED_EDGE('',*,*,#1347,.F.);
#1804=ORIENTED_EDGE('',*,*,#1274,.F.);
#1805=ORIENTED_EDGE('',*,*,#1348,.T.);
#1806=ORIENTED_EDGE('',*,*,#1200,.F.);
#1807=ORIENTED_EDGE('',*,*,#1348,.F.);
#1808=ORIENTED_EDGE('',*,*,#1275,.F.);
#1809=ORIENTED_EDGE('',*,*,#1349,.T.);
#1810=ORIENTED_EDGE('',*,*,#1201,.F.);
#1811=ORIENTED_EDGE('',*,*,#1349,.F.);
#1812=ORIENTED_EDGE('',*,*,#1276,.F.);
#1813=ORIENTED_EDGE('',*,*,#1350,.T.);
#1814=ORIENTED_EDGE('',*,*,#1202,.F.);
#1815=ORIENTED_EDGE('',*,*,#1350,.F.);
#1816=ORIENTED_EDGE('',*,*,#1277,.F.);
#1817=ORIENTED_EDGE('',*,*,#1351,.T.);
#1818=ORIENTED_EDGE('',*,*,#1203,.F.);
#1819=ORIENTED_EDGE('',*,*,#1351,.F.);
#1820=ORIENTED_EDGE('',*,*,#1278,.F.);
#1821=ORIENTED_EDGE('',*,*,#1352,.T.);
#1822=ORIENTED_EDGE('',*,*,#1204,.F.);
#1823=ORIENTED_EDGE('',*,*,#1352,.F.);
#1824=ORIENTED_EDGE('',*,*,#1279,.F.);
#1825=ORIENTED_EDGE('',*,*,#1353,.T.);
#1826=ORIENTED_EDGE('',*,*,#1205,.F.);
#1827=ORIENTED_EDGE('',*,*,#1353,.F.);
#1828=ORIENTED_EDGE('',*,*,#1280,.F.);
#1829=ORIENTED_EDGE('',*,*,#1354,.T.);
#1830=ORIENTED_EDGE('',*,*,#1206,.F.);
#1831=ORIENTED_EDGE('',*,*,#1354,.F.);
#1832=ORIENTED_EDGE('',*,*,#1281,.F.);
#1833=ORIENTED_EDGE('',*,*,#1355,.T.);
#1834=ORIENTED_EDGE('',*,*,#1207,.F.);
#1835=ORIENTED_EDGE('',*,*,#1355,.F.);
#1836=ORIENTED_EDGE('',*,*,#1282,.F.);
#1837=ORIENTED_EDGE('',*,*,#1356,.T.);
#1838=ORIENTED_EDGE('',*,*,#1208,.F.);
#1839=ORIENTED_EDGE('',*,*,#1356,.F.);
#1840=ORIENTED_EDGE('',*,*,#1283,.F.);
#1841=ORIENTED_EDGE('',*,*,#1357,.T.);
#1842=ORIENTED_EDGE('',*,*,#1209,.F.);
#1843=ORIENTED_EDGE('',*,*,#1357,.F.);
#1844=ORIENTED_EDGE('',*,*,#1284,.F.);
#1845=ORIENTED_EDGE('',*,*,#1358,.T.);
#1846=ORIENTED_EDGE('',*,*,#1210,.F.);
#1847=ORIENTED_EDGE('',*,*,#1358,.F.);
#1848=ORIENTED_EDGE('',*,*,#1285,.F.);
#1849=ORIENTED_EDGE('',*,*,#1359,.T.);
#1850=ORIENTED_EDGE('',*,*,#1211,.F.);
#1851=ORIENTED_EDGE('',*,*,#1359,.F.);
#1852=ORIENTED_EDGE('',*,*,#1286,.F.);
#1853=ORIENTED_EDGE('',*,*,#1360,.T.);
#1854=ORIENTED_EDGE('',*,*,#1212,.F.);
#1855=ORIENTED_EDGE('',*,*,#1360,.F.);
#1856=ORIENTED_EDGE('',*,*,#1287,.F.);
#1857=ORIENTED_EDGE('',*,*,#1361,.T.);
#1858=ORIENTED_EDGE('',*,*,#1213,.F.);
#1859=ORIENTED_EDGE('',*,*,#1361,.F.);
#1860=ORIENTED_EDGE('',*,*,#1288,.F.);
#1861=ORIENTED_EDGE('',*,*,#1362,.T.);
#1862=ORIENTED_EDGE('',*,*,#1214,.F.);
#1863=ORIENTED_EDGE('',*,*,#1362,.F.);
#1864=ORIENTED_EDGE('',*,*,#1289,.F.);
#1865=ORIENTED_EDGE('',*,*,#1363,.T.);
#1866=ORIENTED_EDGE('',*,*,#1215,.F.);
#1867=ORIENTED_EDGE('',*,*,#1363,.F.);
#1868=ORIENTED_EDGE('',*,*,#1290,.F.);
#1869=ORIENTED_EDGE('',*,*,#1364,.T.);
#1870=ORIENTED_EDGE('',*,*,#1216,.F.);
#1871=ORIENTED_EDGE('',*,*,#1364,.F.);
#1872=ORIENTED_EDGE('',*,*,#1291,.F.);
#1873=ORIENTED_EDGE('',*,*,#1365,.T.);
#1874=ORIENTED_EDGE('',*,*,#1217,.F.);
#1875=ORIENTED_EDGE('',*,*,#1365,.F.);
#1876=ORIENTED_EDGE('',*,*,#1292,.F.);
#1877=ORIENTED_EDGE('',*,*,#1366,.T.);
#1878=ORIENTED_EDGE('',*,*,#1218,.F.);
#1879=ORIENTED_EDGE('',*,*,#1366,.F.);
#1880=ORIENTED_EDGE('',*,*,#1293,.F.);
#1881=ORIENTED_EDGE('',*,*,#1367,.T.);
#1882=ORIENTED_EDGE('',*,*,#1219,.F.);
#1883=ORIENTED_EDGE('',*,*,#1367,.F.);
#1884=ORIENTED_EDGE('',*,*,#1294,.F.);
#1885=ORIENTED_EDGE('',*,*,#1368,.T.);
#1886=ORIENTED_EDGE('',*,*,#1220,.F.);
#1887=ORIENTED_EDGE('',*,*,#1368,.F.);
#1888=ORIENTED_EDGE('',*,*,#1369,.F.);
#1889=ORIENTED_EDGE('',*,*,#1370,.T.);
#1890=ORIENTED_EDGE('',*,*,#1371,.T.);
#1891=ORIENTED_EDGE('',*,*,#1370,.F.);
#1892=ORIENTED_EDGE('',*,*,#1372,.F.);
#1893=ORIENTED_EDGE('',*,*,#1373,.T.);
#1894=ORIENTED_EDGE('',*,*,#1374,.T.);
#1895=ORIENTED_EDGE('',*,*,#1373,.F.);
#1896=ORIENTED_EDGE('',*,*,#1372,.T.);
#1897=ORIENTED_EDGE('',*,*,#1369,.T.);
#1898=ORIENTED_EDGE('',*,*,#1374,.F.);
#1899=ORIENTED_EDGE('',*,*,#1371,.F.);
#1900=ORIENTED_EDGE('',*,*,#1375,.F.);
#1901=ORIENTED_EDGE('',*,*,#1376,.F.);
#1902=ORIENTED_EDGE('',*,*,#1377,.T.);
#1903=ORIENTED_EDGE('',*,*,#1375,.T.);
#1904=ORIENTED_EDGE('',*,*,#1377,.F.);
#1905=ORIENTED_EDGE('',*,*,#1378,.F.);
#1906=ORIENTED_EDGE('',*,*,#1376,.T.);
#1907=ORIENTED_EDGE('',*,*,#1379,.F.);
#1908=ORIENTED_EDGE('',*,*,#1380,.T.);
#1909=ORIENTED_EDGE('',*,*,#1378,.T.);
#1910=ORIENTED_EDGE('',*,*,#1380,.F.);
#1911=ORIENTED_EDGE('',*,*,#1379,.T.);
#1912=ORIENTED_EDGE('',*,*,#1381,.F.);
#1913=ORIENTED_EDGE('',*,*,#1382,.F.);
#1914=ORIENTED_EDGE('',*,*,#1383,.T.);
#1915=ORIENTED_EDGE('',*,*,#1381,.T.);
#1916=ORIENTED_EDGE('',*,*,#1383,.F.);
#1917=ORIENTED_EDGE('',*,*,#1382,.T.);
#1918=CYLINDRICAL_SURFACE('',#2144,2.25);
#1919=CYLINDRICAL_SURFACE('',#2147,2.25);
#1920=CYLINDRICAL_SURFACE('',#2150,2.25);
#1921=CYLINDRICAL_SURFACE('',#2153,2.25);
#1922=CYLINDRICAL_SURFACE('',#2156,2.25);
#1923=CYLINDRICAL_SURFACE('',#2159,2.25);
#1924=CYLINDRICAL_SURFACE('',#2162,2.25);
#1925=CYLINDRICAL_SURFACE('',#2165,2.25);
#1926=CYLINDRICAL_SURFACE('',#2168,35.);
#1927=CYLINDRICAL_SURFACE('',#2171,41.);
#1928=CYLINDRICAL_SURFACE('',#2326,35.);
#1929=CYLINDRICAL_SURFACE('',#2327,0.5);
#1930=CYLINDRICAL_SURFACE('',#2328,0.5);
#1931=CYLINDRICAL_SURFACE('',#2329,0.5);
#1932=CYLINDRICAL_SURFACE('',#2330,0.5);
#1933=CYLINDRICAL_SURFACE('',#2331,0.5);
#1934=CYLINDRICAL_SURFACE('',#2332,0.5);
#1935=CYLINDRICAL_SURFACE('',#2333,0.5);
#1936=CYLINDRICAL_SURFACE('',#2334,0.5);
#1937=CYLINDRICAL_SURFACE('',#2335,0.5);
#1938=CYLINDRICAL_SURFACE('',#2336,0.5);
#1939=CYLINDRICAL_SURFACE('',#2337,0.5);
#1940=CYLINDRICAL_SURFACE('',#2338,0.5);
#1941=CYLINDRICAL_SURFACE('',#2339,0.5);
#1942=CYLINDRICAL_SURFACE('',#2340,0.5);
#1943=CYLINDRICAL_SURFACE('',#2341,0.5);
#1944=CYLINDRICAL_SURFACE('',#2342,0.5);
#1945=CYLINDRICAL_SURFACE('',#2343,0.499999999999999);
#1946=CYLINDRICAL_SURFACE('',#2344,0.5);
#1947=CYLINDRICAL_SURFACE('',#2345,0.5);
#1948=CYLINDRICAL_SURFACE('',#2346,0.499999999999999);
#1949=CYLINDRICAL_SURFACE('',#2347,0.499999999999999);
#1950=CYLINDRICAL_SURFACE('',#2348,0.5);
#1951=CYLINDRICAL_SURFACE('',#2349,0.5);
#1952=CYLINDRICAL_SURFACE('',#2350,0.5);
#1953=CYLINDRICAL_SURFACE('',#2351,0.5);
#1954=CYLINDRICAL_SURFACE('',#2352,0.5);
#1955=CYLINDRICAL_SURFACE('',#2353,0.5);
#1956=CYLINDRICAL_SURFACE('',#2354,0.5);
#1957=CYLINDRICAL_SURFACE('',#2355,0.5);
#1958=CYLINDRICAL_SURFACE('',#2356,0.5);
#1959=CYLINDRICAL_SURFACE('',#2357,0.500000000000001);
#1960=CYLINDRICAL_SURFACE('',#2358,0.5);
#1961=CYLINDRICAL_SURFACE('',#2359,0.500000000000001);
#1962=CYLINDRICAL_SURFACE('',#2360,0.5);
#1963=CYLINDRICAL_SURFACE('',#2361,0.5);
#1964=CYLINDRICAL_SURFACE('',#2362,0.5);
#1965=CYLINDRICAL_SURFACE('',#2363,0.5);
#1966=CYLINDRICAL_SURFACE('',#2364,0.5);
#1967=CYLINDRICAL_SURFACE('',#2365,0.5);
#1968=CYLINDRICAL_SURFACE('',#2366,0.5);
#1969=CYLINDRICAL_SURFACE('',#2367,0.5);
#1970=CYLINDRICAL_SURFACE('',#2368,0.5);
#1971=CYLINDRICAL_SURFACE('',#2369,0.5);
#1972=CYLINDRICAL_SURFACE('',#2370,0.5);
#1973=CYLINDRICAL_SURFACE('',#2371,0.5);
#1974=CYLINDRICAL_SURFACE('',#2372,0.5);
#1975=CYLINDRICAL_SURFACE('',#2373,0.5);
#1976=CYLINDRICAL_SURFACE('',#2374,0.5);
#1977=CYLINDRICAL_SURFACE('',#2375,0.5);
#1978=CYLINDRICAL_SURFACE('',#2376,0.5);
#1979=CYLINDRICAL_SURFACE('',#2377,0.5);
#1980=CYLINDRICAL_SURFACE('',#2378,0.5);
#1981=CYLINDRICAL_SURFACE('',#2379,0.499999999999999);
#1982=CYLINDRICAL_SURFACE('',#2380,0.5);
#1983=CYLINDRICAL_SURFACE('',#2381,0.5);
#1984=CYLINDRICAL_SURFACE('',#2382,0.5);
#1985=CYLINDRICAL_SURFACE('',#2383,0.5);
#1986=CYLINDRICAL_SURFACE('',#2384,0.499999999999999);
#1987=CYLINDRICAL_SURFACE('',#2385,0.499999999999999);
#1988=CYLINDRICAL_SURFACE('',#2386,0.5);
#1989=CYLINDRICAL_SURFACE('',#2387,0.5);
#1990=CYLINDRICAL_SURFACE('',#2388,0.499999999999999);
#1991=CYLINDRICAL_SURFACE('',#2389,0.5);
#1992=CYLINDRICAL_SURFACE('',#2390,0.5);
#1993=CYLINDRICAL_SURFACE('',#2391,0.5);
#1994=CYLINDRICAL_SURFACE('',#2392,0.5);
#1995=CYLINDRICAL_SURFACE('',#2393,0.5);
#1996=CYLINDRICAL_SURFACE('',#2394,0.5);
#1997=CYLINDRICAL_SURFACE('',#2395,0.5);
#1998=CYLINDRICAL_SURFACE('',#2396,0.5);
#1999=CYLINDRICAL_SURFACE('',#2397,0.5);
#2000=CYLINDRICAL_SURFACE('',#2398,0.5);
#2001=CYLINDRICAL_SURFACE('',#2399,0.5);
#2002=CYLINDRICAL_SURFACE('',#2401,27.5);
#2003=CYLINDRICAL_SURFACE('',#2404,32.5);
#2004=CYLINDRICAL_SURFACE('',#2416,77.125);
#2005=ADVANCED_FACE('',(#217),#1918,.F.);
#2006=ADVANCED_FACE('',(#218),#1919,.F.);
#2007=ADVANCED_FACE('',(#219),#1920,.F.);
#2008=ADVANCED_FACE('',(#220),#1921,.F.);
#2009=ADVANCED_FACE('',(#221),#1922,.F.);
#2010=ADVANCED_FACE('',(#222),#1923,.F.);
#2011=ADVANCED_FACE('',(#223),#1924,.F.);
#2012=ADVANCED_FACE('',(#224),#1925,.F.);
#2013=ADVANCED_FACE('',(#225),#1926,.F.);
#2014=ADVANCED_FACE('',(#226),#1927,.T.);
#2015=ADVANCED_FACE('',(#227,#39,#40,#41,#42,#43,#44,#45,#46,#47),#207,
 .T.);
#2016=ADVANCED_FACE('',(#228,#48,#49,#50,#51,#52,#53,#54,#55,#56),#208,
 .F.);
#2017=ADVANCED_FACE('',(#229,#57,#58,#59,#60,#61,#62,#63,#64,#65,#66,#67,
#68,#69,#70,#71,#72,#73,#74,#75,#76,#77,#78,#79,#80,#81,#82,#83,#84,#85,
#86,#87,#88,#89,#90,#91,#92,#93,#94,#95,#96,#97,#98,#99,#100,#101,#102,
#103,#104,#105,#106,#107,#108,#109,#110,#111,#112,#113,#114,#115,#116,#117,
#118,#119,#120,#121,#122,#123,#124,#125,#126,#127,#128,#129),#209,.F.);
#2018=ADVANCED_FACE('',(#230,#130,#131,#132,#133,#134,#135,#136,#137,#138,
#139,#140,#141,#142,#143,#144,#145,#146,#147,#148,#149,#150,#151,#152,#153,
#154,#155,#156,#157,#158,#159,#160,#161,#162,#163,#164,#165,#166,#167,#168,
#169,#170,#171,#172,#173,#174,#175,#176,#177,#178,#179,#180,#181,#182,#183,
#184,#185,#186,#187,#188,#189,#190,#191,#192,#193,#194,#195,#196,#197,#198,
#199,#200,#201,#202),#210,.T.);
#2019=ADVANCED_FACE('',(#231),#1928,.T.);
#2020=ADVANCED_FACE('',(#232),#1929,.F.);
#2021=ADVANCED_FACE('',(#233),#1930,.F.);
#2022=ADVANCED_FACE('',(#234),#1931,.F.);
#2023=ADVANCED_FACE('',(#235),#1932,.F.);
#2024=ADVANCED_FACE('',(#236),#1933,.F.);
#2025=ADVANCED_FACE('',(#237),#1934,.F.);
#2026=ADVANCED_FACE('',(#238),#1935,.F.);
#2027=ADVANCED_FACE('',(#239),#1936,.F.);
#2028=ADVANCED_FACE('',(#240),#1937,.F.);
#2029=ADVANCED_FACE('',(#241),#1938,.F.);
#2030=ADVANCED_FACE('',(#242),#1939,.F.);
#2031=ADVANCED_FACE('',(#243),#1940,.F.);
#2032=ADVANCED_FACE('',(#244),#1941,.F.);
#2033=ADVANCED_FACE('',(#245),#1942,.F.);
#2034=ADVANCED_FACE('',(#246),#1943,.F.);
#2035=ADVANCED_FACE('',(#247),#1944,.F.);
#2036=ADVANCED_FACE('',(#248),#1945,.F.);
#2037=ADVANCED_FACE('',(#249),#1946,.F.);
#2038=ADVANCED_FACE('',(#250),#1947,.F.);
#2039=ADVANCED_FACE('',(#251),#1948,.F.);
#2040=ADVANCED_FACE('',(#252),#1949,.F.);
#2041=ADVANCED_FACE('',(#253),#1950,.F.);
#2042=ADVANCED_FACE('',(#254),#1951,.F.);
#2043=ADVANCED_FACE('',(#255),#1952,.F.);
#2044=ADVANCED_FACE('',(#256),#1953,.F.);
#2045=ADVANCED_FACE('',(#257),#1954,.F.);
#2046=ADVANCED_FACE('',(#258),#1955,.F.);
#2047=ADVANCED_FACE('',(#259),#1956,.F.);
#2048=ADVANCED_FACE('',(#260),#1957,.F.);
#2049=ADVANCED_FACE('',(#261),#1958,.F.);
#2050=ADVANCED_FACE('',(#262),#1959,.F.);
#2051=ADVANCED_FACE('',(#263),#1960,.F.);
#2052=ADVANCED_FACE('',(#264),#1961,.F.);
#2053=ADVANCED_FACE('',(#265),#1962,.F.);
#2054=ADVANCED_FACE('',(#266),#1963,.F.);
#2055=ADVANCED_FACE('',(#267),#1964,.F.);
#2056=ADVANCED_FACE('',(#268),#1965,.F.);
#2057=ADVANCED_FACE('',(#269),#1966,.F.);
#2058=ADVANCED_FACE('',(#270),#1967,.F.);
#2059=ADVANCED_FACE('',(#271),#1968,.F.);
#2060=ADVANCED_FACE('',(#272),#1969,.F.);
#2061=ADVANCED_FACE('',(#273),#1970,.F.);
#2062=ADVANCED_FACE('',(#274),#1971,.F.);
#2063=ADVANCED_FACE('',(#275),#1972,.F.);
#2064=ADVANCED_FACE('',(#276),#1973,.F.);
#2065=ADVANCED_FACE('',(#277),#1974,.F.);
#2066=ADVANCED_FACE('',(#278),#1975,.F.);
#2067=ADVANCED_FACE('',(#279),#1976,.F.);
#2068=ADVANCED_FACE('',(#280),#1977,.F.);
#2069=ADVANCED_FACE('',(#281),#1978,.F.);
#2070=ADVANCED_FACE('',(#282),#1979,.F.);
#2071=ADVANCED_FACE('',(#283),#1980,.F.);
#2072=ADVANCED_FACE('',(#284),#1981,.F.);
#2073=ADVANCED_FACE('',(#285),#1982,.F.);
#2074=ADVANCED_FACE('',(#286),#1983,.F.);
#2075=ADVANCED_FACE('',(#287),#1984,.F.);
#2076=ADVANCED_FACE('',(#288),#1985,.F.);
#2077=ADVANCED_FACE('',(#289),#1986,.F.);
#2078=ADVANCED_FACE('',(#290),#1987,.F.);
#2079=ADVANCED_FACE('',(#291),#1988,.F.);
#2080=ADVANCED_FACE('',(#292),#1989,.F.);
#2081=ADVANCED_FACE('',(#293),#1990,.F.);
#2082=ADVANCED_FACE('',(#294),#1991,.F.);
#2083=ADVANCED_FACE('',(#295),#1992,.F.);
#2084=ADVANCED_FACE('',(#296),#1993,.F.);
#2085=ADVANCED_FACE('',(#297),#1994,.F.);
#2086=ADVANCED_FACE('',(#298),#1995,.F.);
#2087=ADVANCED_FACE('',(#299),#1996,.F.);
#2088=ADVANCED_FACE('',(#300),#1997,.F.);
#2089=ADVANCED_FACE('',(#301),#1998,.F.);
#2090=ADVANCED_FACE('',(#302),#1999,.F.);
#2091=ADVANCED_FACE('',(#303),#2000,.F.);
#2092=ADVANCED_FACE('',(#304),#2001,.F.);
#2093=ADVANCED_FACE('',(#305),#2002,.F.);
#2094=ADVANCED_FACE('',(#306),#2003,.T.);
#2095=ADVANCED_FACE('',(#307,#203),#211,.T.);
#2096=ADVANCED_FACE('',(#308,#204),#212,.F.);
#2097=ADVANCED_FACE('',(#309),#213,.T.);
#2098=ADVANCED_FACE('',(#310),#23,.T.);
#2099=ADVANCED_FACE('',(#311,#205),#214,.T.);
#2100=ADVANCED_FACE('',(#312),#2004,.T.);
#2101=ADVANCED_FACE('',(#313,#206),#215,.T.);
#2102=ADVANCED_FACE('',(#314),#24,.T.);
#2103=ADVANCED_FACE('',(#315),#216,.T.);
#2104=CLOSED_SHELL('',(#2005,#2006,#2007,#2008,#2009,#2010,#2011,#2012,
#2013,#2014,#2015,#2016));
#2105=CLOSED_SHELL('',(#2017,#2018,#2019,#2020,#2021,#2022,#2023,#2024,
#2025,#2026,#2027,#2028,#2029,#2030,#2031,#2032,#2033,#2034,#2035,#2036,
#2037,#2038,#2039,#2040,#2041,#2042,#2043,#2044,#2045,#2046,#2047,#2048,
#2049,#2050,#2051,#2052,#2053,#2054,#2055,#2056,#2057,#2058,#2059,#2060,
#2061,#2062,#2063,#2064,#2065,#2066,#2067,#2068,#2069,#2070,#2071,#2072,
#2073,#2074,#2075,#2076,#2077,#2078,#2079,#2080,#2081,#2082,#2083,#2084,
#2085,#2086,#2087,#2088,#2089,#2090,#2091,#2092));
#2106=CLOSED_SHELL('',(#2093,#2094,#2095,#2096));
#2107=CLOSED_SHELL('',(#2097,#2098,#2099,#2100,#2101,#2102,#2103));
#2108=DERIVED_UNIT_ELEMENT(#2114,1.);
#2109=DERIVED_UNIT_ELEMENT(#3645,-3.);
#2110=DERIVED_UNIT_ELEMENT(#2114,1.);
#2111=DERIVED_UNIT_ELEMENT(#3645,-3.);
#2112=DERIVED_UNIT_ELEMENT(#2114,1.);
#2113=DERIVED_UNIT_ELEMENT(#3645,-3.);
#2114=(
MASS_UNIT()
NAMED_UNIT(*)
SI_UNIT(.KILO.,.GRAM.)
);
#2115=DERIVED_UNIT((#2108,#2109));
#2116=DERIVED_UNIT((#2110,#2111));
#2117=DERIVED_UNIT((#2112,#2113));
#2118=MEASURE_REPRESENTATION_ITEM('density measure',
POSITIVE_RATIO_MEASURE(7850.),#2115);
#2119=MEASURE_REPRESENTATION_ITEM('density measure',
POSITIVE_RATIO_MEASURE(7850.),#2116);
#2120=MEASURE_REPRESENTATION_ITEM('density measure',
POSITIVE_RATIO_MEASURE(7850.),#2117);
#2121=PROPERTY_DEFINITION_REPRESENTATION(#2136,#2127);
#2122=PROPERTY_DEFINITION_REPRESENTATION(#2137,#2128);
#2123=PROPERTY_DEFINITION_REPRESENTATION(#2138,#2129);
#2124=PROPERTY_DEFINITION_REPRESENTATION(#2139,#2130);
#2125=PROPERTY_DEFINITION_REPRESENTATION(#2140,#2131);
#2126=PROPERTY_DEFINITION_REPRESENTATION(#2141,#2132);
#2127=REPRESENTATION('material name',(#2133),#3640);
#2128=REPRESENTATION('density',(#2118),#3640);
#2129=REPRESENTATION('material name',(#2134),#3641);
#2130=REPRESENTATION('density',(#2119),#3641);
#2131=REPRESENTATION('material name',(#2135),#3642);
#2132=REPRESENTATION('density',(#2120),#3642);
#2133=DESCRIPTIVE_REPRESENTATION_ITEM('Steel','Steel');
#2134=DESCRIPTIVE_REPRESENTATION_ITEM('Steel','Steel');
#2135=DESCRIPTIVE_REPRESENTATION_ITEM('Steel','Steel');
#2136=PROPERTY_DEFINITION('material property','material name',#3665);
#2137=PROPERTY_DEFINITION('material property','density of part',#3665);
#2138=PROPERTY_DEFINITION('material property','material name',#3666);
#2139=PROPERTY_DEFINITION('material property','density of part',#3666);
#2140=PROPERTY_DEFINITION('material property','material name',#3667);
#2141=PROPERTY_DEFINITION('material property','density of part',#3667);
#2142=AXIS2_PLACEMENT_3D('',#3083,#2426,#2427);
#2143=AXIS2_PLACEMENT_3D('',#3084,#2428,#2429);
#2144=AXIS2_PLACEMENT_3D('',#3085,#2430,#2431);
#2145=AXIS2_PLACEMENT_3D('',#3087,#2432,#2433);
#2146=AXIS2_PLACEMENT_3D('',#3090,#2435,#2436);
#2147=AXIS2_PLACEMENT_3D('',#3091,#2437,#2438);
#2148=AXIS2_PLACEMENT_3D('',#3093,#2439,#2440);
#2149=AXIS2_PLACEMENT_3D('',#3096,#2442,#2443);
#2150=AXIS2_PLACEMENT_3D('',#3097,#2444,#2445);
#2151=AXIS2_PLACEMENT_3D('',#3099,#2446,#2447);
#2152=AXIS2_PLACEMENT_3D('',#3102,#2449,#2450);
#2153=AXIS2_PLACEMENT_3D('',#3103,#2451,#2452);
#2154=AXIS2_PLACEMENT_3D('',#3105,#2453,#2454);
#2155=AXIS2_PLACEMENT_3D('',#3108,#2456,#2457);
#2156=AXIS2_PLACEMENT_3D('',#3109,#2458,#2459);
#2157=AXIS2_PLACEMENT_3D('',#3111,#2460,#2461);
#2158=AXIS2_PLACEMENT_3D('',#3114,#2463,#2464);
#2159=AXIS2_PLACEMENT_3D('',#3115,#2465,#2466);
#2160=AXIS2_PLACEMENT_3D('',#3117,#2467,#2468);
#2161=AXIS2_PLACEMENT_3D('',#3120,#2470,#2471);
#2162=AXIS2_PLACEMENT_3D('',#3121,#2472,#2473);
#2163=AXIS2_PLACEMENT_3D('',#3123,#2474,#2475);
#2164=AXIS2_PLACEMENT_3D('',#3126,#2477,#2478);
#2165=AXIS2_PLACEMENT_3D('',#3127,#2479,#2480);
#2166=AXIS2_PLACEMENT_3D('',#3129,#2481,#2482);
#2167=AXIS2_PLACEMENT_3D('',#3132,#2484,#2485);
#2168=AXIS2_PLACEMENT_3D('',#3133,#2486,#2487);
#2169=AXIS2_PLACEMENT_3D('',#3135,#2488,#2489);
#2170=AXIS2_PLACEMENT_3D('',#3138,#2491,#2492);
#2171=AXIS2_PLACEMENT_3D('',#3139,#2493,#2494);
#2172=AXIS2_PLACEMENT_3D('',#3141,#2495,#2496);
#2173=AXIS2_PLACEMENT_3D('',#3144,#2498,#2499);
#2174=AXIS2_PLACEMENT_3D('',#3145,#2500,#2501);
#2175=AXIS2_PLACEMENT_3D('',#3146,#2502,#2503);
#2176=AXIS2_PLACEMENT_3D('',#3147,#2504,#2505);
#2177=AXIS2_PLACEMENT_3D('',#3149,#2506,#2507);
#2178=AXIS2_PLACEMENT_3D('',#3151,#2508,#2509);
#2179=AXIS2_PLACEMENT_3D('',#3153,#2510,#2511);
#2180=AXIS2_PLACEMENT_3D('',#3155,#2512,#2513);
#2181=AXIS2_PLACEMENT_3D('',#3157,#2514,#2515);
#2182=AXIS2_PLACEMENT_3D('',#3159,#2516,#2517);
#2183=AXIS2_PLACEMENT_3D('',#3161,#2518,#2519);
#2184=AXIS2_PLACEMENT_3D('',#3163,#2520,#2521);
#2185=AXIS2_PLACEMENT_3D('',#3165,#2522,#2523);
#2186=AXIS2_PLACEMENT_3D('',#3167,#2524,#2525);
#2187=AXIS2_PLACEMENT_3D('',#3169,#2526,#2527);
#2188=AXIS2_PLACEMENT_3D('',#3171,#2528,#2529);
#2189=AXIS2_PLACEMENT_3D('',#3173,#2530,#2531);
#2190=AXIS2_PLACEMENT_3D('',#3175,#2532,#2533);
#2191=AXIS2_PLACEMENT_3D('',#3177,#2534,#2535);
#2192=AXIS2_PLACEMENT_3D('',#3179,#2536,#2537);
#2193=AXIS2_PLACEMENT_3D('',#3181,#2538,#2539);
#2194=AXIS2_PLACEMENT_3D('',#3183,#2540,#2541);
#2195=AXIS2_PLACEMENT_3D('',#3185,#2542,#2543);
#2196=AXIS2_PLACEMENT_3D('',#3187,#2544,#2545);
#2197=AXIS2_PLACEMENT_3D('',#3189,#2546,#2547);
#2198=AXIS2_PLACEMENT_3D('',#3191,#2548,#2549);
#2199=AXIS2_PLACEMENT_3D('',#3193,#2550,#2551);
#2200=AXIS2_PLACEMENT_3D('',#3195,#2552,#2553);
#2201=AXIS2_PLACEMENT_3D('',#3197,#2554,#2555);
#2202=AXIS2_PLACEMENT_3D('',#3199,#2556,#2557);
#2203=AXIS2_PLACEMENT_3D('',#3201,#2558,#2559);
#2204=AXIS2_PLACEMENT_3D('',#3203,#2560,#2561);
#2205=AXIS2_PLACEMENT_3D('',#3205,#2562,#2563);
#2206=AXIS2_PLACEMENT_3D('',#3207,#2564,#2565);
#2207=AXIS2_PLACEMENT_3D('',#3209,#2566,#2567);
#2208=AXIS2_PLACEMENT_3D('',#3211,#2568,#2569);
#2209=AXIS2_PLACEMENT_3D('',#3213,#2570,#2571);
#2210=AXIS2_PLACEMENT_3D('',#3215,#2572,#2573);
#2211=AXIS2_PLACEMENT_3D('',#3217,#2574,#2575);
#2212=AXIS2_PLACEMENT_3D('',#3219,#2576,#2577);
#2213=AXIS2_PLACEMENT_3D('',#3221,#2578,#2579);
#2214=AXIS2_PLACEMENT_3D('',#3223,#2580,#2581);
#2215=AXIS2_PLACEMENT_3D('',#3225,#2582,#2583);
#2216=AXIS2_PLACEMENT_3D('',#3227,#2584,#2585);
#2217=AXIS2_PLACEMENT_3D('',#3229,#2586,#2587);
#2218=AXIS2_PLACEMENT_3D('',#3231,#2588,#2589);
#2219=AXIS2_PLACEMENT_3D('',#3233,#2590,#2591);
#2220=AXIS2_PLACEMENT_3D('',#3235,#2592,#2593);
#2221=AXIS2_PLACEMENT_3D('',#3237,#2594,#2595);
#2222=AXIS2_PLACEMENT_3D('',#3239,#2596,#2597);
#2223=AXIS2_PLACEMENT_3D('',#3241,#2598,#2599);
#2224=AXIS2_PLACEMENT_3D('',#3243,#2600,#2601);
#2225=AXIS2_PLACEMENT_3D('',#3245,#2602,#2603);
#2226=AXIS2_PLACEMENT_3D('',#3247,#2604,#2605);
#2227=AXIS2_PLACEMENT_3D('',#3249,#2606,#2607);
#2228=AXIS2_PLACEMENT_3D('',#3251,#2608,#2609);
#2229=AXIS2_PLACEMENT_3D('',#3253,#2610,#2611);
#2230=AXIS2_PLACEMENT_3D('',#3255,#2612,#2613);
#2231=AXIS2_PLACEMENT_3D('',#3257,#2614,#2615);
#2232=AXIS2_PLACEMENT_3D('',#3259,#2616,#2617);
#2233=AXIS2_PLACEMENT_3D('',#3261,#2618,#2619);
#2234=AXIS2_PLACEMENT_3D('',#3263,#2620,#2621);
#2235=AXIS2_PLACEMENT_3D('',#3265,#2622,#2623);
#2236=AXIS2_PLACEMENT_3D('',#3267,#2624,#2625);
#2237=AXIS2_PLACEMENT_3D('',#3269,#2626,#2627);
#2238=AXIS2_PLACEMENT_3D('',#3271,#2628,#2629);
#2239=AXIS2_PLACEMENT_3D('',#3273,#2630,#2631);
#2240=AXIS2_PLACEMENT_3D('',#3275,#2632,#2633);
#2241=AXIS2_PLACEMENT_3D('',#3277,#2634,#2635);
#2242=AXIS2_PLACEMENT_3D('',#3279,#2636,#2637);
#2243=AXIS2_PLACEMENT_3D('',#3281,#2638,#2639);
#2244=AXIS2_PLACEMENT_3D('',#3283,#2640,#2641);
#2245=AXIS2_PLACEMENT_3D('',#3285,#2642,#2643);
#2246=AXIS2_PLACEMENT_3D('',#3287,#2644,#2645);
#2247=AXIS2_PLACEMENT_3D('',#3289,#2646,#2647);
#2248=AXIS2_PLACEMENT_3D('',#3291,#2648,#2649);
#2249=AXIS2_PLACEMENT_3D('',#3293,#2650,#2651);
#2250=AXIS2_PLACEMENT_3D('',#3295,#2652,#2653);
#2251=AXIS2_PLACEMENT_3D('',#3296,#2654,#2655);
#2252=AXIS2_PLACEMENT_3D('',#3298,#2656,#2657);
#2253=AXIS2_PLACEMENT_3D('',#3300,#2658,#2659);
#2254=AXIS2_PLACEMENT_3D('',#3302,#2660,#2661);
#2255=AXIS2_PLACEMENT_3D('',#3304,#2662,#2663);
#2256=AXIS2_PLACEMENT_3D('',#3306,#2664,#2665);
#2257=AXIS2_PLACEMENT_3D('',#3308,#2666,#2667);
#2258=AXIS2_PLACEMENT_3D('',#3310,#2668,#2669);
#2259=AXIS2_PLACEMENT_3D('',#3312,#2670,#2671);
#2260=AXIS2_PLACEMENT_3D('',#3314,#2672,#2673);
#2261=AXIS2_PLACEMENT_3D('',#3316,#2674,#2675);
#2262=AXIS2_PLACEMENT_3D('',#3318,#2676,#2677);
#2263=AXIS2_PLACEMENT_3D('',#3320,#2678,#2679);
#2264=AXIS2_PLACEMENT_3D('',#3322,#2680,#2681);
#2265=AXIS2_PLACEMENT_3D('',#3324,#2682,#2683);
#2266=AXIS2_PLACEMENT_3D('',#3326,#2684,#2685);
#2267=AXIS2_PLACEMENT_3D('',#3328,#2686,#2687);
#2268=AXIS2_PLACEMENT_3D('',#3330,#2688,#2689);
#2269=AXIS2_PLACEMENT_3D('',#3332,#2690,#2691);
#2270=AXIS2_PLACEMENT_3D('',#3334,#2692,#2693);
#2271=AXIS2_PLACEMENT_3D('',#3336,#2694,#2695);
#2272=AXIS2_PLACEMENT_3D('',#3338,#2696,#2697);
#2273=AXIS2_PLACEMENT_3D('',#3340,#2698,#2699);
#2274=AXIS2_PLACEMENT_3D('',#3342,#2700,#2701);
#2275=AXIS2_PLACEMENT_3D('',#3344,#2702,#2703);
#2276=AXIS2_PLACEMENT_3D('',#3346,#2704,#2705);
#2277=AXIS2_PLACEMENT_3D('',#3348,#2706,#2707);
#2278=AXIS2_PLACEMENT_3D('',#3350,#2708,#2709);
#2279=AXIS2_PLACEMENT_3D('',#3352,#2710,#2711);
#2280=AXIS2_PLACEMENT_3D('',#3354,#2712,#2713);
#2281=AXIS2_PLACEMENT_3D('',#3356,#2714,#2715);
#2282=AXIS2_PLACEMENT_3D('',#3358,#2716,#2717);
#2283=AXIS2_PLACEMENT_3D('',#3360,#2718,#2719);
#2284=AXIS2_PLACEMENT_3D('',#3362,#2720,#2721);
#2285=AXIS2_PLACEMENT_3D('',#3364,#2722,#2723);
#2286=AXIS2_PLACEMENT_3D('',#3366,#2724,#2725);
#2287=AXIS2_PLACEMENT_3D('',#3368,#2726,#2727);
#2288=AXIS2_PLACEMENT_3D('',#3370,#2728,#2729);
#2289=AXIS2_PLACEMENT_3D('',#3372,#2730,#2731);
#2290=AXIS2_PLACEMENT_3D('',#3374,#2732,#2733);
#2291=AXIS2_PLACEMENT_3D('',#3376,#2734,#2735);
#2292=AXIS2_PLACEMENT_3D('',#3378,#2736,#2737);
#2293=AXIS2_PLACEMENT_3D('',#3380,#2738,#2739);
#2294=AXIS2_PLACEMENT_3D('',#3382,#2740,#2741);
#2295=AXIS2_PLACEMENT_3D('',#3384,#2742,#2743);
#2296=AXIS2_PLACEMENT_3D('',#3386,#2744,#2745);
#2297=AXIS2_PLACEMENT_3D('',#3388,#2746,#2747);
#2298=AXIS2_PLACEMENT_3D('',#3390,#2748,#2749);
#2299=AXIS2_PLACEMENT_3D('',#3392,#2750,#2751);
#2300=AXIS2_PLACEMENT_3D('',#3394,#2752,#2753);
#2301=AXIS2_PLACEMENT_3D('',#3396,#2754,#2755);
#2302=AXIS2_PLACEMENT_3D('',#3398,#2756,#2757);
#2303=AXIS2_PLACEMENT_3D('',#3400,#2758,#2759);
#2304=AXIS2_PLACEMENT_3D('',#3402,#2760,#2761);
#2305=AXIS2_PLACEMENT_3D('',#3404,#2762,#2763);
#2306=AXIS2_PLACEMENT_3D('',#3406,#2764,#2765);
#2307=AXIS2_PLACEMENT_3D('',#3408,#2766,#2767);
#2308=AXIS2_PLACEMENT_3D('',#3410,#2768,#2769);
#2309=AXIS2_PLACEMENT_3D('',#3412,#2770,#2771);
#2310=AXIS2_PLACEMENT_3D('',#3414,#2772,#2773);
#2311=AXIS2_PLACEMENT_3D('',#3416,#2774,#2775);
#2312=AXIS2_PLACEMENT_3D('',#3418,#2776,#2777);
#2313=AXIS2_PLACEMENT_3D('',#3420,#2778,#2779);
#2314=AXIS2_PLACEMENT_3D('',#3422,#2780,#2781);
#2315=AXIS2_PLACEMENT_3D('',#3424,#2782,#2783);
#2316=AXIS2_PLACEMENT_3D('',#3426,#2784,#2785);
#2317=AXIS2_PLACEMENT_3D('',#3428,#2786,#2787);
#2318=AXIS2_PLACEMENT_3D('',#3430,#2788,#2789);
#2319=AXIS2_PLACEMENT_3D('',#3432,#2790,#2791);
#2320=AXIS2_PLACEMENT_3D('',#3434,#2792,#2793);
#2321=AXIS2_PLACEMENT_3D('',#3436,#2794,#2795);
#2322=AXIS2_PLACEMENT_3D('',#3438,#2796,#2797);
#2323=AXIS2_PLACEMENT_3D('',#3440,#2798,#2799);
#2324=AXIS2_PLACEMENT_3D('',#3442,#2800,#2801);
#2325=AXIS2_PLACEMENT_3D('',#3444,#2802,#2803);
#2326=AXIS2_PLACEMENT_3D('',#3445,#2804,#2805);
#2327=AXIS2_PLACEMENT_3D('',#3447,#2807,#2808);
#2328=AXIS2_PLACEMENT_3D('',#3449,#2810,#2811);
#2329=AXIS2_PLACEMENT_3D('',#3451,#2813,#2814);
#2330=AXIS2_PLACEMENT_3D('',#3453,#2816,#2817);
#2331=AXIS2_PLACEMENT_3D('',#3455,#2819,#2820);
#2332=AXIS2_PLACEMENT_3D('',#3457,#2822,#2823);
#2333=AXIS2_PLACEMENT_3D('',#3459,#2825,#2826);
#2334=AXIS2_PLACEMENT_3D('',#3461,#2828,#2829);
#2335=AXIS2_PLACEMENT_3D('',#3463,#2831,#2832);
#2336=AXIS2_PLACEMENT_3D('',#3465,#2834,#2835);
#2337=AXIS2_PLACEMENT_3D('',#3467,#2837,#2838);
#2338=AXIS2_PLACEMENT_3D('',#3469,#2840,#2841);
#2339=AXIS2_PLACEMENT_3D('',#3471,#2843,#2844);
#2340=AXIS2_PLACEMENT_3D('',#3473,#2846,#2847);
#2341=AXIS2_PLACEMENT_3D('',#3475,#2849,#2850);
#2342=AXIS2_PLACEMENT_3D('',#3477,#2852,#2853);
#2343=AXIS2_PLACEMENT_3D('',#3479,#2855,#2856);
#2344=AXIS2_PLACEMENT_3D('',#3481,#2858,#2859);
#2345=AXIS2_PLACEMENT_3D('',#3483,#2861,#2862);
#2346=AXIS2_PLACEMENT_3D('',#3485,#2864,#2865);
#2347=AXIS2_PLACEMENT_3D('',#3487,#2867,#2868);
#2348=AXIS2_PLACEMENT_3D('',#3489,#2870,#2871);
#2349=AXIS2_PLACEMENT_3D('',#3491,#2873,#2874);
#2350=AXIS2_PLACEMENT_3D('',#3493,#2876,#2877);
#2351=AXIS2_PLACEMENT_3D('',#3495,#2879,#2880);
#2352=AXIS2_PLACEMENT_3D('',#3497,#2882,#2883);
#2353=AXIS2_PLACEMENT_3D('',#3499,#2885,#2886);
#2354=AXIS2_PLACEMENT_3D('',#3501,#2888,#2889);
#2355=AXIS2_PLACEMENT_3D('',#3503,#2891,#2892);
#2356=AXIS2_PLACEMENT_3D('',#3505,#2894,#2895);
#2357=AXIS2_PLACEMENT_3D('',#3507,#2897,#2898);
#2358=AXIS2_PLACEMENT_3D('',#3509,#2900,#2901);
#2359=AXIS2_PLACEMENT_3D('',#3511,#2903,#2904);
#2360=AXIS2_PLACEMENT_3D('',#3513,#2906,#2907);
#2361=AXIS2_PLACEMENT_3D('',#3515,#2909,#2910);
#2362=AXIS2_PLACEMENT_3D('',#3517,#2912,#2913);
#2363=AXIS2_PLACEMENT_3D('',#3519,#2915,#2916);
#2364=AXIS2_PLACEMENT_3D('',#3521,#2918,#2919);
#2365=AXIS2_PLACEMENT_3D('',#3523,#2921,#2922);
#2366=AXIS2_PLACEMENT_3D('',#3525,#2924,#2925);
#2367=AXIS2_PLACEMENT_3D('',#3527,#2927,#2928);
#2368=AXIS2_PLACEMENT_3D('',#3529,#2930,#2931);
#2369=AXIS2_PLACEMENT_3D('',#3531,#2933,#2934);
#2370=AXIS2_PLACEMENT_3D('',#3533,#2936,#2937);
#2371=AXIS2_PLACEMENT_3D('',#3535,#2939,#2940);
#2372=AXIS2_PLACEMENT_3D('',#3537,#2942,#2943);
#2373=AXIS2_PLACEMENT_3D('',#3539,#2945,#2946);
#2374=AXIS2_PLACEMENT_3D('',#3541,#2948,#2949);
#2375=AXIS2_PLACEMENT_3D('',#3543,#2951,#2952);
#2376=AXIS2_PLACEMENT_3D('',#3545,#2954,#2955);
#2377=AXIS2_PLACEMENT_3D('',#3547,#2957,#2958);
#2378=AXIS2_PLACEMENT_3D('',#3549,#2960,#2961);
#2379=AXIS2_PLACEMENT_3D('',#3551,#2963,#2964);
#2380=AXIS2_PLACEMENT_3D('',#3553,#2966,#2967);
#2381=AXIS2_PLACEMENT_3D('',#3555,#2969,#2970);
#2382=AXIS2_PLACEMENT_3D('',#3557,#2972,#2973);
#2383=AXIS2_PLACEMENT_3D('',#3559,#2975,#2976);
#2384=AXIS2_PLACEMENT_3D('',#3561,#2978,#2979);
#2385=AXIS2_PLACEMENT_3D('',#3563,#2981,#2982);
#2386=AXIS2_PLACEMENT_3D('',#3565,#2984,#2985);
#2387=AXIS2_PLACEMENT_3D('',#3567,#2987,#2988);
#2388=AXIS2_PLACEMENT_3D('',#3569,#2990,#2991);
#2389=AXIS2_PLACEMENT_3D('',#3571,#2993,#2994);
#2390=AXIS2_PLACEMENT_3D('',#3573,#2996,#2997);
#2391=AXIS2_PLACEMENT_3D('',#3575,#2999,#3000);
#2392=AXIS2_PLACEMENT_3D('',#3577,#3002,#3003);
#2393=AXIS2_PLACEMENT_3D('',#3579,#3005,#3006);
#2394=AXIS2_PLACEMENT_3D('',#3581,#3008,#3009);
#2395=AXIS2_PLACEMENT_3D('',#3583,#3011,#3012);
#2396=AXIS2_PLACEMENT_3D('',#3585,#3014,#3015);
#2397=AXIS2_PLACEMENT_3D('',#3587,#3017,#3018);
#2398=AXIS2_PLACEMENT_3D('',#3589,#3020,#3021);
#2399=AXIS2_PLACEMENT_3D('',#3591,#3023,#3024);
#2400=AXIS2_PLACEMENT_3D('',#3593,#3026,#3027);
#2401=AXIS2_PLACEMENT_3D('',#3594,#3028,#3029);
#2402=AXIS2_PLACEMENT_3D('',#3596,#3030,#3031);
#2403=AXIS2_PLACEMENT_3D('',#3599,#3033,#3034);
#2404=AXIS2_PLACEMENT_3D('',#3600,#3035,#3036);
#2405=AXIS2_PLACEMENT_3D('',#3602,#3037,#3038);
#2406=AXIS2_PLACEMENT_3D('',#3605,#3040,#3041);
#2407=AXIS2_PLACEMENT_3D('',#3606,#3042,#3043);
#2408=AXIS2_PLACEMENT_3D('',#3607,#3044,#3045);
#2409=AXIS2_PLACEMENT_3D('',#3608,#3046,#3047);
#2410=AXIS2_PLACEMENT_3D('',#3609,#3048,#3049);
#2411=AXIS2_PLACEMENT_3D('',#3611,#3050,#3051);
#2412=AXIS2_PLACEMENT_3D('',#3612,#3052,#3053);
#2413=AXIS2_PLACEMENT_3D('',#3614,#3054,#3055);
#2414=AXIS2_PLACEMENT_3D('',#3616,#3057,#3058);
#2415=AXIS2_PLACEMENT_3D('',#3618,#3059,#3060);
#2416=AXIS2_PLACEMENT_3D('',#3619,#3061,#3062);
#2417=AXIS2_PLACEMENT_3D('',#3621,#3063,#3064);
#2418=AXIS2_PLACEMENT_3D('',#3623,#3066,#3067);
#2419=AXIS2_PLACEMENT_3D('',#3625,#3068,#3069);
#2420=AXIS2_PLACEMENT_3D('',#3626,#3070,#3071);
#2421=AXIS2_PLACEMENT_3D('',#3628,#3072,#3073);
#2422=AXIS2_PLACEMENT_3D('',#3630,#3075,#3076);
#2423=AXIS2_PLACEMENT_3D('',#3631,#3077,#3078);
#2424=AXIS2_PLACEMENT_3D('',#3632,#3079,#3080);
#2425=AXIS2_PLACEMENT_3D('',#3633,#3081,#3082);
#2426=DIRECTION('axis',(0.,0.,1.));
#2427=DIRECTION('refdir',(1.,0.,0.));
#2428=DIRECTION('axis',(0.,0.,1.));
#2429=DIRECTION('refdir',(1.,0.,0.));
#2430=DIRECTION('center_axis',(0.,0.,-1.));
#2431=DIRECTION('ref_axis',(1.,0.,0.));
#2432=DIRECTION('center_axis',(0.,0.,-1.));
#2433=DIRECTION('ref_axis',(1.,0.,0.));
#2434=DIRECTION('',(0.,0.,-1.));
#2435=DIRECTION('center_axis',(0.,0.,1.));
#2436=DIRECTION('ref_axis',(1.,0.,0.));
#2437=DIRECTION('center_axis',(0.,0.,-1.));
#2438=DIRECTION('ref_axis',(1.,0.,0.));
#2439=DIRECTION('center_axis',(0.,0.,-1.));
#2440=DIRECTION('ref_axis',(1.,0.,0.));
#2441=DIRECTION('',(0.,0.,-1.));
#2442=DIRECTION('center_axis',(0.,0.,1.));
#2443=DIRECTION('ref_axis',(1.,0.,0.));
#2444=DIRECTION('center_axis',(0.,0.,-1.));
#2445=DIRECTION('ref_axis',(1.,0.,0.));
#2446=DIRECTION('center_axis',(0.,0.,-1.));
#2447=DIRECTION('ref_axis',(1.,0.,0.));
#2448=DIRECTION('',(0.,0.,-1.));
#2449=DIRECTION('center_axis',(0.,0.,1.));
#2450=DIRECTION('ref_axis',(1.,0.,0.));
#2451=DIRECTION('center_axis',(0.,0.,-1.));
#2452=DIRECTION('ref_axis',(1.,0.,0.));
#2453=DIRECTION('center_axis',(0.,0.,-1.));
#2454=DIRECTION('ref_axis',(1.,0.,0.));
#2455=DIRECTION('',(0.,0.,-1.));
#2456=DIRECTION('center_axis',(0.,0.,1.));
#2457=DIRECTION('ref_axis',(1.,0.,0.));
#2458=DIRECTION('center_axis',(0.,0.,-1.));
#2459=DIRECTION('ref_axis',(1.,0.,0.));
#2460=DIRECTION('center_axis',(0.,0.,-1.));
#2461=DIRECTION('ref_axis',(1.,0.,0.));
#2462=DIRECTION('',(0.,0.,-1.));
#2463=DIRECTION('center_axis',(0.,0.,1.));
#2464=DIRECTION('ref_axis',(1.,0.,0.));
#2465=DIRECTION('center_axis',(0.,0.,-1.));
#2466=DIRECTION('ref_axis',(1.,0.,0.));
#2467=DIRECTION('center_axis',(0.,0.,-1.));
#2468=DIRECTION('ref_axis',(1.,0.,0.));
#2469=DIRECTION('',(0.,0.,-1.));
#2470=DIRECTION('center_axis',(0.,0.,1.));
#2471=DIRECTION('ref_axis',(1.,0.,0.));
#2472=DIRECTION('center_axis',(0.,0.,-1.));
#2473=DIRECTION('ref_axis',(1.,0.,0.));
#2474=DIRECTION('center_axis',(0.,0.,-1.));
#2475=DIRECTION('ref_axis',(1.,0.,0.));
#2476=DIRECTION('',(0.,0.,-1.));
#2477=DIRECTION('center_axis',(0.,0.,1.));
#2478=DIRECTION('ref_axis',(1.,0.,0.));
#2479=DIRECTION('center_axis',(0.,0.,-1.));
#2480=DIRECTION('ref_axis',(1.,0.,0.));
#2481=DIRECTION('center_axis',(0.,0.,-1.));
#2482=DIRECTION('ref_axis',(1.,0.,0.));
#2483=DIRECTION('',(0.,0.,-1.));
#2484=DIRECTION('center_axis',(0.,0.,1.));
#2485=DIRECTION('ref_axis',(1.,0.,0.));
#2486=DIRECTION('center_axis',(0.,0.,1.));
#2487=DIRECTION('ref_axis',(1.,0.,0.));
#2488=DIRECTION('center_axis',(0.,0.,-1.));
#2489=DIRECTION('ref_axis',(1.,0.,0.));
#2490=DIRECTION('',(0.,0.,-1.));
#2491=DIRECTION('center_axis',(0.,0.,1.));
#2492=DIRECTION('ref_axis',(1.,0.,0.));
#2493=DIRECTION('center_axis',(0.,0.,1.));
#2494=DIRECTION('ref_axis',(1.,0.,0.));
#2495=DIRECTION('center_axis',(0.,0.,1.));
#2496=DIRECTION('ref_axis',(1.,0.,0.));
#2497=DIRECTION('',(0.,0.,-1.));
#2498=DIRECTION('center_axis',(0.,0.,1.));
#2499=DIRECTION('ref_axis',(1.,0.,0.));
#2500=DIRECTION('center_axis',(0.,0.,1.));
#2501=DIRECTION('ref_axis',(1.,0.,0.));
#2502=DIRECTION('center_axis',(0.,0.,1.));
#2503=DIRECTION('ref_axis',(1.,0.,0.));
#2504=DIRECTION('center_axis',(0.,0.,1.));
#2505=DIRECTION('ref_axis',(1.,0.,0.));
#2506=DIRECTION('center_axis',(0.,0.,1.));
#2507=DIRECTION('ref_axis',(1.,0.,0.));
#2508=DIRECTION('center_axis',(0.,0.,1.));
#2509=DIRECTION('ref_axis',(1.,0.,0.));
#2510=DIRECTION('center_axis',(0.,0.,1.));
#2511=DIRECTION('ref_axis',(1.,0.,0.));
#2512=DIRECTION('center_axis',(0.,0.,1.));
#2513=DIRECTION('ref_axis',(1.,0.,0.));
#2514=DIRECTION('center_axis',(0.,0.,1.));
#2515=DIRECTION('ref_axis',(1.,0.,0.));
#2516=DIRECTION('center_axis',(0.,0.,1.));
#2517=DIRECTION('ref_axis',(1.,0.,0.));
#2518=DIRECTION('center_axis',(0.,0.,1.));
#2519=DIRECTION('ref_axis',(1.,0.,0.));
#2520=DIRECTION('center_axis',(0.,0.,1.));
#2521=DIRECTION('ref_axis',(1.,0.,0.));
#2522=DIRECTION('center_axis',(0.,0.,1.));
#2523=DIRECTION('ref_axis',(1.,0.,0.));
#2524=DIRECTION('center_axis',(0.,0.,1.));
#2525=DIRECTION('ref_axis',(1.,0.,0.));
#2526=DIRECTION('center_axis',(0.,0.,1.));
#2527=DIRECTION('ref_axis',(1.,0.,0.));
#2528=DIRECTION('center_axis',(0.,0.,1.));
#2529=DIRECTION('ref_axis',(1.,0.,0.));
#2530=DIRECTION('center_axis',(0.,0.,1.));
#2531=DIRECTION('ref_axis',(1.,0.,0.));
#2532=DIRECTION('center_axis',(0.,0.,1.));
#2533=DIRECTION('ref_axis',(1.,0.,0.));
#2534=DIRECTION('center_axis',(0.,0.,1.));
#2535=DIRECTION('ref_axis',(1.,0.,0.));
#2536=DIRECTION('center_axis',(0.,0.,1.));
#2537=DIRECTION('ref_axis',(1.,0.,0.));
#2538=DIRECTION('center_axis',(0.,0.,1.));
#2539=DIRECTION('ref_axis',(1.,0.,0.));
#2540=DIRECTION('center_axis',(0.,0.,1.));
#2541=DIRECTION('ref_axis',(1.,0.,0.));
#2542=DIRECTION('center_axis',(0.,0.,1.));
#2543=DIRECTION('ref_axis',(1.,0.,0.));
#2544=DIRECTION('center_axis',(0.,0.,1.));
#2545=DIRECTION('ref_axis',(1.,0.,0.));
#2546=DIRECTION('center_axis',(0.,0.,1.));
#2547=DIRECTION('ref_axis',(1.,0.,0.));
#2548=DIRECTION('center_axis',(0.,0.,1.));
#2549=DIRECTION('ref_axis',(1.,0.,0.));
#2550=DIRECTION('center_axis',(0.,0.,1.));
#2551=DIRECTION('ref_axis',(1.,0.,0.));
#2552=DIRECTION('center_axis',(0.,0.,1.));
#2553=DIRECTION('ref_axis',(1.,0.,0.));
#2554=DIRECTION('center_axis',(0.,0.,1.));
#2555=DIRECTION('ref_axis',(1.,0.,0.));
#2556=DIRECTION('center_axis',(0.,0.,1.));
#2557=DIRECTION('ref_axis',(1.,0.,0.));
#2558=DIRECTION('center_axis',(0.,0.,1.));
#2559=DIRECTION('ref_axis',(1.,0.,0.));
#2560=DIRECTION('center_axis',(0.,0.,1.));
#2561=DIRECTION('ref_axis',(1.,0.,0.));
#2562=DIRECTION('center_axis',(0.,0.,1.));
#2563=DIRECTION('ref_axis',(1.,0.,0.));
#2564=DIRECTION('center_axis',(0.,0.,1.));
#2565=DIRECTION('ref_axis',(1.,0.,0.));
#2566=DIRECTION('center_axis',(0.,0.,1.));
#2567=DIRECTION('ref_axis',(1.,0.,0.));
#2568=DIRECTION('center_axis',(0.,0.,1.));
#2569=DIRECTION('ref_axis',(1.,0.,0.));
#2570=DIRECTION('center_axis',(0.,0.,1.));
#2571=DIRECTION('ref_axis',(1.,0.,0.));
#2572=DIRECTION('center_axis',(0.,0.,1.));
#2573=DIRECTION('ref_axis',(1.,0.,0.));
#2574=DIRECTION('center_axis',(0.,0.,1.));
#2575=DIRECTION('ref_axis',(1.,0.,0.));
#2576=DIRECTION('center_axis',(0.,0.,1.));
#2577=DIRECTION('ref_axis',(1.,0.,0.));
#2578=DIRECTION('center_axis',(0.,0.,1.));
#2579=DIRECTION('ref_axis',(1.,0.,0.));
#2580=DIRECTION('center_axis',(0.,0.,1.));
#2581=DIRECTION('ref_axis',(1.,0.,0.));
#2582=DIRECTION('center_axis',(0.,0.,1.));
#2583=DIRECTION('ref_axis',(1.,0.,0.));
#2584=DIRECTION('center_axis',(0.,0.,1.));
#2585=DIRECTION('ref_axis',(1.,0.,0.));
#2586=DIRECTION('center_axis',(0.,0.,1.));
#2587=DIRECTION('ref_axis',(1.,0.,0.));
#2588=DIRECTION('center_axis',(0.,0.,1.));
#2589=DIRECTION('ref_axis',(1.,0.,0.));
#2590=DIRECTION('center_axis',(0.,0.,1.));
#2591=DIRECTION('ref_axis',(1.,0.,0.));
#2592=DIRECTION('center_axis',(0.,0.,1.));
#2593=DIRECTION('ref_axis',(1.,0.,0.));
#2594=DIRECTION('center_axis',(0.,0.,1.));
#2595=DIRECTION('ref_axis',(1.,0.,0.));
#2596=DIRECTION('center_axis',(0.,0.,1.));
#2597=DIRECTION('ref_axis',(1.,0.,0.));
#2598=DIRECTION('center_axis',(0.,0.,1.));
#2599=DIRECTION('ref_axis',(1.,0.,0.));
#2600=DIRECTION('center_axis',(0.,0.,1.));
#2601=DIRECTION('ref_axis',(1.,0.,0.));
#2602=DIRECTION('center_axis',(0.,0.,1.));
#2603=DIRECTION('ref_axis',(1.,0.,0.));
#2604=DIRECTION('center_axis',(0.,0.,1.));
#2605=DIRECTION('ref_axis',(1.,0.,0.));
#2606=DIRECTION('center_axis',(0.,0.,1.));
#2607=DIRECTION('ref_axis',(1.,0.,0.));
#2608=DIRECTION('center_axis',(0.,0.,1.));
#2609=DIRECTION('ref_axis',(1.,0.,0.));
#2610=DIRECTION('center_axis',(0.,0.,1.));
#2611=DIRECTION('ref_axis',(1.,0.,0.));
#2612=DIRECTION('center_axis',(0.,0.,1.));
#2613=DIRECTION('ref_axis',(1.,0.,0.));
#2614=DIRECTION('center_axis',(0.,0.,1.));
#2615=DIRECTION('ref_axis',(1.,0.,0.));
#2616=DIRECTION('center_axis',(0.,0.,1.));
#2617=DIRECTION('ref_axis',(1.,0.,0.));
#2618=DIRECTION('center_axis',(0.,0.,1.));
#2619=DIRECTION('ref_axis',(1.,0.,0.));
#2620=DIRECTION('center_axis',(0.,0.,1.));
#2621=DIRECTION('ref_axis',(1.,0.,0.));
#2622=DIRECTION('center_axis',(0.,0.,1.));
#2623=DIRECTION('ref_axis',(1.,0.,0.));
#2624=DIRECTION('center_axis',(0.,0.,1.));
#2625=DIRECTION('ref_axis',(1.,0.,0.));
#2626=DIRECTION('center_axis',(0.,0.,1.));
#2627=DIRECTION('ref_axis',(1.,0.,0.));
#2628=DIRECTION('center_axis',(0.,0.,1.));
#2629=DIRECTION('ref_axis',(1.,0.,0.));
#2630=DIRECTION('center_axis',(0.,0.,1.));
#2631=DIRECTION('ref_axis',(1.,0.,0.));
#2632=DIRECTION('center_axis',(0.,0.,1.));
#2633=DIRECTION('ref_axis',(1.,0.,0.));
#2634=DIRECTION('center_axis',(0.,0.,1.));
#2635=DIRECTION('ref_axis',(1.,0.,0.));
#2636=DIRECTION('center_axis',(0.,0.,1.));
#2637=DIRECTION('ref_axis',(1.,0.,0.));
#2638=DIRECTION('center_axis',(0.,0.,1.));
#2639=DIRECTION('ref_axis',(1.,0.,0.));
#2640=DIRECTION('center_axis',(0.,0.,1.));
#2641=DIRECTION('ref_axis',(1.,0.,0.));
#2642=DIRECTION('center_axis',(0.,0.,1.));
#2643=DIRECTION('ref_axis',(1.,0.,0.));
#2644=DIRECTION('center_axis',(0.,0.,1.));
#2645=DIRECTION('ref_axis',(1.,0.,0.));
#2646=DIRECTION('center_axis',(0.,0.,1.));
#2647=DIRECTION('ref_axis',(1.,0.,0.));
#2648=DIRECTION('center_axis',(0.,0.,1.));
#2649=DIRECTION('ref_axis',(1.,0.,0.));
#2650=DIRECTION('center_axis',(0.,0.,1.));
#2651=DIRECTION('ref_axis',(1.,0.,0.));
#2652=DIRECTION('center_axis',(0.,0.,1.));
#2653=DIRECTION('ref_axis',(1.,0.,0.));
#2654=DIRECTION('center_axis',(0.,0.,1.));
#2655=DIRECTION('ref_axis',(1.,0.,0.));
#2656=DIRECTION('center_axis',(0.,0.,1.));
#2657=DIRECTION('ref_axis',(1.,0.,0.));
#2658=DIRECTION('center_axis',(0.,0.,-1.));
#2659=DIRECTION('ref_axis',(1.,0.,0.));
#2660=DIRECTION('center_axis',(0.,0.,-1.));
#2661=DIRECTION('ref_axis',(1.,0.,0.));
#2662=DIRECTION('center_axis',(0.,0.,-1.));
#2663=DIRECTION('ref_axis',(1.,0.,0.));
#2664=DIRECTION('center_axis',(0.,0.,-1.));
#2665=DIRECTION('ref_axis',(1.,0.,0.));
#2666=DIRECTION('center_axis',(0.,0.,-1.));
#2667=DIRECTION('ref_axis',(1.,0.,0.));
#2668=DIRECTION('center_axis',(0.,0.,-1.));
#2669=DIRECTION('ref_axis',(1.,0.,0.));
#2670=DIRECTION('center_axis',(0.,0.,-1.));
#2671=DIRECTION('ref_axis',(1.,0.,0.));
#2672=DIRECTION('center_axis',(0.,0.,-1.));
#2673=DIRECTION('ref_axis',(1.,0.,0.));
#2674=DIRECTION('center_axis',(0.,0.,-1.));
#2675=DIRECTION('ref_axis',(1.,0.,0.));
#2676=DIRECTION('center_axis',(0.,0.,-1.));
#2677=DIRECTION('ref_axis',(1.,0.,0.));
#2678=DIRECTION('center_axis',(0.,0.,-1.));
#2679=DIRECTION('ref_axis',(1.,0.,0.));
#2680=DIRECTION('center_axis',(0.,0.,-1.));
#2681=DIRECTION('ref_axis',(1.,0.,0.));
#2682=DIRECTION('center_axis',(0.,0.,-1.));
#2683=DIRECTION('ref_axis',(1.,0.,0.));
#2684=DIRECTION('center_axis',(0.,0.,-1.));
#2685=DIRECTION('ref_axis',(1.,0.,0.));
#2686=DIRECTION('center_axis',(0.,0.,-1.));
#2687=DIRECTION('ref_axis',(1.,0.,0.));
#2688=DIRECTION('center_axis',(0.,0.,-1.));
#2689=DIRECTION('ref_axis',(1.,0.,0.));
#2690=DIRECTION('center_axis',(0.,0.,-1.));
#2691=DIRECTION('ref_axis',(1.,0.,0.));
#2692=DIRECTION('center_axis',(0.,0.,-1.));
#2693=DIRECTION('ref_axis',(1.,0.,0.));
#2694=DIRECTION('center_axis',(0.,0.,-1.));
#2695=DIRECTION('ref_axis',(1.,0.,0.));
#2696=DIRECTION('center_axis',(0.,0.,-1.));
#2697=DIRECTION('ref_axis',(1.,0.,0.));
#2698=DIRECTION('center_axis',(0.,0.,-1.));
#2699=DIRECTION('ref_axis',(1.,0.,0.));
#2700=DIRECTION('center_axis',(0.,0.,-1.));
#2701=DIRECTION('ref_axis',(1.,0.,0.));
#2702=DIRECTION('center_axis',(0.,0.,-1.));
#2703=DIRECTION('ref_axis',(1.,0.,0.));
#2704=DIRECTION('center_axis',(0.,0.,-1.));
#2705=DIRECTION('ref_axis',(1.,0.,0.));
#2706=DIRECTION('center_axis',(0.,0.,-1.));
#2707=DIRECTION('ref_axis',(1.,0.,0.));
#2708=DIRECTION('center_axis',(0.,0.,-1.));
#2709=DIRECTION('ref_axis',(1.,0.,0.));
#2710=DIRECTION('center_axis',(0.,0.,-1.));
#2711=DIRECTION('ref_axis',(1.,0.,0.));
#2712=DIRECTION('center_axis',(0.,0.,-1.));
#2713=DIRECTION('ref_axis',(1.,0.,0.));
#2714=DIRECTION('center_axis',(0.,0.,-1.));
#2715=DIRECTION('ref_axis',(1.,0.,0.));
#2716=DIRECTION('center_axis',(0.,0.,-1.));
#2717=DIRECTION('ref_axis',(1.,0.,0.));
#2718=DIRECTION('center_axis',(0.,0.,-1.));
#2719=DIRECTION('ref_axis',(1.,0.,0.));
#2720=DIRECTION('center_axis',(0.,0.,-1.));
#2721=DIRECTION('ref_axis',(1.,0.,0.));
#2722=DIRECTION('center_axis',(0.,0.,-1.));
#2723=DIRECTION('ref_axis',(1.,0.,0.));
#2724=DIRECTION('center_axis',(0.,0.,-1.));
#2725=DIRECTION('ref_axis',(1.,0.,0.));
#2726=DIRECTION('center_axis',(0.,0.,-1.));
#2727=DIRECTION('ref_axis',(1.,0.,0.));
#2728=DIRECTION('center_axis',(0.,0.,-1.));
#2729=DIRECTION('ref_axis',(1.,0.,0.));
#2730=DIRECTION('center_axis',(0.,0.,-1.));
#2731=DIRECTION('ref_axis',(1.,0.,0.));
#2732=DIRECTION('center_axis',(0.,0.,-1.));
#2733=DIRECTION('ref_axis',(1.,0.,0.));
#2734=DIRECTION('center_axis',(0.,0.,-1.));
#2735=DIRECTION('ref_axis',(1.,0.,0.));
#2736=DIRECTION('center_axis',(0.,0.,-1.));
#2737=DIRECTION('ref_axis',(1.,0.,0.));
#2738=DIRECTION('center_axis',(0.,0.,-1.));
#2739=DIRECTION('ref_axis',(1.,0.,0.));
#2740=DIRECTION('center_axis',(0.,0.,-1.));
#2741=DIRECTION('ref_axis',(1.,0.,0.));
#2742=DIRECTION('center_axis',(0.,0.,-1.));
#2743=DIRECTION('ref_axis',(1.,0.,0.));
#2744=DIRECTION('center_axis',(0.,0.,-1.));
#2745=DIRECTION('ref_axis',(1.,0.,0.));
#2746=DIRECTION('center_axis',(0.,0.,-1.));
#2747=DIRECTION('ref_axis',(1.,0.,0.));
#2748=DIRECTION('center_axis',(0.,0.,-1.));
#2749=DIRECTION('ref_axis',(1.,0.,0.));
#2750=DIRECTION('center_axis',(0.,0.,-1.));
#2751=DIRECTION('ref_axis',(1.,0.,0.));
#2752=DIRECTION('center_axis',(0.,0.,-1.));
#2753=DIRECTION('ref_axis',(1.,0.,0.));
#2754=DIRECTION('center_axis',(0.,0.,-1.));
#2755=DIRECTION('ref_axis',(1.,0.,0.));
#2756=DIRECTION('center_axis',(0.,0.,-1.));
#2757=DIRECTION('ref_axis',(1.,0.,0.));
#2758=DIRECTION('center_axis',(0.,0.,-1.));
#2759=DIRECTION('ref_axis',(1.,0.,0.));
#2760=DIRECTION('center_axis',(0.,0.,-1.));
#2761=DIRECTION('ref_axis',(1.,0.,0.));
#2762=DIRECTION('center_axis',(0.,0.,-1.));
#2763=DIRECTION('ref_axis',(1.,0.,0.));
#2764=DIRECTION('center_axis',(0.,0.,-1.));
#2765=DIRECTION('ref_axis',(1.,0.,0.));
#2766=DIRECTION('center_axis',(0.,0.,-1.));
#2767=DIRECTION('ref_axis',(1.,0.,0.));
#2768=DIRECTION('center_axis',(0.,0.,-1.));
#2769=DIRECTION('ref_axis',(1.,0.,0.));
#2770=DIRECTION('center_axis',(0.,0.,-1.));
#2771=DIRECTION('ref_axis',(1.,0.,0.));
#2772=DIRECTION('center_axis',(0.,0.,-1.));
#2773=DIRECTION('ref_axis',(1.,0.,0.));
#2774=DIRECTION('center_axis',(0.,0.,-1.));
#2775=DIRECTION('ref_axis',(1.,0.,0.));
#2776=DIRECTION('center_axis',(0.,0.,-1.));
#2777=DIRECTION('ref_axis',(1.,0.,0.));
#2778=DIRECTION('center_axis',(0.,0.,-1.));
#2779=DIRECTION('ref_axis',(1.,0.,0.));
#2780=DIRECTION('center_axis',(0.,0.,-1.));
#2781=DIRECTION('ref_axis',(1.,0.,0.));
#2782=DIRECTION('center_axis',(0.,0.,-1.));
#2783=DIRECTION('ref_axis',(1.,0.,0.));
#2784=DIRECTION('center_axis',(0.,0.,-1.));
#2785=DIRECTION('ref_axis',(1.,0.,0.));
#2786=DIRECTION('center_axis',(0.,0.,-1.));
#2787=DIRECTION('ref_axis',(1.,0.,0.));
#2788=DIRECTION('center_axis',(0.,0.,-1.));
#2789=DIRECTION('ref_axis',(1.,0.,0.));
#2790=DIRECTION('center_axis',(0.,0.,-1.));
#2791=DIRECTION('ref_axis',(1.,0.,0.));
#2792=DIRECTION('center_axis',(0.,0.,-1.));
#2793=DIRECTION('ref_axis',(1.,0.,0.));
#2794=DIRECTION('center_axis',(0.,0.,-1.));
#2795=DIRECTION('ref_axis',(1.,0.,0.));
#2796=DIRECTION('center_axis',(0.,0.,-1.));
#2797=DIRECTION('ref_axis',(1.,0.,0.));
#2798=DIRECTION('center_axis',(0.,0.,-1.));
#2799=DIRECTION('ref_axis',(1.,0.,0.));
#2800=DIRECTION('center_axis',(0.,0.,-1.));
#2801=DIRECTION('ref_axis',(1.,0.,0.));
#2802=DIRECTION('center_axis',(0.,0.,-1.));
#2803=DIRECTION('ref_axis',(1.,0.,0.));
#2804=DIRECTION('center_axis',(0.,0.,1.));
#2805=DIRECTION('ref_axis',(1.,0.,0.));
#2806=DIRECTION('',(0.,0.,-1.));
#2807=DIRECTION('center_axis',(0.,0.,-1.));
#2808=DIRECTION('ref_axis',(1.,0.,0.));
#2809=DIRECTION('',(0.,0.,-1.));
#2810=DIRECTION('center_axis',(0.,0.,-1.));
#2811=DIRECTION('ref_axis',(1.,0.,0.));
#2812=DIRECTION('',(0.,0.,-1.));
#2813=DIRECTION('center_axis',(0.,0.,-1.));
#2814=DIRECTION('ref_axis',(1.,0.,0.));
#2815=DIRECTION('',(0.,0.,-1.));
#2816=DIRECTION('center_axis',(0.,0.,-1.));
#2817=DIRECTION('ref_axis',(1.,0.,0.));
#2818=DIRECTION('',(0.,0.,-1.));
#2819=DIRECTION('center_axis',(0.,0.,-1.));
#2820=DIRECTION('ref_axis',(1.,0.,0.));
#2821=DIRECTION('',(0.,0.,-1.));
#2822=DIRECTION('center_axis',(0.,0.,-1.));
#2823=DIRECTION('ref_axis',(1.,0.,0.));
#2824=DIRECTION('',(0.,0.,-1.));
#2825=DIRECTION('center_axis',(0.,0.,-1.));
#2826=DIRECTION('ref_axis',(1.,0.,0.));
#2827=DIRECTION('',(0.,0.,-1.));
#2828=DIRECTION('center_axis',(0.,0.,-1.));
#2829=DIRECTION('ref_axis',(1.,0.,0.));
#2830=DIRECTION('',(0.,0.,-1.));
#2831=DIRECTION('center_axis',(0.,0.,-1.));
#2832=DIRECTION('ref_axis',(1.,0.,0.));
#2833=DIRECTION('',(0.,0.,-1.));
#2834=DIRECTION('center_axis',(0.,0.,-1.));
#2835=DIRECTION('ref_axis',(1.,0.,0.));
#2836=DIRECTION('',(0.,0.,-1.));
#2837=DIRECTION('center_axis',(0.,0.,-1.));
#2838=DIRECTION('ref_axis',(1.,0.,0.));
#2839=DIRECTION('',(0.,0.,-1.));
#2840=DIRECTION('center_axis',(0.,0.,-1.));
#2841=DIRECTION('ref_axis',(1.,0.,0.));
#2842=DIRECTION('',(0.,0.,-1.));
#2843=DIRECTION('center_axis',(0.,0.,-1.));
#2844=DIRECTION('ref_axis',(1.,0.,0.));
#2845=DIRECTION('',(0.,0.,-1.));
#2846=DIRECTION('center_axis',(0.,0.,-1.));
#2847=DIRECTION('ref_axis',(1.,0.,0.));
#2848=DIRECTION('',(0.,0.,-1.));
#2849=DIRECTION('center_axis',(0.,0.,-1.));
#2850=DIRECTION('ref_axis',(1.,0.,0.));
#2851=DIRECTION('',(0.,0.,-1.));
#2852=DIRECTION('center_axis',(0.,0.,-1.));
#2853=DIRECTION('ref_axis',(1.,0.,0.));
#2854=DIRECTION('',(0.,0.,-1.));
#2855=DIRECTION('center_axis',(0.,0.,-1.));
#2856=DIRECTION('ref_axis',(1.,0.,0.));
#2857=DIRECTION('',(0.,0.,-1.));
#2858=DIRECTION('center_axis',(0.,0.,-1.));
#2859=DIRECTION('ref_axis',(1.,0.,0.));
#2860=DIRECTION('',(0.,0.,-1.));
#2861=DIRECTION('center_axis',(0.,0.,-1.));
#2862=DIRECTION('ref_axis',(1.,0.,0.));
#2863=DIRECTION('',(0.,0.,-1.));
#2864=DIRECTION('center_axis',(0.,0.,-1.));
#2865=DIRECTION('ref_axis',(1.,0.,0.));
#2866=DIRECTION('',(0.,0.,-1.));
#2867=DIRECTION('center_axis',(0.,0.,-1.));
#2868=DIRECTION('ref_axis',(1.,0.,0.));
#2869=DIRECTION('',(0.,0.,-1.));
#2870=DIRECTION('center_axis',(0.,0.,-1.));
#2871=DIRECTION('ref_axis',(1.,0.,0.));
#2872=DIRECTION('',(0.,0.,-1.));
#2873=DIRECTION('center_axis',(0.,0.,-1.));
#2874=DIRECTION('ref_axis',(1.,0.,0.));
#2875=DIRECTION('',(0.,0.,-1.));
#2876=DIRECTION('center_axis',(0.,0.,-1.));
#2877=DIRECTION('ref_axis',(1.,0.,0.));
#2878=DIRECTION('',(0.,0.,-1.));
#2879=DIRECTION('center_axis',(0.,0.,-1.));
#2880=DIRECTION('ref_axis',(1.,0.,0.));
#2881=DIRECTION('',(0.,0.,-1.));
#2882=DIRECTION('center_axis',(0.,0.,-1.));
#2883=DIRECTION('ref_axis',(1.,0.,0.));
#2884=DIRECTION('',(0.,0.,-1.));
#2885=DIRECTION('center_axis',(0.,0.,-1.));
#2886=DIRECTION('ref_axis',(1.,0.,0.));
#2887=DIRECTION('',(0.,0.,-1.));
#2888=DIRECTION('center_axis',(0.,0.,-1.));
#2889=DIRECTION('ref_axis',(1.,0.,0.));
#2890=DIRECTION('',(0.,0.,-1.));
#2891=DIRECTION('center_axis',(0.,0.,-1.));
#2892=DIRECTION('ref_axis',(1.,0.,0.));
#2893=DIRECTION('',(0.,0.,-1.));
#2894=DIRECTION('center_axis',(0.,0.,-1.));
#2895=DIRECTION('ref_axis',(1.,0.,0.));
#2896=DIRECTION('',(0.,0.,-1.));
#2897=DIRECTION('center_axis',(0.,0.,-1.));
#2898=DIRECTION('ref_axis',(1.,0.,0.));
#2899=DIRECTION('',(0.,0.,-1.));
#2900=DIRECTION('center_axis',(0.,0.,-1.));
#2901=DIRECTION('ref_axis',(1.,0.,0.));
#2902=DIRECTION('',(0.,0.,-1.));
#2903=DIRECTION('center_axis',(0.,0.,-1.));
#2904=DIRECTION('ref_axis',(1.,0.,0.));
#2905=DIRECTION('',(0.,0.,-1.));
#2906=DIRECTION('center_axis',(0.,0.,-1.));
#2907=DIRECTION('ref_axis',(1.,0.,0.));
#2908=DIRECTION('',(0.,0.,-1.));
#2909=DIRECTION('center_axis',(0.,0.,-1.));
#2910=DIRECTION('ref_axis',(1.,0.,0.));
#2911=DIRECTION('',(0.,0.,-1.));
#2912=DIRECTION('center_axis',(0.,0.,-1.));
#2913=DIRECTION('ref_axis',(1.,0.,0.));
#2914=DIRECTION('',(0.,0.,-1.));
#2915=DIRECTION('center_axis',(0.,0.,-1.));
#2916=DIRECTION('ref_axis',(1.,0.,0.));
#2917=DIRECTION('',(0.,0.,-1.));
#2918=DIRECTION('center_axis',(0.,0.,-1.));
#2919=DIRECTION('ref_axis',(1.,0.,0.));
#2920=DIRECTION('',(0.,0.,-1.));
#2921=DIRECTION('center_axis',(0.,0.,-1.));
#2922=DIRECTION('ref_axis',(1.,0.,0.));
#2923=DIRECTION('',(0.,0.,-1.));
#2924=DIRECTION('center_axis',(0.,0.,-1.));
#2925=DIRECTION('ref_axis',(1.,0.,0.));
#2926=DIRECTION('',(0.,0.,-1.));
#2927=DIRECTION('center_axis',(0.,0.,-1.));
#2928=DIRECTION('ref_axis',(1.,0.,0.));
#2929=DIRECTION('',(0.,0.,-1.));
#2930=DIRECTION('center_axis',(0.,0.,-1.));
#2931=DIRECTION('ref_axis',(1.,0.,0.));
#2932=DIRECTION('',(0.,0.,-1.));
#2933=DIRECTION('center_axis',(0.,0.,-1.));
#2934=DIRECTION('ref_axis',(1.,0.,0.));
#2935=DIRECTION('',(0.,0.,-1.));
#2936=DIRECTION('center_axis',(0.,0.,-1.));
#2937=DIRECTION('ref_axis',(1.,0.,0.));
#2938=DIRECTION('',(0.,0.,-1.));
#2939=DIRECTION('center_axis',(0.,0.,-1.));
#2940=DIRECTION('ref_axis',(1.,0.,0.));
#2941=DIRECTION('',(0.,0.,-1.));
#2942=DIRECTION('center_axis',(0.,0.,-1.));
#2943=DIRECTION('ref_axis',(1.,0.,0.));
#2944=DIRECTION('',(0.,0.,-1.));
#2945=DIRECTION('center_axis',(0.,0.,-1.));
#2946=DIRECTION('ref_axis',(1.,0.,0.));
#2947=DIRECTION('',(0.,0.,-1.));
#2948=DIRECTION('center_axis',(0.,0.,-1.));
#2949=DIRECTION('ref_axis',(1.,0.,0.));
#2950=DIRECTION('',(0.,0.,-1.));
#2951=DIRECTION('center_axis',(0.,0.,-1.));
#2952=DIRECTION('ref_axis',(1.,0.,0.));
#2953=DIRECTION('',(0.,0.,-1.));
#2954=DIRECTION('center_axis',(0.,0.,-1.));
#2955=DIRECTION('ref_axis',(1.,0.,0.));
#2956=DIRECTION('',(0.,0.,-1.));
#2957=DIRECTION('center_axis',(0.,0.,-1.));
#2958=DIRECTION('ref_axis',(1.,0.,0.));
#2959=DIRECTION('',(0.,0.,-1.));
#2960=DIRECTION('center_axis',(0.,0.,-1.));
#2961=DIRECTION('ref_axis',(1.,0.,0.));
#2962=DIRECTION('',(0.,0.,-1.));
#2963=DIRECTION('center_axis',(0.,0.,-1.));
#2964=DIRECTION('ref_axis',(1.,0.,0.));
#2965=DIRECTION('',(0.,0.,-1.));
#2966=DIRECTION('center_axis',(0.,0.,-1.));
#2967=DIRECTION('ref_axis',(1.,0.,0.));
#2968=DIRECTION('',(0.,0.,-1.));
#2969=DIRECTION('center_axis',(0.,0.,-1.));
#2970=DIRECTION('ref_axis',(1.,0.,0.));
#2971=DIRECTION('',(0.,0.,-1.));
#2972=DIRECTION('center_axis',(0.,0.,-1.));
#2973=DIRECTION('ref_axis',(1.,0.,0.));
#2974=DIRECTION('',(0.,0.,-1.));
#2975=DIRECTION('center_axis',(0.,0.,-1.));
#2976=DIRECTION('ref_axis',(1.,0.,0.));
#2977=DIRECTION('',(0.,0.,-1.));
#2978=DIRECTION('center_axis',(0.,0.,-1.));
#2979=DIRECTION('ref_axis',(1.,0.,0.));
#2980=DIRECTION('',(0.,0.,-1.));
#2981=DIRECTION('center_axis',(0.,0.,-1.));
#2982=DIRECTION('ref_axis',(1.,0.,0.));
#2983=DIRECTION('',(0.,0.,-1.));
#2984=DIRECTION('center_axis',(0.,0.,-1.));
#2985=DIRECTION('ref_axis',(1.,0.,0.));
#2986=DIRECTION('',(0.,0.,-1.));
#2987=DIRECTION('center_axis',(0.,0.,-1.));
#2988=DIRECTION('ref_axis',(1.,0.,0.));
#2989=DIRECTION('',(0.,0.,-1.));
#2990=DIRECTION('center_axis',(0.,0.,-1.));
#2991=DIRECTION('ref_axis',(1.,0.,0.));
#2992=DIRECTION('',(0.,0.,-1.));
#2993=DIRECTION('center_axis',(0.,0.,-1.));
#2994=DIRECTION('ref_axis',(1.,0.,0.));
#2995=DIRECTION('',(0.,0.,-1.));
#2996=DIRECTION('center_axis',(0.,0.,-1.));
#2997=DIRECTION('ref_axis',(1.,0.,0.));
#2998=DIRECTION('',(0.,0.,-1.));
#2999=DIRECTION('center_axis',(0.,0.,-1.));
#3000=DIRECTION('ref_axis',(1.,0.,0.));
#3001=DIRECTION('',(0.,0.,-1.));
#3002=DIRECTION('center_axis',(0.,0.,-1.));
#3003=DIRECTION('ref_axis',(1.,0.,0.));
#3004=DIRECTION('',(0.,0.,-1.));
#3005=DIRECTION('center_axis',(0.,0.,-1.));
#3006=DIRECTION('ref_axis',(1.,0.,0.));
#3007=DIRECTION('',(0.,0.,-1.));
#3008=DIRECTION('center_axis',(0.,0.,-1.));
#3009=DIRECTION('ref_axis',(1.,0.,0.));
#3010=DIRECTION('',(0.,0.,-1.));
#3011=DIRECTION('center_axis',(0.,0.,-1.));
#3012=DIRECTION('ref_axis',(1.,0.,0.));
#3013=DIRECTION('',(0.,0.,-1.));
#3014=DIRECTION('center_axis',(0.,0.,-1.));
#3015=DIRECTION('ref_axis',(1.,0.,0.));
#3016=DIRECTION('',(0.,0.,-1.));
#3017=DIRECTION('center_axis',(0.,0.,-1.));
#3018=DIRECTION('ref_axis',(1.,0.,0.));
#3019=DIRECTION('',(0.,0.,-1.));
#3020=DIRECTION('center_axis',(0.,0.,-1.));
#3021=DIRECTION('ref_axis',(1.,0.,0.));
#3022=DIRECTION('',(0.,0.,-1.));
#3023=DIRECTION('center_axis',(0.,0.,-1.));
#3024=DIRECTION('ref_axis',(1.,0.,0.));
#3025=DIRECTION('',(0.,0.,-1.));
#3026=DIRECTION('axis',(0.,0.,1.));
#3027=DIRECTION('refdir',(1.,0.,0.));
#3028=DIRECTION('center_axis',(0.,0.,1.));
#3029=DIRECTION('ref_axis',(1.,0.,0.));
#3030=DIRECTION('center_axis',(0.,0.,-1.));
#3031=DIRECTION('ref_axis',(1.,0.,0.));
#3032=DIRECTION('',(0.,0.,-1.));
#3033=DIRECTION('center_axis',(0.,0.,-1.));
#3034=DIRECTION('ref_axis',(1.,0.,0.));
#3035=DIRECTION('center_axis',(0.,0.,1.));
#3036=DIRECTION('ref_axis',(1.,0.,0.));
#3037=DIRECTION('center_axis',(0.,0.,1.));
#3038=DIRECTION('ref_axis',(1.,0.,0.));
#3039=DIRECTION('',(0.,0.,-1.));
#3040=DIRECTION('center_axis',(0.,0.,1.));
#3041=DIRECTION('ref_axis',(1.,0.,0.));
#3042=DIRECTION('center_axis',(0.,0.,1.));
#3043=DIRECTION('ref_axis',(1.,0.,0.));
#3044=DIRECTION('center_axis',(0.,0.,1.));
#3045=DIRECTION('ref_axis',(1.,0.,0.));
#3046=DIRECTION('axis',(0.,0.,1.));
#3047=DIRECTION('refdir',(1.,0.,0.));
#3048=DIRECTION('center_axis',(0.,0.,-1.));
#3049=DIRECTION('ref_axis',(-1.,0.,0.));
#3050=DIRECTION('center_axis',(0.,0.,1.));
#3051=DIRECTION('ref_axis',(1.,0.,0.));
#3052=DIRECTION('center_axis',(0.,0.,1.));
#3053=DIRECTION('ref_axis',(1.,0.,0.));
#3054=DIRECTION('center_axis',(0.,0.,1.));
#3055=DIRECTION('ref_axis',(1.,0.,0.));
#3056=DIRECTION('',(0.742059616926814,9.08760934645934E-17,-0.670333890629461));
#3057=DIRECTION('center_axis',(0.,0.,-1.));
#3058=DIRECTION('ref_axis',(-1.,0.,0.));
#3059=DIRECTION('center_axis',(0.,0.,1.));
#3060=DIRECTION('ref_axis',(1.,0.,0.));
#3061=DIRECTION('center_axis',(0.,0.,1.));
#3062=DIRECTION('ref_axis',(1.,0.,0.));
#3063=DIRECTION('center_axis',(0.,0.,1.));
#3064=DIRECTION('ref_axis',(1.,0.,0.));
#3065=DIRECTION('',(0.,0.,-1.));
#3066=DIRECTION('center_axis',(0.,0.,1.));
#3067=DIRECTION('ref_axis',(1.,0.,0.));
#3068=DIRECTION('center_axis',(0.,0.,1.));
#3069=DIRECTION('ref_axis',(1.,0.,0.));
#3070=DIRECTION('center_axis',(0.,0.,-1.));
#3071=DIRECTION('ref_axis',(1.,0.,0.));
#3072=DIRECTION('center_axis',(0.,0.,1.));
#3073=DIRECTION('ref_axis',(1.,0.,0.));
#3074=DIRECTION('',(-0.807624156468013,-9.89054338132633E-17,-0.589697568156195));
#3075=DIRECTION('center_axis',(0.,0.,1.));
#3076=DIRECTION('ref_axis',(1.,0.,0.));
#3077=DIRECTION('',(0.,0.,1.));
#3078=DIRECTION('',(1.,0.,0.));
#3079=DIRECTION('',(0.,0.,-1.));
#3080=DIRECTION('',(1.,0.,0.));
#3081=DIRECTION('',(0.,0.,1.));
#3082=DIRECTION('',(1.,0.,0.));
#3083=CARTESIAN_POINT('',(0.,0.,0.));
#3084=CARTESIAN_POINT('',(0.,0.,0.));
#3085=CARTESIAN_POINT('Origin',(-28.6231869852779,-24.994262677779,15.));
#3086=CARTESIAN_POINT('',(-30.8731869852779,-24.994262677779,15.));
#3087=CARTESIAN_POINT('Origin',(-28.6231869852779,-24.994262677779,15.));
#3088=CARTESIAN_POINT('',(-30.8731869852779,-24.994262677779,10.));
#3089=CARTESIAN_POINT('',(-30.8731869852779,-24.994262677779,15.));
#3090=CARTESIAN_POINT('Origin',(-28.6231869852779,-24.994262677779,10.));
#3091=CARTESIAN_POINT('Origin',(28.6231869852779,24.994262677779,15.));
#3092=CARTESIAN_POINT('',(26.3731869852779,24.994262677779,15.));
#3093=CARTESIAN_POINT('Origin',(28.6231869852779,24.994262677779,15.));
#3094=CARTESIAN_POINT('',(26.3731869852779,24.994262677779,10.));
#3095=CARTESIAN_POINT('',(26.3731869852779,24.994262677779,15.));
#3096=CARTESIAN_POINT('Origin',(28.6231869852779,24.994262677779,10.));
#3097=CARTESIAN_POINT('Origin',(2.56603698624514,37.9132622466759,15.));
#3098=CARTESIAN_POINT('',(0.316036986245136,37.9132622466759,15.));
#3099=CARTESIAN_POINT('Origin',(2.56603698624514,37.9132622466759,15.));
#3100=CARTESIAN_POINT('',(0.316036986245136,37.9132622466759,10.));
#3101=CARTESIAN_POINT('',(0.316036986245136,37.9132622466759,15.));
#3102=CARTESIAN_POINT('Origin',(2.56603698624514,37.9132622466759,10.));
#3103=CARTESIAN_POINT('Origin',(-2.56603698624515,-37.9132622466759,15.));
#3104=CARTESIAN_POINT('',(-4.81603698624515,-37.9132622466759,15.));
#3105=CARTESIAN_POINT('Origin',(-2.56603698624515,-37.9132622466759,15.));
#3106=CARTESIAN_POINT('',(-4.81603698624515,-37.9132622466759,10.));
#3107=CARTESIAN_POINT('',(-4.81603698624515,-37.9132622466759,15.));
#3108=CARTESIAN_POINT('Origin',(-2.56603698624515,-37.9132622466759,10.));
#3109=CARTESIAN_POINT('Origin',(-37.9132622466759,2.56603698624515,15.));
#3110=CARTESIAN_POINT('',(-40.1632622466759,2.56603698624515,15.));
#3111=CARTESIAN_POINT('Origin',(-37.9132622466759,2.56603698624515,15.));
#3112=CARTESIAN_POINT('',(-40.1632622466759,2.56603698624515,10.));
#3113=CARTESIAN_POINT('',(-40.1632622466759,2.56603698624515,15.));
#3114=CARTESIAN_POINT('Origin',(-37.9132622466759,2.56603698624515,10.));
#3115=CARTESIAN_POINT('Origin',(37.9132622466759,-2.56603698624514,15.));
#3116=CARTESIAN_POINT('',(35.6632622466759,-2.56603698624514,15.));
#3117=CARTESIAN_POINT('Origin',(37.9132622466759,-2.56603698624514,15.));
#3118=CARTESIAN_POINT('',(35.6632622466759,-2.56603698624514,10.));
#3119=CARTESIAN_POINT('',(35.6632622466759,-2.56603698624514,15.));
#3120=CARTESIAN_POINT('Origin',(37.9132622466759,-2.56603698624514,10.));
#3121=CARTESIAN_POINT('Origin',(-24.994262677779,28.6231869852779,15.));
#3122=CARTESIAN_POINT('',(-27.244262677779,28.6231869852779,15.));
#3123=CARTESIAN_POINT('Origin',(-24.994262677779,28.6231869852779,15.));
#3124=CARTESIAN_POINT('',(-27.244262677779,28.6231869852779,10.));
#3125=CARTESIAN_POINT('',(-27.244262677779,28.6231869852779,15.));
#3126=CARTESIAN_POINT('Origin',(-24.994262677779,28.6231869852779,10.));
#3127=CARTESIAN_POINT('Origin',(24.994262677779,-28.6231869852779,15.));
#3128=CARTESIAN_POINT('',(22.744262677779,-28.6231869852779,15.));
#3129=CARTESIAN_POINT('Origin',(24.994262677779,-28.6231869852779,15.));
#3130=CARTESIAN_POINT('',(22.744262677779,-28.6231869852779,10.));
#3131=CARTESIAN_POINT('',(22.744262677779,-28.6231869852779,15.));
#3132=CARTESIAN_POINT('Origin',(24.994262677779,-28.6231869852779,10.));
#3133=CARTESIAN_POINT('Origin',(0.,0.,10.));
#3134=CARTESIAN_POINT('',(-35.,-4.28626379701574E-15,15.));
#3135=CARTESIAN_POINT('Origin',(0.,0.,15.));
#3136=CARTESIAN_POINT('',(-35.,-4.28626379701574E-15,10.));
#3137=CARTESIAN_POINT('',(-35.,-4.28626379701574E-15,10.));
#3138=CARTESIAN_POINT('Origin',(0.,0.,10.));
#3139=CARTESIAN_POINT('Origin',(0.,0.,10.));
#3140=CARTESIAN_POINT('',(-41.,-5.02105187650415E-15,15.));
#3141=CARTESIAN_POINT('Origin',(0.,0.,15.));
#3142=CARTESIAN_POINT('',(-41.,-5.02105187650415E-15,10.));
#3143=CARTESIAN_POINT('',(-41.,-5.02105187650415E-15,10.));
#3144=CARTESIAN_POINT('Origin',(0.,0.,10.));
#3145=CARTESIAN_POINT('Origin',(0.,0.,15.));
#3146=CARTESIAN_POINT('Origin',(0.,0.,10.));
#3147=CARTESIAN_POINT('Origin',(0.,0.,0.));
#3148=CARTESIAN_POINT('',(-35.,-4.28626379701574E-15,0.));
#3149=CARTESIAN_POINT('Origin',(0.,0.,0.));
#3150=CARTESIAN_POINT('',(-0.5,-6.12323399573677E-17,0.));
#3151=CARTESIAN_POINT('Origin',(0.,0.,0.));
#3152=CARTESIAN_POINT('',(17.080767186922,3.85126750099939,0.));
#3153=CARTESIAN_POINT('Origin',(17.580767186922,3.85126750099939,0.));
#3154=CARTESIAN_POINT('',(16.651024752394,-5.45508810082612,0.));
#3155=CARTESIAN_POINT('Origin',(17.151024752394,-5.45508810082612,0.));
#3156=CARTESIAN_POINT('',(11.6256790860959,-13.2997572513946,0.));
#3157=CARTESIAN_POINT('Origin',(12.1256790860959,-13.2997572513946,0.));
#3158=CARTESIAN_POINT('',(3.3512675009994,-17.580767186922,0.));
#3159=CARTESIAN_POINT('Origin',(3.8512675009994,-17.580767186922,0.));
#3160=CARTESIAN_POINT('',(-5.95508810082611,-17.151024752394,0.));
#3161=CARTESIAN_POINT('Origin',(-5.45508810082611,-17.151024752394,0.));
#3162=CARTESIAN_POINT('',(-13.7997572513946,-12.1256790860959,0.));
#3163=CARTESIAN_POINT('Origin',(-13.2997572513946,-12.1256790860959,0.));
#3164=CARTESIAN_POINT('',(-18.080767186922,-3.8512675009994,0.));
#3165=CARTESIAN_POINT('Origin',(-17.580767186922,-3.8512675009994,0.));
#3166=CARTESIAN_POINT('',(-17.651024752394,5.45508810082611,0.));
#3167=CARTESIAN_POINT('Origin',(-17.151024752394,5.45508810082611,0.));
#3168=CARTESIAN_POINT('',(-12.6256790860959,13.2997572513946,0.));
#3169=CARTESIAN_POINT('Origin',(-12.1256790860959,13.2997572513946,0.));
#3170=CARTESIAN_POINT('',(-4.3512675009994,17.580767186922,0.));
#3171=CARTESIAN_POINT('Origin',(-3.8512675009994,17.580767186922,0.));
#3172=CARTESIAN_POINT('',(4.95508810082611,17.151024752394,0.));
#3173=CARTESIAN_POINT('Origin',(5.45508810082611,17.151024752394,0.));
#3174=CARTESIAN_POINT('',(12.7997572513946,12.1256790860959,0.));
#3175=CARTESIAN_POINT('Origin',(13.2997572513946,12.1256790860959,0.));
#3176=CARTESIAN_POINT('',(14.4344063567769,1.41661983509191,0.));
#3177=CARTESIAN_POINT('Origin',(14.9344063567769,1.41661983509191,0.));
#3178=CARTESIAN_POINT('',(11.0619214996293,-9.55851851611555,0.));
#3179=CARTESIAN_POINT('Origin',(11.5619214996293,-9.55851851611555,0.));
#3180=CARTESIAN_POINT('',(0.916619835091913,-14.9344063567769,0.));
#3181=CARTESIAN_POINT('Origin',(1.41661983509191,-14.9344063567769,0.));
#3182=CARTESIAN_POINT('',(-10.0585185161155,-11.5619214996293,0.));
#3183=CARTESIAN_POINT('Origin',(-9.55851851611555,-11.5619214996293,0.));
#3184=CARTESIAN_POINT('',(-15.4344063567769,-1.41661983509191,0.));
#3185=CARTESIAN_POINT('Origin',(-14.9344063567769,-1.41661983509191,0.));
#3186=CARTESIAN_POINT('',(5.00000008195639,2.5000000372529,0.));
#3187=CARTESIAN_POINT('Origin',(5.50000008195639,2.5000000372529,0.));
#3188=CARTESIAN_POINT('',(-7.52393595593732,13.2554754223832,0.));
#3189=CARTESIAN_POINT('Origin',(-7.02393595593732,13.2554754223832,0.));
#3190=CARTESIAN_POINT('',(3.90636381395546,14.339709304082,0.));
#3191=CARTESIAN_POINT('Origin',(4.40636381395546,14.339709304082,0.));
#3192=CARTESIAN_POINT('',(7.68222327323877,8.7795991448326,0.));
#3193=CARTESIAN_POINT('Origin',(8.18222327323877,8.7795991448326,0.));
#3194=CARTESIAN_POINT('',(11.4938196531003,0.422408529721229,0.));
#3195=CARTESIAN_POINT('Origin',(11.9938196531003,0.422408529721229,0.));
#3196=CARTESIAN_POINT('',(8.2795991448326,-8.18222327323877,0.));
#3197=CARTESIAN_POINT('Origin',(8.7795991448326,-8.18222327323877,0.));
#3198=CARTESIAN_POINT('',(-0.0775914702787724,-11.9938196531003,0.));
#3199=CARTESIAN_POINT('Origin',(0.422408529721228,-11.9938196531003,0.));
#3200=CARTESIAN_POINT('',(-8.68222327323877,-8.77959914483261,0.));
#3201=CARTESIAN_POINT('Origin',(-8.18222327323877,-8.77959914483261,0.));
#3202=CARTESIAN_POINT('',(-12.4938196531003,-0.422408529721229,0.));
#3203=CARTESIAN_POINT('Origin',(-11.9938196531003,-0.422408529721229,0.));
#3204=CARTESIAN_POINT('',(-9.27959914483261,8.18222327323877,0.));
#3205=CARTESIAN_POINT('Origin',(-8.77959914483261,8.18222327323877,0.));
#3206=CARTESIAN_POINT('',(-0.922408529721229,11.9938196531003,0.));
#3207=CARTESIAN_POINT('Origin',(-0.422408529721229,11.9938196531003,0.));
#3208=CARTESIAN_POINT('',(8.48025592034479,-0.636396088843333,0.));
#3209=CARTESIAN_POINT('Origin',(8.98025592034479,-0.636396088843333,0.));
#3210=CARTESIAN_POINT('',(-1.13639608884333,-8.98025592034479,0.));
#3211=CARTESIAN_POINT('Origin',(-0.636396088843331,-8.98025592034479,0.));
#3212=CARTESIAN_POINT('',(-9.48025592034479,0.636396088843333,0.));
#3213=CARTESIAN_POINT('Origin',(-8.98025592034479,0.636396088843333,0.));
#3214=CARTESIAN_POINT('',(0.13639608884333,8.98025592034479,0.));
#3215=CARTESIAN_POINT('Origin',(0.636396088843331,8.98025592034479,0.));
#3216=CARTESIAN_POINT('',(5.15685433378608,-2.12132037516978,0.));
#3217=CARTESIAN_POINT('Origin',(5.65685433378608,-2.12132037516978,0.));
#3218=CARTESIAN_POINT('',(-2.62132037516978,-5.65685433378608,0.));
#3219=CARTESIAN_POINT('Origin',(-2.12132037516978,-5.65685433378608,0.));
#3220=CARTESIAN_POINT('',(-6.15685433378608,2.12132037516978,0.));
#3221=CARTESIAN_POINT('Origin',(-5.65685433378608,2.12132037516978,0.));
#3222=CARTESIAN_POINT('',(1.62132037516978,5.65685433378608,0.));
#3223=CARTESIAN_POINT('Origin',(2.12132037516978,5.65685433378608,0.));
#3224=CARTESIAN_POINT('',(-3.0000000372529,5.50000008195639,0.));
#3225=CARTESIAN_POINT('Origin',(-2.5000000372529,5.50000008195639,0.));
#3226=CARTESIAN_POINT('',(-6.00000008195639,-2.5000000372529,0.));
#3227=CARTESIAN_POINT('Origin',(-5.50000008195639,-2.5000000372529,0.));
#3228=CARTESIAN_POINT('',(2.0000000372529,-5.50000008195639,0.));
#3229=CARTESIAN_POINT('Origin',(2.5000000372529,-5.50000008195639,0.));
#3230=CARTESIAN_POINT('',(6.29999984800816,5.89999986812472,0.));
#3231=CARTESIAN_POINT('Origin',(6.79999984800816,5.89999986812472,0.));
#3232=CARTESIAN_POINT('',(-6.39999986812473,6.79999984800816,0.));
#3233=CARTESIAN_POINT('Origin',(-5.89999986812473,6.79999984800816,0.));
#3234=CARTESIAN_POINT('',(-7.29999984800816,-5.89999986812472,0.));
#3235=CARTESIAN_POINT('Origin',(-6.79999984800816,-5.89999986812472,0.));
#3236=CARTESIAN_POINT('',(5.39999986812472,-6.79999984800816,0.));
#3237=CARTESIAN_POINT('Origin',(5.89999986812472,-6.79999984800816,0.));
#3238=CARTESIAN_POINT('',(3.69958147704865,11.242493240145,0.));
#3239=CARTESIAN_POINT('Origin',(4.19958147704865,11.242493240145,0.));
#3240=CARTESIAN_POINT('',(-5.48009066698391,10.9191957481169,0.));
#3241=CARTESIAN_POINT('Origin',(-4.98009066698391,10.9191957481169,0.));
#3242=CARTESIAN_POINT('',(-11.742493240145,4.19958147704865,0.));
#3243=CARTESIAN_POINT('Origin',(-11.242493240145,4.19958147704865,0.));
#3244=CARTESIAN_POINT('',(-11.419195748117,-4.98009066698391,0.));
#3245=CARTESIAN_POINT('Origin',(-10.919195748117,-4.98009066698391,0.));
#3246=CARTESIAN_POINT('',(-4.69958147704865,-11.242493240145,0.));
#3247=CARTESIAN_POINT('Origin',(-4.19958147704865,-11.242493240145,0.));
#3248=CARTESIAN_POINT('',(4.48009066698391,-10.9191957481169,0.));
#3249=CARTESIAN_POINT('Origin',(4.98009066698391,-10.9191957481169,0.));
#3250=CARTESIAN_POINT('',(10.742493240145,-4.19958147704866,0.));
#3251=CARTESIAN_POINT('Origin',(11.242493240145,-4.19958147704866,0.));
#3252=CARTESIAN_POINT('',(10.419195748117,4.98009066698391,0.));
#3253=CARTESIAN_POINT('Origin',(10.919195748117,4.98009066698391,0.));
#3254=CARTESIAN_POINT('',(9.05851851611555,11.5619214996293,0.));
#3255=CARTESIAN_POINT('Origin',(9.55851851611554,11.5619214996293,0.));
#3256=CARTESIAN_POINT('',(-1.91661983509191,14.9344063567769,0.));
#3257=CARTESIAN_POINT('Origin',(-1.41661983509191,14.9344063567769,0.));
#3258=CARTESIAN_POINT('',(-12.0619214996293,9.55851851611554,0.));
#3259=CARTESIAN_POINT('Origin',(-11.5619214996293,9.55851851611554,0.));
#3260=CARTESIAN_POINT('',(-14.839709304082,4.40636381395546,0.));
#3261=CARTESIAN_POINT('Origin',(-14.339709304082,4.40636381395546,0.));
#3262=CARTESIAN_POINT('',(-13.7554754223832,-7.02393595593732,0.));
#3263=CARTESIAN_POINT('Origin',(-13.2554754223832,-7.02393595593732,0.));
#3264=CARTESIAN_POINT('',(-4.90636381395546,-14.339709304082,0.));
#3265=CARTESIAN_POINT('Origin',(-4.40636381395546,-14.339709304082,0.));
#3266=CARTESIAN_POINT('',(6.52393595593731,-13.2554754223832,0.));
#3267=CARTESIAN_POINT('Origin',(7.02393595593731,-13.2554754223832,0.));
#3268=CARTESIAN_POINT('',(13.839709304082,-4.40636381395546,0.));
#3269=CARTESIAN_POINT('Origin',(14.339709304082,-4.40636381395546,0.));
#3270=CARTESIAN_POINT('',(12.7554754223832,7.02393595593731,0.));
#3271=CARTESIAN_POINT('Origin',(13.2554754223832,7.02393595593731,0.));
#3272=CARTESIAN_POINT('',(9.20822233021445,15.1547370624545,0.));
#3273=CARTESIAN_POINT('Origin',(9.70822233021445,15.1547370624545,0.));
#3274=CARTESIAN_POINT('',(0.330198632325798,17.9784984488664,0.));
#3275=CARTESIAN_POINT('Origin',(0.830198632325798,17.9784984488664,0.));
#3276=CARTESIAN_POINT('',(-8.77027611865197,15.9849356947803,0.));
#3277=CARTESIAN_POINT('Origin',(-8.27027611865197,15.9849356947803,0.));
#3278=CARTESIAN_POINT('',(-15.6547370624545,9.70822233021445,0.));
#3279=CARTESIAN_POINT('Origin',(-15.1547370624545,9.70822233021445,0.));
#3280=CARTESIAN_POINT('',(-18.4784984488664,0.830198632325801,0.));
#3281=CARTESIAN_POINT('Origin',(-17.9784984488664,0.830198632325801,0.));
#3282=CARTESIAN_POINT('',(-16.4849356947803,-8.27027611865196,0.));
#3283=CARTESIAN_POINT('Origin',(-15.9849356947803,-8.27027611865196,0.));
#3284=CARTESIAN_POINT('',(-10.2082223302145,-15.1547370624545,0.));
#3285=CARTESIAN_POINT('Origin',(-9.70822233021446,-15.1547370624545,0.));
#3286=CARTESIAN_POINT('',(-1.33019863232581,-17.9784984488664,0.));
#3287=CARTESIAN_POINT('Origin',(-0.830198632325809,-17.9784984488664,0.));
#3288=CARTESIAN_POINT('',(7.77027611865195,-15.9849356947803,0.));
#3289=CARTESIAN_POINT('Origin',(8.27027611865196,-15.9849356947803,0.));
#3290=CARTESIAN_POINT('',(14.6547370624545,-9.70822233021446,0.));
#3291=CARTESIAN_POINT('Origin',(15.1547370624545,-9.70822233021446,0.));
#3292=CARTESIAN_POINT('',(17.4784984488664,-0.830198632325803,0.));
#3293=CARTESIAN_POINT('Origin',(17.9784984488664,-0.830198632325803,0.));
#3294=CARTESIAN_POINT('',(15.4849356947803,8.27027611865195,0.));
#3295=CARTESIAN_POINT('Origin',(15.9849356947803,8.27027611865195,0.));
#3296=CARTESIAN_POINT('Origin',(0.,0.,10.));
#3297=CARTESIAN_POINT('',(-35.,-4.28626379701574E-15,10.));
#3298=CARTESIAN_POINT('Origin',(0.,0.,10.));
#3299=CARTESIAN_POINT('',(-0.5,-6.12323399573677E-17,10.));
#3300=CARTESIAN_POINT('Origin',(0.,0.,10.));
#3301=CARTESIAN_POINT('',(17.080767186922,3.85126750099939,10.));
#3302=CARTESIAN_POINT('Origin',(17.580767186922,3.85126750099939,10.));
#3303=CARTESIAN_POINT('',(16.651024752394,-5.45508810082612,10.));
#3304=CARTESIAN_POINT('Origin',(17.151024752394,-5.45508810082612,10.));
#3305=CARTESIAN_POINT('',(11.6256790860959,-13.2997572513946,10.));
#3306=CARTESIAN_POINT('Origin',(12.1256790860959,-13.2997572513946,10.));
#3307=CARTESIAN_POINT('',(3.3512675009994,-17.580767186922,10.));
#3308=CARTESIAN_POINT('Origin',(3.8512675009994,-17.580767186922,10.));
#3309=CARTESIAN_POINT('',(-5.95508810082611,-17.151024752394,10.));
#3310=CARTESIAN_POINT('Origin',(-5.45508810082611,-17.151024752394,10.));
#3311=CARTESIAN_POINT('',(-13.7997572513946,-12.1256790860959,10.));
#3312=CARTESIAN_POINT('Origin',(-13.2997572513946,-12.1256790860959,10.));
#3313=CARTESIAN_POINT('',(-18.080767186922,-3.8512675009994,10.));
#3314=CARTESIAN_POINT('Origin',(-17.580767186922,-3.8512675009994,10.));
#3315=CARTESIAN_POINT('',(-17.651024752394,5.45508810082611,10.));
#3316=CARTESIAN_POINT('Origin',(-17.151024752394,5.45508810082611,10.));
#3317=CARTESIAN_POINT('',(-12.6256790860959,13.2997572513946,10.));
#3318=CARTESIAN_POINT('Origin',(-12.1256790860959,13.2997572513946,10.));
#3319=CARTESIAN_POINT('',(-4.3512675009994,17.580767186922,10.));
#3320=CARTESIAN_POINT('Origin',(-3.8512675009994,17.580767186922,10.));
#3321=CARTESIAN_POINT('',(4.95508810082611,17.151024752394,10.));
#3322=CARTESIAN_POINT('Origin',(5.45508810082611,17.151024752394,10.));
#3323=CARTESIAN_POINT('',(12.7997572513946,12.1256790860959,10.));
#3324=CARTESIAN_POINT('Origin',(13.2997572513946,12.1256790860959,10.));
#3325=CARTESIAN_POINT('',(14.4344063567769,1.41661983509191,10.));
#3326=CARTESIAN_POINT('Origin',(14.9344063567769,1.41661983509191,10.));
#3327=CARTESIAN_POINT('',(11.0619214996293,-9.55851851611555,10.));
#3328=CARTESIAN_POINT('Origin',(11.5619214996293,-9.55851851611555,10.));
#3329=CARTESIAN_POINT('',(0.916619835091913,-14.9344063567769,10.));
#3330=CARTESIAN_POINT('Origin',(1.41661983509191,-14.9344063567769,10.));
#3331=CARTESIAN_POINT('',(-10.0585185161155,-11.5619214996293,10.));
#3332=CARTESIAN_POINT('Origin',(-9.55851851611555,-11.5619214996293,10.));
#3333=CARTESIAN_POINT('',(-15.4344063567769,-1.41661983509191,10.));
#3334=CARTESIAN_POINT('Origin',(-14.9344063567769,-1.41661983509191,10.));
#3335=CARTESIAN_POINT('',(5.00000008195639,2.5000000372529,10.));
#3336=CARTESIAN_POINT('Origin',(5.50000008195639,2.5000000372529,10.));
#3337=CARTESIAN_POINT('',(-7.52393595593732,13.2554754223832,10.));
#3338=CARTESIAN_POINT('Origin',(-7.02393595593732,13.2554754223832,10.));
#3339=CARTESIAN_POINT('',(3.90636381395546,14.339709304082,10.));
#3340=CARTESIAN_POINT('Origin',(4.40636381395546,14.339709304082,10.));
#3341=CARTESIAN_POINT('',(7.68222327323877,8.7795991448326,10.));
#3342=CARTESIAN_POINT('Origin',(8.18222327323877,8.7795991448326,10.));
#3343=CARTESIAN_POINT('',(11.4938196531003,0.422408529721229,10.));
#3344=CARTESIAN_POINT('Origin',(11.9938196531003,0.422408529721229,10.));
#3345=CARTESIAN_POINT('',(8.2795991448326,-8.18222327323877,10.));
#3346=CARTESIAN_POINT('Origin',(8.7795991448326,-8.18222327323877,10.));
#3347=CARTESIAN_POINT('',(-0.0775914702787724,-11.9938196531003,10.));
#3348=CARTESIAN_POINT('Origin',(0.422408529721228,-11.9938196531003,10.));
#3349=CARTESIAN_POINT('',(-8.68222327323877,-8.77959914483261,10.));
#3350=CARTESIAN_POINT('Origin',(-8.18222327323877,-8.77959914483261,10.));
#3351=CARTESIAN_POINT('',(-12.4938196531003,-0.422408529721229,10.));
#3352=CARTESIAN_POINT('Origin',(-11.9938196531003,-0.422408529721229,10.));
#3353=CARTESIAN_POINT('',(-9.27959914483261,8.18222327323877,10.));
#3354=CARTESIAN_POINT('Origin',(-8.77959914483261,8.18222327323877,10.));
#3355=CARTESIAN_POINT('',(-0.922408529721229,11.9938196531003,10.));
#3356=CARTESIAN_POINT('Origin',(-0.422408529721229,11.9938196531003,10.));
#3357=CARTESIAN_POINT('',(8.48025592034479,-0.636396088843333,10.));
#3358=CARTESIAN_POINT('Origin',(8.98025592034479,-0.636396088843333,10.));
#3359=CARTESIAN_POINT('',(-1.13639608884333,-8.98025592034479,10.));
#3360=CARTESIAN_POINT('Origin',(-0.636396088843331,-8.98025592034479,10.));
#3361=CARTESIAN_POINT('',(-9.48025592034479,0.636396088843333,10.));
#3362=CARTESIAN_POINT('Origin',(-8.98025592034479,0.636396088843333,10.));
#3363=CARTESIAN_POINT('',(0.13639608884333,8.98025592034479,10.));
#3364=CARTESIAN_POINT('Origin',(0.636396088843331,8.98025592034479,10.));
#3365=CARTESIAN_POINT('',(5.15685433378608,-2.12132037516978,10.));
#3366=CARTESIAN_POINT('Origin',(5.65685433378608,-2.12132037516978,10.));
#3367=CARTESIAN_POINT('',(-2.62132037516978,-5.65685433378608,10.));
#3368=CARTESIAN_POINT('Origin',(-2.12132037516978,-5.65685433378608,10.));
#3369=CARTESIAN_POINT('',(-6.15685433378608,2.12132037516978,10.));
#3370=CARTESIAN_POINT('Origin',(-5.65685433378608,2.12132037516978,10.));
#3371=CARTESIAN_POINT('',(1.62132037516978,5.65685433378608,10.));
#3372=CARTESIAN_POINT('Origin',(2.12132037516978,5.65685433378608,10.));
#3373=CARTESIAN_POINT('',(-3.0000000372529,5.50000008195639,10.));
#3374=CARTESIAN_POINT('Origin',(-2.5000000372529,5.50000008195639,10.));
#3375=CARTESIAN_POINT('',(-6.00000008195639,-2.5000000372529,10.));
#3376=CARTESIAN_POINT('Origin',(-5.50000008195639,-2.5000000372529,10.));
#3377=CARTESIAN_POINT('',(2.0000000372529,-5.50000008195639,10.));
#3378=CARTESIAN_POINT('Origin',(2.5000000372529,-5.50000008195639,10.));
#3379=CARTESIAN_POINT('',(6.29999984800816,5.89999986812472,10.));
#3380=CARTESIAN_POINT('Origin',(6.79999984800816,5.89999986812472,10.));
#3381=CARTESIAN_POINT('',(-6.39999986812473,6.79999984800816,10.));
#3382=CARTESIAN_POINT('Origin',(-5.89999986812473,6.79999984800816,10.));
#3383=CARTESIAN_POINT('',(-7.29999984800816,-5.89999986812472,10.));
#3384=CARTESIAN_POINT('Origin',(-6.79999984800816,-5.89999986812472,10.));
#3385=CARTESIAN_POINT('',(5.39999986812472,-6.79999984800816,10.));
#3386=CARTESIAN_POINT('Origin',(5.89999986812472,-6.79999984800816,10.));
#3387=CARTESIAN_POINT('',(3.69958147704865,11.242493240145,10.));
#3388=CARTESIAN_POINT('Origin',(4.19958147704865,11.242493240145,10.));
#3389=CARTESIAN_POINT('',(-5.48009066698391,10.9191957481169,10.));
#3390=CARTESIAN_POINT('Origin',(-4.98009066698391,10.9191957481169,10.));
#3391=CARTESIAN_POINT('',(-11.742493240145,4.19958147704865,10.));
#3392=CARTESIAN_POINT('Origin',(-11.242493240145,4.19958147704865,10.));
#3393=CARTESIAN_POINT('',(-11.419195748117,-4.98009066698391,10.));
#3394=CARTESIAN_POINT('Origin',(-10.919195748117,-4.98009066698391,10.));
#3395=CARTESIAN_POINT('',(-4.69958147704865,-11.242493240145,10.));
#3396=CARTESIAN_POINT('Origin',(-4.19958147704865,-11.242493240145,10.));
#3397=CARTESIAN_POINT('',(4.48009066698391,-10.9191957481169,10.));
#3398=CARTESIAN_POINT('Origin',(4.98009066698391,-10.9191957481169,10.));
#3399=CARTESIAN_POINT('',(10.742493240145,-4.19958147704866,10.));
#3400=CARTESIAN_POINT('Origin',(11.242493240145,-4.19958147704866,10.));
#3401=CARTESIAN_POINT('',(10.419195748117,4.98009066698391,10.));
#3402=CARTESIAN_POINT('Origin',(10.919195748117,4.98009066698391,10.));
#3403=CARTESIAN_POINT('',(9.05851851611555,11.5619214996293,10.));
#3404=CARTESIAN_POINT('Origin',(9.55851851611554,11.5619214996293,10.));
#3405=CARTESIAN_POINT('',(-1.91661983509191,14.9344063567769,10.));
#3406=CARTESIAN_POINT('Origin',(-1.41661983509191,14.9344063567769,10.));
#3407=CARTESIAN_POINT('',(-12.0619214996293,9.55851851611554,10.));
#3408=CARTESIAN_POINT('Origin',(-11.5619214996293,9.55851851611554,10.));
#3409=CARTESIAN_POINT('',(-14.839709304082,4.40636381395546,10.));
#3410=CARTESIAN_POINT('Origin',(-14.339709304082,4.40636381395546,10.));
#3411=CARTESIAN_POINT('',(-13.7554754223832,-7.02393595593732,10.));
#3412=CARTESIAN_POINT('Origin',(-13.2554754223832,-7.02393595593732,10.));
#3413=CARTESIAN_POINT('',(-4.90636381395546,-14.339709304082,10.));
#3414=CARTESIAN_POINT('Origin',(-4.40636381395546,-14.339709304082,10.));
#3415=CARTESIAN_POINT('',(6.52393595593731,-13.2554754223832,10.));
#3416=CARTESIAN_POINT('Origin',(7.02393595593731,-13.2554754223832,10.));
#3417=CARTESIAN_POINT('',(13.839709304082,-4.40636381395546,10.));
#3418=CARTESIAN_POINT('Origin',(14.339709304082,-4.40636381395546,10.));
#3419=CARTESIAN_POINT('',(12.7554754223832,7.02393595593731,10.));
#3420=CARTESIAN_POINT('Origin',(13.2554754223832,7.02393595593731,10.));
#3421=CARTESIAN_POINT('',(9.20822233021445,15.1547370624545,10.));
#3422=CARTESIAN_POINT('Origin',(9.70822233021445,15.1547370624545,10.));
#3423=CARTESIAN_POINT('',(0.330198632325798,17.9784984488664,10.));
#3424=CARTESIAN_POINT('Origin',(0.830198632325798,17.9784984488664,10.));
#3425=CARTESIAN_POINT('',(-8.77027611865197,15.9849356947803,10.));
#3426=CARTESIAN_POINT('Origin',(-8.27027611865197,15.9849356947803,10.));
#3427=CARTESIAN_POINT('',(-15.6547370624545,9.70822233021445,10.));
#3428=CARTESIAN_POINT('Origin',(-15.1547370624545,9.70822233021445,10.));
#3429=CARTESIAN_POINT('',(-18.4784984488664,0.830198632325801,10.));
#3430=CARTESIAN_POINT('Origin',(-17.9784984488664,0.830198632325801,10.));
#3431=CARTESIAN_POINT('',(-16.4849356947803,-8.27027611865196,10.));
#3432=CARTESIAN_POINT('Origin',(-15.9849356947803,-8.27027611865196,10.));
#3433=CARTESIAN_POINT('',(-10.2082223302145,-15.1547370624545,10.));
#3434=CARTESIAN_POINT('Origin',(-9.70822233021446,-15.1547370624545,10.));
#3435=CARTESIAN_POINT('',(-1.33019863232581,-17.9784984488664,10.));
#3436=CARTESIAN_POINT('Origin',(-0.830198632325809,-17.9784984488664,10.));
#3437=CARTESIAN_POINT('',(7.77027611865195,-15.9849356947803,10.));
#3438=CARTESIAN_POINT('Origin',(8.27027611865196,-15.9849356947803,10.));
#3439=CARTESIAN_POINT('',(14.6547370624545,-9.70822233021446,10.));
#3440=CARTESIAN_POINT('Origin',(15.1547370624545,-9.70822233021446,10.));
#3441=CARTESIAN_POINT('',(17.4784984488664,-0.830198632325803,10.));
#3442=CARTESIAN_POINT('Origin',(17.9784984488664,-0.830198632325803,10.));
#3443=CARTESIAN_POINT('',(15.4849356947803,8.27027611865195,10.));
#3444=CARTESIAN_POINT('Origin',(15.9849356947803,8.27027611865195,10.));
#3445=CARTESIAN_POINT('Origin',(0.,0.,0.));
#3446=CARTESIAN_POINT('',(-35.,-4.28626379701574E-15,0.));
#3447=CARTESIAN_POINT('Origin',(0.,0.,10.));
#3448=CARTESIAN_POINT('',(-0.5,6.12323399573677E-17,10.));
#3449=CARTESIAN_POINT('Origin',(17.580767186922,3.85126750099939,10.));
#3450=CARTESIAN_POINT('',(17.080767186922,3.85126750099939,10.));
#3451=CARTESIAN_POINT('Origin',(17.151024752394,-5.45508810082612,10.));
#3452=CARTESIAN_POINT('',(16.651024752394,-5.45508810082612,10.));
#3453=CARTESIAN_POINT('Origin',(12.1256790860959,-13.2997572513946,10.));
#3454=CARTESIAN_POINT('',(11.6256790860959,-13.2997572513946,10.));
#3455=CARTESIAN_POINT('Origin',(3.8512675009994,-17.580767186922,10.));
#3456=CARTESIAN_POINT('',(3.3512675009994,-17.580767186922,10.));
#3457=CARTESIAN_POINT('Origin',(-5.45508810082611,-17.151024752394,10.));
#3458=CARTESIAN_POINT('',(-5.95508810082611,-17.151024752394,10.));
#3459=CARTESIAN_POINT('Origin',(-13.2997572513946,-12.1256790860959,10.));
#3460=CARTESIAN_POINT('',(-13.7997572513946,-12.1256790860959,10.));
#3461=CARTESIAN_POINT('Origin',(-17.580767186922,-3.8512675009994,10.));
#3462=CARTESIAN_POINT('',(-18.080767186922,-3.8512675009994,10.));
#3463=CARTESIAN_POINT('Origin',(-17.151024752394,5.45508810082611,10.));
#3464=CARTESIAN_POINT('',(-17.651024752394,5.45508810082611,10.));
#3465=CARTESIAN_POINT('Origin',(-12.1256790860959,13.2997572513946,10.));
#3466=CARTESIAN_POINT('',(-12.6256790860959,13.2997572513946,10.));
#3467=CARTESIAN_POINT('Origin',(-3.8512675009994,17.580767186922,10.));
#3468=CARTESIAN_POINT('',(-4.3512675009994,17.580767186922,10.));
#3469=CARTESIAN_POINT('Origin',(5.45508810082611,17.151024752394,10.));
#3470=CARTESIAN_POINT('',(4.95508810082611,17.151024752394,10.));
#3471=CARTESIAN_POINT('Origin',(13.2997572513946,12.1256790860959,10.));
#3472=CARTESIAN_POINT('',(12.7997572513946,12.1256790860959,10.));
#3473=CARTESIAN_POINT('Origin',(14.9344063567769,1.41661983509191,10.));
#3474=CARTESIAN_POINT('',(14.4344063567769,1.41661983509191,10.));
#3475=CARTESIAN_POINT('Origin',(11.5619214996293,-9.55851851611555,10.));
#3476=CARTESIAN_POINT('',(11.0619214996293,-9.55851851611555,10.));
#3477=CARTESIAN_POINT('Origin',(1.41661983509191,-14.9344063567769,10.));
#3478=CARTESIAN_POINT('',(0.916619835091913,-14.9344063567769,10.));
#3479=CARTESIAN_POINT('Origin',(-9.55851851611555,-11.5619214996293,10.));
#3480=CARTESIAN_POINT('',(-10.0585185161155,-11.5619214996293,10.));
#3481=CARTESIAN_POINT('Origin',(-14.9344063567769,-1.41661983509191,10.));
#3482=CARTESIAN_POINT('',(-15.4344063567769,-1.41661983509191,10.));
#3483=CARTESIAN_POINT('Origin',(5.50000008195639,2.5000000372529,10.));
#3484=CARTESIAN_POINT('',(5.00000008195639,2.5000000372529,10.));
#3485=CARTESIAN_POINT('Origin',(-7.02393595593732,13.2554754223832,10.));
#3486=CARTESIAN_POINT('',(-7.52393595593732,13.2554754223832,10.));
#3487=CARTESIAN_POINT('Origin',(4.40636381395546,14.339709304082,10.));
#3488=CARTESIAN_POINT('',(3.90636381395546,14.339709304082,10.));
#3489=CARTESIAN_POINT('Origin',(8.18222327323877,8.7795991448326,10.));
#3490=CARTESIAN_POINT('',(7.68222327323877,8.7795991448326,10.));
#3491=CARTESIAN_POINT('Origin',(11.9938196531003,0.422408529721229,10.));
#3492=CARTESIAN_POINT('',(11.4938196531003,0.422408529721229,10.));
#3493=CARTESIAN_POINT('Origin',(8.7795991448326,-8.18222327323877,10.));
#3494=CARTESIAN_POINT('',(8.2795991448326,-8.18222327323877,10.));
#3495=CARTESIAN_POINT('Origin',(0.422408529721228,-11.9938196531003,10.));
#3496=CARTESIAN_POINT('',(-0.0775914702787724,-11.9938196531003,10.));
#3497=CARTESIAN_POINT('Origin',(-8.18222327323877,-8.77959914483261,10.));
#3498=CARTESIAN_POINT('',(-8.68222327323877,-8.77959914483261,10.));
#3499=CARTESIAN_POINT('Origin',(-11.9938196531003,-0.422408529721229,10.));
#3500=CARTESIAN_POINT('',(-12.4938196531003,-0.422408529721229,10.));
#3501=CARTESIAN_POINT('Origin',(-8.77959914483261,8.18222327323877,10.));
#3502=CARTESIAN_POINT('',(-9.27959914483261,8.18222327323877,10.));
#3503=CARTESIAN_POINT('Origin',(-0.422408529721229,11.9938196531003,10.));
#3504=CARTESIAN_POINT('',(-0.922408529721229,11.9938196531003,10.));
#3505=CARTESIAN_POINT('Origin',(8.98025592034479,-0.636396088843333,10.));
#3506=CARTESIAN_POINT('',(8.48025592034479,-0.636396088843333,10.));
#3507=CARTESIAN_POINT('Origin',(-0.636396088843331,-8.98025592034479,10.));
#3508=CARTESIAN_POINT('',(-1.13639608884333,-8.98025592034479,10.));
#3509=CARTESIAN_POINT('Origin',(-8.98025592034479,0.636396088843333,10.));
#3510=CARTESIAN_POINT('',(-9.48025592034479,0.636396088843333,10.));
#3511=CARTESIAN_POINT('Origin',(0.636396088843331,8.98025592034479,10.));
#3512=CARTESIAN_POINT('',(0.13639608884333,8.98025592034479,10.));
#3513=CARTESIAN_POINT('Origin',(5.65685433378608,-2.12132037516978,10.));
#3514=CARTESIAN_POINT('',(5.15685433378608,-2.12132037516978,10.));
#3515=CARTESIAN_POINT('Origin',(-2.12132037516978,-5.65685433378608,10.));
#3516=CARTESIAN_POINT('',(-2.62132037516978,-5.65685433378608,10.));
#3517=CARTESIAN_POINT('Origin',(-5.65685433378608,2.12132037516978,10.));
#3518=CARTESIAN_POINT('',(-6.15685433378608,2.12132037516978,10.));
#3519=CARTESIAN_POINT('Origin',(2.12132037516978,5.65685433378608,10.));
#3520=CARTESIAN_POINT('',(1.62132037516978,5.65685433378608,10.));
#3521=CARTESIAN_POINT('Origin',(-2.5000000372529,5.50000008195639,10.));
#3522=CARTESIAN_POINT('',(-3.0000000372529,5.50000008195639,10.));
#3523=CARTESIAN_POINT('Origin',(-5.50000008195639,-2.5000000372529,10.));
#3524=CARTESIAN_POINT('',(-6.00000008195639,-2.5000000372529,10.));
#3525=CARTESIAN_POINT('Origin',(2.5000000372529,-5.50000008195639,10.));
#3526=CARTESIAN_POINT('',(2.0000000372529,-5.50000008195639,10.));
#3527=CARTESIAN_POINT('Origin',(6.79999984800816,5.89999986812472,10.));
#3528=CARTESIAN_POINT('',(6.29999984800816,5.89999986812472,10.));
#3529=CARTESIAN_POINT('Origin',(-5.89999986812473,6.79999984800816,10.));
#3530=CARTESIAN_POINT('',(-6.39999986812473,6.79999984800816,10.));
#3531=CARTESIAN_POINT('Origin',(-6.79999984800816,-5.89999986812472,10.));
#3532=CARTESIAN_POINT('',(-7.29999984800816,-5.89999986812472,10.));
#3533=CARTESIAN_POINT('Origin',(5.89999986812472,-6.79999984800816,10.));
#3534=CARTESIAN_POINT('',(5.39999986812472,-6.79999984800816,10.));
#3535=CARTESIAN_POINT('Origin',(4.19958147704865,11.242493240145,10.));
#3536=CARTESIAN_POINT('',(3.69958147704865,11.242493240145,10.));
#3537=CARTESIAN_POINT('Origin',(-4.98009066698391,10.9191957481169,10.));
#3538=CARTESIAN_POINT('',(-5.48009066698391,10.9191957481169,10.));
#3539=CARTESIAN_POINT('Origin',(-11.242493240145,4.19958147704865,10.));
#3540=CARTESIAN_POINT('',(-11.742493240145,4.19958147704865,10.));
#3541=CARTESIAN_POINT('Origin',(-10.919195748117,-4.98009066698391,10.));
#3542=CARTESIAN_POINT('',(-11.419195748117,-4.98009066698391,10.));
#3543=CARTESIAN_POINT('Origin',(-4.19958147704865,-11.242493240145,10.));
#3544=CARTESIAN_POINT('',(-4.69958147704865,-11.242493240145,10.));
#3545=CARTESIAN_POINT('Origin',(4.98009066698391,-10.9191957481169,10.));
#3546=CARTESIAN_POINT('',(4.48009066698391,-10.9191957481169,10.));
#3547=CARTESIAN_POINT('Origin',(11.242493240145,-4.19958147704866,10.));
#3548=CARTESIAN_POINT('',(10.742493240145,-4.19958147704866,10.));
#3549=CARTESIAN_POINT('Origin',(10.919195748117,4.98009066698391,10.));
#3550=CARTESIAN_POINT('',(10.419195748117,4.98009066698391,10.));
#3551=CARTESIAN_POINT('Origin',(9.55851851611554,11.5619214996293,10.));
#3552=CARTESIAN_POINT('',(9.05851851611555,11.5619214996293,10.));
#3553=CARTESIAN_POINT('Origin',(-1.41661983509191,14.9344063567769,10.));
#3554=CARTESIAN_POINT('',(-1.91661983509191,14.9344063567769,10.));
#3555=CARTESIAN_POINT('Origin',(-11.5619214996293,9.55851851611554,10.));
#3556=CARTESIAN_POINT('',(-12.0619214996293,9.55851851611554,10.));
#3557=CARTESIAN_POINT('Origin',(-14.339709304082,4.40636381395546,10.));
#3558=CARTESIAN_POINT('',(-14.839709304082,4.40636381395546,10.));
#3559=CARTESIAN_POINT('Origin',(-13.2554754223832,-7.02393595593732,10.));
#3560=CARTESIAN_POINT('',(-13.7554754223832,-7.02393595593732,10.));
#3561=CARTESIAN_POINT('Origin',(-4.40636381395546,-14.339709304082,10.));
#3562=CARTESIAN_POINT('',(-4.90636381395546,-14.339709304082,10.));
#3563=CARTESIAN_POINT('Origin',(7.02393595593731,-13.2554754223832,10.));
#3564=CARTESIAN_POINT('',(6.52393595593731,-13.2554754223832,10.));
#3565=CARTESIAN_POINT('Origin',(14.339709304082,-4.40636381395546,10.));
#3566=CARTESIAN_POINT('',(13.839709304082,-4.40636381395546,10.));
#3567=CARTESIAN_POINT('Origin',(13.2554754223832,7.02393595593731,10.));
#3568=CARTESIAN_POINT('',(12.7554754223832,7.02393595593731,10.));
#3569=CARTESIAN_POINT('Origin',(9.70822233021445,15.1547370624545,10.));
#3570=CARTESIAN_POINT('',(9.20822233021445,15.1547370624545,10.));
#3571=CARTESIAN_POINT('Origin',(0.830198632325798,17.9784984488664,10.));
#3572=CARTESIAN_POINT('',(0.330198632325798,17.9784984488664,10.));
#3573=CARTESIAN_POINT('Origin',(-8.27027611865197,15.9849356947803,10.));
#3574=CARTESIAN_POINT('',(-8.77027611865197,15.9849356947803,10.));
#3575=CARTESIAN_POINT('Origin',(-15.1547370624545,9.70822233021445,10.));
#3576=CARTESIAN_POINT('',(-15.6547370624545,9.70822233021445,10.));
#3577=CARTESIAN_POINT('Origin',(-17.9784984488664,0.830198632325801,10.));
#3578=CARTESIAN_POINT('',(-18.4784984488664,0.830198632325801,10.));
#3579=CARTESIAN_POINT('Origin',(-15.9849356947803,-8.27027611865196,10.));
#3580=CARTESIAN_POINT('',(-16.4849356947803,-8.27027611865196,10.));
#3581=CARTESIAN_POINT('Origin',(-9.70822233021446,-15.1547370624545,10.));
#3582=CARTESIAN_POINT('',(-10.2082223302145,-15.1547370624545,10.));
#3583=CARTESIAN_POINT('Origin',(-0.830198632325809,-17.9784984488664,10.));
#3584=CARTESIAN_POINT('',(-1.33019863232581,-17.9784984488664,10.));
#3585=CARTESIAN_POINT('Origin',(8.27027611865196,-15.9849356947803,10.));
#3586=CARTESIAN_POINT('',(7.77027611865195,-15.9849356947803,10.));
#3587=CARTESIAN_POINT('Origin',(15.1547370624545,-9.70822233021446,10.));
#3588=CARTESIAN_POINT('',(14.6547370624545,-9.70822233021446,10.));
#3589=CARTESIAN_POINT('Origin',(17.9784984488664,-0.830198632325803,10.));
#3590=CARTESIAN_POINT('',(17.4784984488664,-0.830198632325803,10.));
#3591=CARTESIAN_POINT('Origin',(15.9849356947803,8.27027611865195,10.));
#3592=CARTESIAN_POINT('',(15.4849356947803,8.27027611865195,10.));
#3593=CARTESIAN_POINT('',(0.,0.,0.));
#3594=CARTESIAN_POINT('Origin',(0.,0.,0.));
#3595=CARTESIAN_POINT('',(-27.5,-3.36777869765522E-15,90.));
#3596=CARTESIAN_POINT('Origin',(0.,0.,90.));
#3597=CARTESIAN_POINT('',(-27.5,-3.36777869765522E-15,0.));
#3598=CARTESIAN_POINT('',(-27.5,-3.36777869765522E-15,0.));
#3599=CARTESIAN_POINT('Origin',(0.,0.,0.));
#3600=CARTESIAN_POINT('Origin',(0.,0.,0.));
#3601=CARTESIAN_POINT('',(-32.5,-3.9801020972289E-15,90.));
#3602=CARTESIAN_POINT('Origin',(0.,0.,90.));
#3603=CARTESIAN_POINT('',(-32.5,-3.9801020972289E-15,0.));
#3604=CARTESIAN_POINT('',(-32.5,-3.9801020972289E-15,0.));
#3605=CARTESIAN_POINT('Origin',(0.,0.,0.));
#3606=CARTESIAN_POINT('Origin',(0.,0.,90.));
#3607=CARTESIAN_POINT('Origin',(0.,0.,0.));
#3608=CARTESIAN_POINT('',(0.,0.,0.));
#3609=CARTESIAN_POINT('Origin',(32.5,0.,-70.));
#3610=CARTESIAN_POINT('',(-32.5,-3.9801020972289E-15,-70.));
#3611=CARTESIAN_POINT('Origin',(0.,0.,-70.));
#3612=CARTESIAN_POINT('Origin',(0.,0.,-60.));
#3613=CARTESIAN_POINT('',(-54.64,-6.69147011054114E-15,-50.));
#3614=CARTESIAN_POINT('Origin',(0.,0.,-50.));
#3615=CARTESIAN_POINT('',(-43.57,-5.33578610388502E-15,-60.));
#3616=CARTESIAN_POINT('Origin',(77.125,0.,-50.));
#3617=CARTESIAN_POINT('',(-77.125,-9.44508843842396E-15,-50.));
#3618=CARTESIAN_POINT('Origin',(0.,0.,-50.));
#3619=CARTESIAN_POINT('Origin',(0.,0.,-31.2575));
#3620=CARTESIAN_POINT('',(-77.125,-9.44508843842396E-15,-12.515));
#3621=CARTESIAN_POINT('Origin',(0.,0.,-12.515));
#3622=CARTESIAN_POINT('',(-77.125,-9.44508843842396E-15,-31.2575));
#3623=CARTESIAN_POINT('Origin',(44.64,0.,-12.515));
#3624=CARTESIAN_POINT('',(-44.64,-5.46682331139379E-15,-12.515));
#3625=CARTESIAN_POINT('Origin',(0.,0.,-12.515));
#3626=CARTESIAN_POINT('Origin',(0.,0.,-6.2575));
#3627=CARTESIAN_POINT('',(-27.5,-3.36777869765522E-15,0.));
#3628=CARTESIAN_POINT('Origin',(0.,0.,0.));
#3629=CARTESIAN_POINT('',(-36.07,-4.4173010045245E-15,-6.2575));
#3630=CARTESIAN_POINT('Origin',(0.,0.,0.));
#3631=CARTESIAN_POINT('',(0.,0.,0.));
#3632=CARTESIAN_POINT('',(0.,0.,100.));
#3633=CARTESIAN_POINT('',(0.,0.,150.));
#3634=UNCERTAINTY_MEASURE_WITH_UNIT(LENGTH_MEASURE(0.01),#3644,
'DISTANCE_ACCURACY_VALUE',
'Maximum model space distance between geometric entities at asserted c
onnectivities');
#3635=UNCERTAINTY_MEASURE_WITH_UNIT(LENGTH_MEASURE(0.01),#3644,
'DISTANCE_ACCURACY_VALUE',
'Maximum model space distance between geometric entities at asserted c
onnectivities');
#3636=UNCERTAINTY_MEASURE_WITH_UNIT(LENGTH_MEASURE(0.01),#3644,
'DISTANCE_ACCURACY_VALUE',
'Maximum model space distance between geometric entities at asserted c
onnectivities');
#3637=UNCERTAINTY_MEASURE_WITH_UNIT(LENGTH_MEASURE(0.01),#3644,
'DISTANCE_ACCURACY_VALUE',
'Maximum model space distance between geometric entities at asserted c
onnectivities');
#3638=UNCERTAINTY_MEASURE_WITH_UNIT(LENGTH_MEASURE(0.01),#3644,
'DISTANCE_ACCURACY_VALUE',
'Maximum model space distance between geometric entities at asserted c
onnectivities');
#3639=(
GEOMETRIC_REPRESENTATION_CONTEXT(3)
GLOBAL_UNCERTAINTY_ASSIGNED_CONTEXT((#3634))
GLOBAL_UNIT_ASSIGNED_CONTEXT((#3644,#3646,#3647))
REPRESENTATION_CONTEXT('','3D')
);
#3640=(
GEOMETRIC_REPRESENTATION_CONTEXT(3)
GLOBAL_UNCERTAINTY_ASSIGNED_CONTEXT((#3635))
GLOBAL_UNIT_ASSIGNED_CONTEXT((#3644,#3646,#3647))
REPRESENTATION_CONTEXT('','3D')
);
#3641=(
GEOMETRIC_REPRESENTATION_CONTEXT(3)
GLOBAL_UNCERTAINTY_ASSIGNED_CONTEXT((#3636))
GLOBAL_UNIT_ASSIGNED_CONTEXT((#3644,#3646,#3647))
REPRESENTATION_CONTEXT('','3D')
);
#3642=(
GEOMETRIC_REPRESENTATION_CONTEXT(3)
GLOBAL_UNCERTAINTY_ASSIGNED_CONTEXT((#3637))
GLOBAL_UNIT_ASSIGNED_CONTEXT((#3644,#3646,#3647))
REPRESENTATION_CONTEXT('','3D')
);
#3643=(
GEOMETRIC_REPRESENTATION_CONTEXT(3)
GLOBAL_UNCERTAINTY_ASSIGNED_CONTEXT((#3638))
GLOBAL_UNIT_ASSIGNED_CONTEXT((#3644,#3646,#3647))
REPRESENTATION_CONTEXT('','3D')
);
#3644=(
LENGTH_UNIT()
NAMED_UNIT(*)
SI_UNIT(.MILLI.,.METRE.)
);
#3645=(
LENGTH_UNIT()
NAMED_UNIT(*)
SI_UNIT($,.METRE.)
);
#3646=(
NAMED_UNIT(*)
PLANE_ANGLE_UNIT()
SI_UNIT($,.RADIAN.)
);
#3647=(
NAMED_UNIT(*)
SI_UNIT($,.STERADIAN.)
SOLID_ANGLE_UNIT()
);
#3648=SHAPE_DEFINITION_REPRESENTATION(#3652,#3659);
#3649=SHAPE_DEFINITION_REPRESENTATION(#3653,#3660);
#3650=SHAPE_DEFINITION_REPRESENTATION(#3654,#3661);
#3651=SHAPE_DEFINITION_REPRESENTATION(#3655,#3662);
#3652=PRODUCT_DEFINITION_SHAPE('',$,#3664);
#3653=PRODUCT_DEFINITION_SHAPE('',$,#3665);
#3654=PRODUCT_DEFINITION_SHAPE('',$,#3666);
#3655=PRODUCT_DEFINITION_SHAPE('',$,#3667);
#3656=PRODUCT_DEFINITION_SHAPE($,$,#20);
#3657=PRODUCT_DEFINITION_SHAPE($,$,#21);
#3658=PRODUCT_DEFINITION_SHAPE($,$,#22);
#3659=SHAPE_REPRESENTATION('',(#2142,#2423,#2424,#2425),#3639);
#3660=SHAPE_REPRESENTATION('',(#2143),#3640);
#3661=SHAPE_REPRESENTATION('',(#2400),#3641);
#3662=SHAPE_REPRESENTATION('',(#2409),#3642);
#3663=PRODUCT_DEFINITION_CONTEXT('part definition',#3677,'design');
#3664=PRODUCT_DEFINITION('2026-09-27-12-39-48-564',
'Baseline_Injector_Plate',#3668,#3663);
#3665=PRODUCT_DEFINITION('2026-09-27-14-14-42-831','Injector_Plate',#3669,
#3663);
#3666=PRODUCT_DEFINITION('2026-09-27-22-51-52-213','Combustion_Chamber',
#3670,#3663);
#3667=PRODUCT_DEFINITION('2026-09-28-13-01-56-212','Nozzle',#3671,#3663);
#3668=PRODUCT_DEFINITION_FORMATION('',$,#3679);
#3669=PRODUCT_DEFINITION_FORMATION('',$,#3680);
#3670=PRODUCT_DEFINITION_FORMATION('',$,#3681);
#3671=PRODUCT_DEFINITION_FORMATION('',$,#3682);
#3672=PRODUCT_RELATED_PRODUCT_CATEGORY('Baseline_Injector_Plate',
'Baseline_Injector_Plate',(#3679));
#3673=PRODUCT_RELATED_PRODUCT_CATEGORY('Injector_Plate',
'Injector_Plate',(#3680));
#3674=PRODUCT_RELATED_PRODUCT_CATEGORY('Combustion_Chamber',
'Combustion_Chamber',(#3681));
#3675=PRODUCT_RELATED_PRODUCT_CATEGORY('Nozzle','Nozzle',(#3682));
#3676=APPLICATION_PROTOCOL_DEFINITION('international standard',
'automotive_design',2009,#3677);
#3677=APPLICATION_CONTEXT(
'Core Data for Automotive Mechanical Design Process');
#3678=PRODUCT_CONTEXT('part definition',#3677,'mechanical');
#3679=PRODUCT('2026-09-27-12-39-48-564','Baseline_Injector_Plate',$,(#3678));
#3680=PRODUCT('2026-09-27-14-14-42-831','Injector_Plate',$,(#3678));
#3681=PRODUCT('2026-09-27-22-51-52-213','Combustion_Chamber',$,(#3678));
#3682=PRODUCT('2026-09-28-13-01-56-212','Nozzle',$,(#3678));
#3683=PRESENTATION_STYLE_ASSIGNMENT((#3684));
#3684=SURFACE_STYLE_USAGE(.BOTH.,#3685);
#3685=SURFACE_SIDE_STYLE('',(#3686));
#3686=SURFACE_STYLE_FILL_AREA(#3687);
#3687=FILL_AREA_STYLE('Steel - Satin',(#3688));
#3688=FILL_AREA_STYLE_COLOUR('Steel - Satin',#3689);
#3689=COLOUR_RGB('Steel - Satin',0.627450980392157,0.627450980392157,0.627450980392157);
ENDSEC;
END-ISO-10303-21;
