ISO-10303-21;
HEADER;
/* Generated by software containing ST-Developer
 * from STEP Tools, Inc. (www.steptools.com) 
 */

FILE_DESCRIPTION(
/* description */ (''),
/* implementation_level */ '2;1');

FILE_NAME(
/* name */ 'Injector_Plate.step',
/* time_stamp */ '2026-09-28T23:01:12+05:30',
/* author */ (''),
/* organization */ (''),
/* preprocessor_version */ 'ST-DEVELOPER v20.2',
/* originating_system */ 'Autodesk Translation Framework v15.15.0.0',
/* authorisation */ '');

FILE_SCHEMA (('AUTOMOTIVE_DESIGN { 1 0 10303 214 3 1 1 }'));
ENDSEC;

DATA;
#10=MECHANICAL_DESIGN_GEOMETRIC_PRESENTATION_REPRESENTATION('',(#13,#14),
#3338);
#11=SHAPE_REPRESENTATION_RELATIONSHIP('SRR','None',#3345,#12);
#12=ADVANCED_BREP_SHAPE_REPRESENTATION('',(#15,#16),#3337);
#13=STYLED_ITEM('',(#3354),#15);
#14=STYLED_ITEM('',(#3354),#16);
#15=MANIFOLD_SOLID_BREP('Body1',#1957);
#16=MANIFOLD_SOLID_BREP('Body1',#1958);
#17=FACE_BOUND('',#284,.T.);
#18=FACE_BOUND('',#285,.T.);
#19=FACE_BOUND('',#286,.T.);
#20=FACE_BOUND('',#287,.T.);
#21=FACE_BOUND('',#288,.T.);
#22=FACE_BOUND('',#289,.T.);
#23=FACE_BOUND('',#290,.T.);
#24=FACE_BOUND('',#291,.T.);
#25=FACE_BOUND('',#292,.T.);
#26=FACE_BOUND('',#294,.T.);
#27=FACE_BOUND('',#295,.T.);
#28=FACE_BOUND('',#296,.T.);
#29=FACE_BOUND('',#297,.T.);
#30=FACE_BOUND('',#298,.T.);
#31=FACE_BOUND('',#299,.T.);
#32=FACE_BOUND('',#300,.T.);
#33=FACE_BOUND('',#301,.T.);
#34=FACE_BOUND('',#302,.T.);
#35=FACE_BOUND('',#304,.T.);
#36=FACE_BOUND('',#305,.T.);
#37=FACE_BOUND('',#306,.T.);
#38=FACE_BOUND('',#307,.T.);
#39=FACE_BOUND('',#308,.T.);
#40=FACE_BOUND('',#309,.T.);
#41=FACE_BOUND('',#310,.T.);
#42=FACE_BOUND('',#311,.T.);
#43=FACE_BOUND('',#312,.T.);
#44=FACE_BOUND('',#313,.T.);
#45=FACE_BOUND('',#314,.T.);
#46=FACE_BOUND('',#315,.T.);
#47=FACE_BOUND('',#316,.T.);
#48=FACE_BOUND('',#317,.T.);
#49=FACE_BOUND('',#318,.T.);
#50=FACE_BOUND('',#319,.T.);
#51=FACE_BOUND('',#320,.T.);
#52=FACE_BOUND('',#321,.T.);
#53=FACE_BOUND('',#322,.T.);
#54=FACE_BOUND('',#323,.T.);
#55=FACE_BOUND('',#324,.T.);
#56=FACE_BOUND('',#325,.T.);
#57=FACE_BOUND('',#326,.T.);
#58=FACE_BOUND('',#327,.T.);
#59=FACE_BOUND('',#328,.T.);
#60=FACE_BOUND('',#329,.T.);
#61=FACE_BOUND('',#330,.T.);
#62=FACE_BOUND('',#331,.T.);
#63=FACE_BOUND('',#332,.T.);
#64=FACE_BOUND('',#333,.T.);
#65=FACE_BOUND('',#334,.T.);
#66=FACE_BOUND('',#335,.T.);
#67=FACE_BOUND('',#336,.T.);
#68=FACE_BOUND('',#337,.T.);
#69=FACE_BOUND('',#338,.T.);
#70=FACE_BOUND('',#339,.T.);
#71=FACE_BOUND('',#340,.T.);
#72=FACE_BOUND('',#341,.T.);
#73=FACE_BOUND('',#342,.T.);
#74=FACE_BOUND('',#343,.T.);
#75=FACE_BOUND('',#344,.T.);
#76=FACE_BOUND('',#345,.T.);
#77=FACE_BOUND('',#346,.T.);
#78=FACE_BOUND('',#347,.T.);
#79=FACE_BOUND('',#348,.T.);
#80=FACE_BOUND('',#349,.T.);
#81=FACE_BOUND('',#350,.T.);
#82=FACE_BOUND('',#351,.T.);
#83=FACE_BOUND('',#352,.T.);
#84=FACE_BOUND('',#353,.T.);
#85=FACE_BOUND('',#354,.T.);
#86=FACE_BOUND('',#355,.T.);
#87=FACE_BOUND('',#356,.T.);
#88=FACE_BOUND('',#357,.T.);
#89=FACE_BOUND('',#358,.T.);
#90=FACE_BOUND('',#359,.T.);
#91=FACE_BOUND('',#360,.T.);
#92=FACE_BOUND('',#361,.T.);
#93=FACE_BOUND('',#362,.T.);
#94=FACE_BOUND('',#363,.T.);
#95=FACE_BOUND('',#364,.T.);
#96=FACE_BOUND('',#365,.T.);
#97=FACE_BOUND('',#366,.T.);
#98=FACE_BOUND('',#367,.T.);
#99=FACE_BOUND('',#368,.T.);
#100=FACE_BOUND('',#369,.T.);
#101=FACE_BOUND('',#370,.T.);
#102=FACE_BOUND('',#371,.T.);
#103=FACE_BOUND('',#372,.T.);
#104=FACE_BOUND('',#373,.T.);
#105=FACE_BOUND('',#374,.T.);
#106=FACE_BOUND('',#375,.T.);
#107=FACE_BOUND('',#376,.T.);
#108=FACE_BOUND('',#378,.T.);
#109=FACE_BOUND('',#379,.T.);
#110=FACE_BOUND('',#380,.T.);
#111=FACE_BOUND('',#381,.T.);
#112=FACE_BOUND('',#382,.T.);
#113=FACE_BOUND('',#383,.T.);
#114=FACE_BOUND('',#384,.T.);
#115=FACE_BOUND('',#385,.T.);
#116=FACE_BOUND('',#386,.T.);
#117=FACE_BOUND('',#387,.T.);
#118=FACE_BOUND('',#388,.T.);
#119=FACE_BOUND('',#389,.T.);
#120=FACE_BOUND('',#390,.T.);
#121=FACE_BOUND('',#391,.T.);
#122=FACE_BOUND('',#392,.T.);
#123=FACE_BOUND('',#393,.T.);
#124=FACE_BOUND('',#394,.T.);
#125=FACE_BOUND('',#395,.T.);
#126=FACE_BOUND('',#396,.T.);
#127=FACE_BOUND('',#397,.T.);
#128=FACE_BOUND('',#398,.T.);
#129=FACE_BOUND('',#399,.T.);
#130=FACE_BOUND('',#400,.T.);
#131=FACE_BOUND('',#401,.T.);
#132=FACE_BOUND('',#402,.T.);
#133=FACE_BOUND('',#403,.T.);
#134=FACE_BOUND('',#404,.T.);
#135=FACE_BOUND('',#405,.T.);
#136=FACE_BOUND('',#406,.T.);
#137=FACE_BOUND('',#407,.T.);
#138=FACE_BOUND('',#408,.T.);
#139=FACE_BOUND('',#409,.T.);
#140=FACE_BOUND('',#410,.T.);
#141=FACE_BOUND('',#411,.T.);
#142=FACE_BOUND('',#412,.T.);
#143=FACE_BOUND('',#413,.T.);
#144=FACE_BOUND('',#414,.T.);
#145=FACE_BOUND('',#415,.T.);
#146=FACE_BOUND('',#416,.T.);
#147=FACE_BOUND('',#417,.T.);
#148=FACE_BOUND('',#418,.T.);
#149=FACE_BOUND('',#419,.T.);
#150=FACE_BOUND('',#420,.T.);
#151=FACE_BOUND('',#421,.T.);
#152=FACE_BOUND('',#422,.T.);
#153=FACE_BOUND('',#423,.T.);
#154=FACE_BOUND('',#424,.T.);
#155=FACE_BOUND('',#425,.T.);
#156=FACE_BOUND('',#426,.T.);
#157=FACE_BOUND('',#427,.T.);
#158=FACE_BOUND('',#428,.T.);
#159=FACE_BOUND('',#429,.T.);
#160=FACE_BOUND('',#430,.T.);
#161=FACE_BOUND('',#431,.T.);
#162=FACE_BOUND('',#432,.T.);
#163=FACE_BOUND('',#433,.T.);
#164=FACE_BOUND('',#434,.T.);
#165=FACE_BOUND('',#435,.T.);
#166=FACE_BOUND('',#436,.T.);
#167=FACE_BOUND('',#437,.T.);
#168=FACE_BOUND('',#438,.T.);
#169=FACE_BOUND('',#439,.T.);
#170=FACE_BOUND('',#440,.T.);
#171=FACE_BOUND('',#441,.T.);
#172=FACE_BOUND('',#442,.T.);
#173=FACE_BOUND('',#443,.T.);
#174=FACE_BOUND('',#444,.T.);
#175=FACE_BOUND('',#445,.T.);
#176=FACE_BOUND('',#446,.T.);
#177=FACE_BOUND('',#447,.T.);
#178=FACE_BOUND('',#448,.T.);
#179=FACE_BOUND('',#449,.T.);
#180=FACE_BOUND('',#450,.T.);
#181=PLANE('',#2002);
#182=PLANE('',#2003);
#183=PLANE('',#2004);
#184=PLANE('',#2079);
#185=FACE_OUTER_BOUND('',#273,.T.);
#186=FACE_OUTER_BOUND('',#274,.T.);
#187=FACE_OUTER_BOUND('',#275,.T.);
#188=FACE_OUTER_BOUND('',#276,.T.);
#189=FACE_OUTER_BOUND('',#277,.T.);
#190=FACE_OUTER_BOUND('',#278,.T.);
#191=FACE_OUTER_BOUND('',#279,.T.);
#192=FACE_OUTER_BOUND('',#280,.T.);
#193=FACE_OUTER_BOUND('',#281,.T.);
#194=FACE_OUTER_BOUND('',#282,.T.);
#195=FACE_OUTER_BOUND('',#283,.T.);
#196=FACE_OUTER_BOUND('',#293,.T.);
#197=FACE_OUTER_BOUND('',#303,.T.);
#198=FACE_OUTER_BOUND('',#377,.T.);
#199=FACE_OUTER_BOUND('',#451,.T.);
#200=FACE_OUTER_BOUND('',#452,.T.);
#201=FACE_OUTER_BOUND('',#453,.T.);
#202=FACE_OUTER_BOUND('',#454,.T.);
#203=FACE_OUTER_BOUND('',#455,.T.);
#204=FACE_OUTER_BOUND('',#456,.T.);
#205=FACE_OUTER_BOUND('',#457,.T.);
#206=FACE_OUTER_BOUND('',#458,.T.);
#207=FACE_OUTER_BOUND('',#459,.T.);
#208=FACE_OUTER_BOUND('',#460,.T.);
#209=FACE_OUTER_BOUND('',#461,.T.);
#210=FACE_OUTER_BOUND('',#462,.T.);
#211=FACE_OUTER_BOUND('',#463,.T.);
#212=FACE_OUTER_BOUND('',#464,.T.);
#213=FACE_OUTER_BOUND('',#465,.T.);
#214=FACE_OUTER_BOUND('',#466,.T.);
#215=FACE_OUTER_BOUND('',#467,.T.);
#216=FACE_OUTER_BOUND('',#468,.T.);
#217=FACE_OUTER_BOUND('',#469,.T.);
#218=FACE_OUTER_BOUND('',#470,.T.);
#219=FACE_OUTER_BOUND('',#471,.T.);
#220=FACE_OUTER_BOUND('',#472,.T.);
#221=FACE_OUTER_BOUND('',#473,.T.);
#222=FACE_OUTER_BOUND('',#474,.T.);
#223=FACE_OUTER_BOUND('',#475,.T.);
#224=FACE_OUTER_BOUND('',#476,.T.);
#225=FACE_OUTER_BOUND('',#477,.T.);
#226=FACE_OUTER_BOUND('',#478,.T.);
#227=FACE_OUTER_BOUND('',#479,.T.);
#228=FACE_OUTER_BOUND('',#480,.T.);
#229=FACE_OUTER_BOUND('',#481,.T.);
#230=FACE_OUTER_BOUND('',#482,.T.);
#231=FACE_OUTER_BOUND('',#483,.T.);
#232=FACE_OUTER_BOUND('',#484,.T.);
#233=FACE_OUTER_BOUND('',#485,.T.);
#234=FACE_OUTER_BOUND('',#486,.T.);
#235=FACE_OUTER_BOUND('',#487,.T.);
#236=FACE_OUTER_BOUND('',#488,.T.);
#237=FACE_OUTER_BOUND('',#489,.T.);
#238=FACE_OUTER_BOUND('',#490,.T.);
#239=FACE_OUTER_BOUND('',#491,.T.);
#240=FACE_OUTER_BOUND('',#492,.T.);
#241=FACE_OUTER_BOUND('',#493,.T.);
#242=FACE_OUTER_BOUND('',#494,.T.);
#243=FACE_OUTER_BOUND('',#495,.T.);
#244=FACE_OUTER_BOUND('',#496,.T.);
#245=FACE_OUTER_BOUND('',#497,.T.);
#246=FACE_OUTER_BOUND('',#498,.T.);
#247=FACE_OUTER_BOUND('',#499,.T.);
#248=FACE_OUTER_BOUND('',#500,.T.);
#249=FACE_OUTER_BOUND('',#501,.T.);
#250=FACE_OUTER_BOUND('',#502,.T.);
#251=FACE_OUTER_BOUND('',#503,.T.);
#252=FACE_OUTER_BOUND('',#504,.T.);
#253=FACE_OUTER_BOUND('',#505,.T.);
#254=FACE_OUTER_BOUND('',#506,.T.);
#255=FACE_OUTER_BOUND('',#507,.T.);
#256=FACE_OUTER_BOUND('',#508,.T.);
#257=FACE_OUTER_BOUND('',#509,.T.);
#258=FACE_OUTER_BOUND('',#510,.T.);
#259=FACE_OUTER_BOUND('',#511,.T.);
#260=FACE_OUTER_BOUND('',#512,.T.);
#261=FACE_OUTER_BOUND('',#513,.T.);
#262=FACE_OUTER_BOUND('',#514,.T.);
#263=FACE_OUTER_BOUND('',#515,.T.);
#264=FACE_OUTER_BOUND('',#516,.T.);
#265=FACE_OUTER_BOUND('',#517,.T.);
#266=FACE_OUTER_BOUND('',#518,.T.);
#267=FACE_OUTER_BOUND('',#519,.T.);
#268=FACE_OUTER_BOUND('',#520,.T.);
#269=FACE_OUTER_BOUND('',#521,.T.);
#270=FACE_OUTER_BOUND('',#522,.T.);
#271=FACE_OUTER_BOUND('',#523,.T.);
#272=FACE_OUTER_BOUND('',#524,.T.);
#273=EDGE_LOOP('',(#1281,#1282,#1283,#1284));
#274=EDGE_LOOP('',(#1285,#1286,#1287,#1288));
#275=EDGE_LOOP('',(#1289,#1290,#1291,#1292));
#276=EDGE_LOOP('',(#1293,#1294,#1295,#1296));
#277=EDGE_LOOP('',(#1297,#1298,#1299,#1300));
#278=EDGE_LOOP('',(#1301,#1302,#1303,#1304));
#279=EDGE_LOOP('',(#1305,#1306,#1307,#1308));
#280=EDGE_LOOP('',(#1309,#1310,#1311,#1312));
#281=EDGE_LOOP('',(#1313,#1314,#1315,#1316));
#282=EDGE_LOOP('',(#1317,#1318,#1319,#1320));
#283=EDGE_LOOP('',(#1321));
#284=EDGE_LOOP('',(#1322));
#285=EDGE_LOOP('',(#1323));
#286=EDGE_LOOP('',(#1324));
#287=EDGE_LOOP('',(#1325));
#288=EDGE_LOOP('',(#1326));
#289=EDGE_LOOP('',(#1327));
#290=EDGE_LOOP('',(#1328));
#291=EDGE_LOOP('',(#1329));
#292=EDGE_LOOP('',(#1330));
#293=EDGE_LOOP('',(#1331));
#294=EDGE_LOOP('',(#1332));
#295=EDGE_LOOP('',(#1333));
#296=EDGE_LOOP('',(#1334));
#297=EDGE_LOOP('',(#1335));
#298=EDGE_LOOP('',(#1336));
#299=EDGE_LOOP('',(#1337));
#300=EDGE_LOOP('',(#1338));
#301=EDGE_LOOP('',(#1339));
#302=EDGE_LOOP('',(#1340));
#303=EDGE_LOOP('',(#1341));
#304=EDGE_LOOP('',(#1342));
#305=EDGE_LOOP('',(#1343));
#306=EDGE_LOOP('',(#1344));
#307=EDGE_LOOP('',(#1345));
#308=EDGE_LOOP('',(#1346));
#309=EDGE_LOOP('',(#1347));
#310=EDGE_LOOP('',(#1348));
#311=EDGE_LOOP('',(#1349));
#312=EDGE_LOOP('',(#1350));
#313=EDGE_LOOP('',(#1351));
#314=EDGE_LOOP('',(#1352));
#315=EDGE_LOOP('',(#1353));
#316=EDGE_LOOP('',(#1354));
#317=EDGE_LOOP('',(#1355));
#318=EDGE_LOOP('',(#1356));
#319=EDGE_LOOP('',(#1357));
#320=EDGE_LOOP('',(#1358));
#321=EDGE_LOOP('',(#1359));
#322=EDGE_LOOP('',(#1360));
#323=EDGE_LOOP('',(#1361));
#324=EDGE_LOOP('',(#1362));
#325=EDGE_LOOP('',(#1363));
#326=EDGE_LOOP('',(#1364));
#327=EDGE_LOOP('',(#1365));
#328=EDGE_LOOP('',(#1366));
#329=EDGE_LOOP('',(#1367));
#330=EDGE_LOOP('',(#1368));
#331=EDGE_LOOP('',(#1369));
#332=EDGE_LOOP('',(#1370));
#333=EDGE_LOOP('',(#1371));
#334=EDGE_LOOP('',(#1372));
#335=EDGE_LOOP('',(#1373));
#336=EDGE_LOOP('',(#1374));
#337=EDGE_LOOP('',(#1375));
#338=EDGE_LOOP('',(#1376));
#339=EDGE_LOOP('',(#1377));
#340=EDGE_LOOP('',(#1378));
#341=EDGE_LOOP('',(#1379));
#342=EDGE_LOOP('',(#1380));
#343=EDGE_LOOP('',(#1381));
#344=EDGE_LOOP('',(#1382));
#345=EDGE_LOOP('',(#1383));
#346=EDGE_LOOP('',(#1384));
#347=EDGE_LOOP('',(#1385));
#348=EDGE_LOOP('',(#1386));
#349=EDGE_LOOP('',(#1387));
#350=EDGE_LOOP('',(#1388));
#351=EDGE_LOOP('',(#1389));
#352=EDGE_LOOP('',(#1390));
#353=EDGE_LOOP('',(#1391));
#354=EDGE_LOOP('',(#1392));
#355=EDGE_LOOP('',(#1393));
#356=EDGE_LOOP('',(#1394));
#357=EDGE_LOOP('',(#1395));
#358=EDGE_LOOP('',(#1396));
#359=EDGE_LOOP('',(#1397));
#360=EDGE_LOOP('',(#1398));
#361=EDGE_LOOP('',(#1399));
#362=EDGE_LOOP('',(#1400));
#363=EDGE_LOOP('',(#1401));
#364=EDGE_LOOP('',(#1402));
#365=EDGE_LOOP('',(#1403));
#366=EDGE_LOOP('',(#1404));
#367=EDGE_LOOP('',(#1405));
#368=EDGE_LOOP('',(#1406));
#369=EDGE_LOOP('',(#1407));
#370=EDGE_LOOP('',(#1408));
#371=EDGE_LOOP('',(#1409));
#372=EDGE_LOOP('',(#1410));
#373=EDGE_LOOP('',(#1411));
#374=EDGE_LOOP('',(#1412));
#375=EDGE_LOOP('',(#1413));
#376=EDGE_LOOP('',(#1414));
#377=EDGE_LOOP('',(#1415));
#378=EDGE_LOOP('',(#1416));
#379=EDGE_LOOP('',(#1417));
#380=EDGE_LOOP('',(#1418));
#381=EDGE_LOOP('',(#1419));
#382=EDGE_LOOP('',(#1420));
#383=EDGE_LOOP('',(#1421));
#384=EDGE_LOOP('',(#1422));
#385=EDGE_LOOP('',(#1423));
#386=EDGE_LOOP('',(#1424));
#387=EDGE_LOOP('',(#1425));
#388=EDGE_LOOP('',(#1426));
#389=EDGE_LOOP('',(#1427));
#390=EDGE_LOOP('',(#1428));
#391=EDGE_LOOP('',(#1429));
#392=EDGE_LOOP('',(#1430));
#393=EDGE_LOOP('',(#1431));
#394=EDGE_LOOP('',(#1432));
#395=EDGE_LOOP('',(#1433));
#396=EDGE_LOOP('',(#1434));
#397=EDGE_LOOP('',(#1435));
#398=EDGE_LOOP('',(#1436));
#399=EDGE_LOOP('',(#1437));
#400=EDGE_LOOP('',(#1438));
#401=EDGE_LOOP('',(#1439));
#402=EDGE_LOOP('',(#1440));
#403=EDGE_LOOP('',(#1441));
#404=EDGE_LOOP('',(#1442));
#405=EDGE_LOOP('',(#1443));
#406=EDGE_LOOP('',(#1444));
#407=EDGE_LOOP('',(#1445));
#408=EDGE_LOOP('',(#1446));
#409=EDGE_LOOP('',(#1447));
#410=EDGE_LOOP('',(#1448));
#411=EDGE_LOOP('',(#1449));
#412=EDGE_LOOP('',(#1450));
#413=EDGE_LOOP('',(#1451));
#414=EDGE_LOOP('',(#1452));
#415=EDGE_LOOP('',(#1453));
#416=EDGE_LOOP('',(#1454));
#417=EDGE_LOOP('',(#1455));
#418=EDGE_LOOP('',(#1456));
#419=EDGE_LOOP('',(#1457));
#420=EDGE_LOOP('',(#1458));
#421=EDGE_LOOP('',(#1459));
#422=EDGE_LOOP('',(#1460));
#423=EDGE_LOOP('',(#1461));
#424=EDGE_LOOP('',(#1462));
#425=EDGE_LOOP('',(#1463));
#426=EDGE_LOOP('',(#1464));
#427=EDGE_LOOP('',(#1465));
#428=EDGE_LOOP('',(#1466));
#429=EDGE_LOOP('',(#1467));
#430=EDGE_LOOP('',(#1468));
#431=EDGE_LOOP('',(#1469));
#432=EDGE_LOOP('',(#1470));
#433=EDGE_LOOP('',(#1471));
#434=EDGE_LOOP('',(#1472));
#435=EDGE_LOOP('',(#1473));
#436=EDGE_LOOP('',(#1474));
#437=EDGE_LOOP('',(#1475));
#438=EDGE_LOOP('',(#1476));
#439=EDGE_LOOP('',(#1477));
#440=EDGE_LOOP('',(#1478));
#441=EDGE_LOOP('',(#1479));
#442=EDGE_LOOP('',(#1480));
#443=EDGE_LOOP('',(#1481));
#444=EDGE_LOOP('',(#1482));
#445=EDGE_LOOP('',(#1483));
#446=EDGE_LOOP('',(#1484));
#447=EDGE_LOOP('',(#1485));
#448=EDGE_LOOP('',(#1486));
#449=EDGE_LOOP('',(#1487));
#450=EDGE_LOOP('',(#1488));
#451=EDGE_LOOP('',(#1489,#1490,#1491,#1492));
#452=EDGE_LOOP('',(#1493,#1494,#1495,#1496));
#453=EDGE_LOOP('',(#1497,#1498,#1499,#1500));
#454=EDGE_LOOP('',(#1501,#1502,#1503,#1504));
#455=EDGE_LOOP('',(#1505,#1506,#1507,#1508));
#456=EDGE_LOOP('',(#1509,#1510,#1511,#1512));
#457=EDGE_LOOP('',(#1513,#1514,#1515,#1516));
#458=EDGE_LOOP('',(#1517,#1518,#1519,#1520));
#459=EDGE_LOOP('',(#1521,#1522,#1523,#1524));
#460=EDGE_LOOP('',(#1525,#1526,#1527,#1528));
#461=EDGE_LOOP('',(#1529,#1530,#1531,#1532));
#462=EDGE_LOOP('',(#1533,#1534,#1535,#1536));
#463=EDGE_LOOP('',(#1537,#1538,#1539,#1540));
#464=EDGE_LOOP('',(#1541,#1542,#1543,#1544));
#465=EDGE_LOOP('',(#1545,#1546,#1547,#1548));
#466=EDGE_LOOP('',(#1549,#1550,#1551,#1552));
#467=EDGE_LOOP('',(#1553,#1554,#1555,#1556));
#468=EDGE_LOOP('',(#1557,#1558,#1559,#1560));
#469=EDGE_LOOP('',(#1561,#1562,#1563,#1564));
#470=EDGE_LOOP('',(#1565,#1566,#1567,#1568));
#471=EDGE_LOOP('',(#1569,#1570,#1571,#1572));
#472=EDGE_LOOP('',(#1573,#1574,#1575,#1576));
#473=EDGE_LOOP('',(#1577,#1578,#1579,#1580));
#474=EDGE_LOOP('',(#1581,#1582,#1583,#1584));
#475=EDGE_LOOP('',(#1585,#1586,#1587,#1588));
#476=EDGE_LOOP('',(#1589,#1590,#1591,#1592));
#477=EDGE_LOOP('',(#1593,#1594,#1595,#1596));
#478=EDGE_LOOP('',(#1597,#1598,#1599,#1600));
#479=EDGE_LOOP('',(#1601,#1602,#1603,#1604));
#480=EDGE_LOOP('',(#1605,#1606,#1607,#1608));
#481=EDGE_LOOP('',(#1609,#1610,#1611,#1612));
#482=EDGE_LOOP('',(#1613,#1614,#1615,#1616));
#483=EDGE_LOOP('',(#1617,#1618,#1619,#1620));
#484=EDGE_LOOP('',(#1621,#1622,#1623,#1624));
#485=EDGE_LOOP('',(#1625,#1626,#1627,#1628));
#486=EDGE_LOOP('',(#1629,#1630,#1631,#1632));
#487=EDGE_LOOP('',(#1633,#1634,#1635,#1636));
#488=EDGE_LOOP('',(#1637,#1638,#1639,#1640));
#489=EDGE_LOOP('',(#1641,#1642,#1643,#1644));
#490=EDGE_LOOP('',(#1645,#1646,#1647,#1648));
#491=EDGE_LOOP('',(#1649,#1650,#1651,#1652));
#492=EDGE_LOOP('',(#1653,#1654,#1655,#1656));
#493=EDGE_LOOP('',(#1657,#1658,#1659,#1660));
#494=EDGE_LOOP('',(#1661,#1662,#1663,#1664));
#495=EDGE_LOOP('',(#1665,#1666,#1667,#1668));
#496=EDGE_LOOP('',(#1669,#1670,#1671,#1672));
#497=EDGE_LOOP('',(#1673,#1674,#1675,#1676));
#498=EDGE_LOOP('',(#1677,#1678,#1679,#1680));
#499=EDGE_LOOP('',(#1681,#1682,#1683,#1684));
#500=EDGE_LOOP('',(#1685,#1686,#1687,#1688));
#501=EDGE_LOOP('',(#1689,#1690,#1691,#1692));
#502=EDGE_LOOP('',(#1693,#1694,#1695,#1696));
#503=EDGE_LOOP('',(#1697,#1698,#1699,#1700));
#504=EDGE_LOOP('',(#1701,#1702,#1703,#1704));
#505=EDGE_LOOP('',(#1705,#1706,#1707,#1708));
#506=EDGE_LOOP('',(#1709,#1710,#1711,#1712));
#507=EDGE_LOOP('',(#1713,#1714,#1715,#1716));
#508=EDGE_LOOP('',(#1717,#1718,#1719,#1720));
#509=EDGE_LOOP('',(#1721,#1722,#1723,#1724));
#510=EDGE_LOOP('',(#1725,#1726,#1727,#1728));
#511=EDGE_LOOP('',(#1729,#1730,#1731,#1732));
#512=EDGE_LOOP('',(#1733,#1734,#1735,#1736));
#513=EDGE_LOOP('',(#1737,#1738,#1739,#1740));
#514=EDGE_LOOP('',(#1741,#1742,#1743,#1744));
#515=EDGE_LOOP('',(#1745,#1746,#1747,#1748));
#516=EDGE_LOOP('',(#1749,#1750,#1751,#1752));
#517=EDGE_LOOP('',(#1753,#1754,#1755,#1756));
#518=EDGE_LOOP('',(#1757,#1758,#1759,#1760));
#519=EDGE_LOOP('',(#1761,#1762,#1763,#1764));
#520=EDGE_LOOP('',(#1765,#1766,#1767,#1768));
#521=EDGE_LOOP('',(#1769,#1770,#1771,#1772));
#522=EDGE_LOOP('',(#1773,#1774,#1775,#1776));
#523=EDGE_LOOP('',(#1777,#1778,#1779,#1780));
#524=EDGE_LOOP('',(#1781,#1782,#1783,#1784));
#525=LINE('',#2831,#609);
#526=LINE('',#2837,#610);
#527=LINE('',#2843,#611);
#528=LINE('',#2849,#612);
#529=LINE('',#2855,#613);
#530=LINE('',#2861,#614);
#531=LINE('',#2867,#615);
#532=LINE('',#2873,#616);
#533=LINE('',#2879,#617);
#534=LINE('',#2885,#618);
#535=LINE('',#3188,#619);
#536=LINE('',#3190,#620);
#537=LINE('',#3192,#621);
#538=LINE('',#3194,#622);
#539=LINE('',#3196,#623);
#540=LINE('',#3198,#624);
#541=LINE('',#3200,#625);
#542=LINE('',#3202,#626);
#543=LINE('',#3204,#627);
#544=LINE('',#3206,#628);
#545=LINE('',#3208,#629);
#546=LINE('',#3210,#630);
#547=LINE('',#3212,#631);
#548=LINE('',#3214,#632);
#549=LINE('',#3216,#633);
#550=LINE('',#3218,#634);
#551=LINE('',#3220,#635);
#552=LINE('',#3222,#636);
#553=LINE('',#3224,#637);
#554=LINE('',#3226,#638);
#555=LINE('',#3228,#639);
#556=LINE('',#3230,#640);
#557=LINE('',#3232,#641);
#558=LINE('',#3234,#642);
#559=LINE('',#3236,#643);
#560=LINE('',#3238,#644);
#561=LINE('',#3240,#645);
#562=LINE('',#3242,#646);
#563=LINE('',#3244,#647);
#564=LINE('',#3246,#648);
#565=LINE('',#3248,#649);
#566=LINE('',#3250,#650);
#567=LINE('',#3252,#651);
#568=LINE('',#3254,#652);
#569=LINE('',#3256,#653);
#570=LINE('',#3258,#654);
#571=LINE('',#3260,#655);
#572=LINE('',#3262,#656);
#573=LINE('',#3264,#657);
#574=LINE('',#3266,#658);
#575=LINE('',#3268,#659);
#576=LINE('',#3270,#660);
#577=LINE('',#3272,#661);
#578=LINE('',#3274,#662);
#579=LINE('',#3276,#663);
#580=LINE('',#3278,#664);
#581=LINE('',#3280,#665);
#582=LINE('',#3282,#666);
#583=LINE('',#3284,#667);
#584=LINE('',#3286,#668);
#585=LINE('',#3288,#669);
#586=LINE('',#3290,#670);
#587=LINE('',#3292,#671);
#588=LINE('',#3294,#672);
#589=LINE('',#3296,#673);
#590=LINE('',#3298,#674);
#591=LINE('',#3300,#675);
#592=LINE('',#3302,#676);
#593=LINE('',#3304,#677);
#594=LINE('',#3306,#678);
#595=LINE('',#3308,#679);
#596=LINE('',#3310,#680);
#597=LINE('',#3312,#681);
#598=LINE('',#3314,#682);
#599=LINE('',#3316,#683);
#600=LINE('',#3318,#684);
#601=LINE('',#3320,#685);
#602=LINE('',#3322,#686);
#603=LINE('',#3324,#687);
#604=LINE('',#3326,#688);
#605=LINE('',#3328,#689);
#606=LINE('',#3330,#690);
#607=LINE('',#3332,#691);
#608=LINE('',#3334,#692);
#609=VECTOR('',#2234,2.25);
#610=VECTOR('',#2241,2.25);
#611=VECTOR('',#2248,2.25);
#612=VECTOR('',#2255,2.25);
#613=VECTOR('',#2262,2.25);
#614=VECTOR('',#2269,2.25);
#615=VECTOR('',#2276,2.25);
#616=VECTOR('',#2283,2.25);
#617=VECTOR('',#2290,35.);
#618=VECTOR('',#2297,41.);
#619=VECTOR('',#2606,35.);
#620=VECTOR('',#2609,0.5);
#621=VECTOR('',#2612,0.5);
#622=VECTOR('',#2615,0.5);
#623=VECTOR('',#2618,0.5);
#624=VECTOR('',#2621,0.5);
#625=VECTOR('',#2624,0.5);
#626=VECTOR('',#2627,0.5);
#627=VECTOR('',#2630,0.5);
#628=VECTOR('',#2633,0.5);
#629=VECTOR('',#2636,0.5);
#630=VECTOR('',#2639,0.5);
#631=VECTOR('',#2642,0.5);
#632=VECTOR('',#2645,0.5);
#633=VECTOR('',#2648,0.5);
#634=VECTOR('',#2651,0.5);
#635=VECTOR('',#2654,0.5);
#636=VECTOR('',#2657,0.499999999999999);
#637=VECTOR('',#2660,0.5);
#638=VECTOR('',#2663,0.5);
#639=VECTOR('',#2666,0.499999999999999);
#640=VECTOR('',#2669,0.499999999999999);
#641=VECTOR('',#2672,0.5);
#642=VECTOR('',#2675,0.5);
#643=VECTOR('',#2678,0.5);
#644=VECTOR('',#2681,0.5);
#645=VECTOR('',#2684,0.5);
#646=VECTOR('',#2687,0.5);
#647=VECTOR('',#2690,0.5);
#648=VECTOR('',#2693,0.5);
#649=VECTOR('',#2696,0.5);
#650=VECTOR('',#2699,0.500000000000001);
#651=VECTOR('',#2702,0.5);
#652=VECTOR('',#2705,0.500000000000001);
#653=VECTOR('',#2708,0.5);
#654=VECTOR('',#2711,0.5);
#655=VECTOR('',#2714,0.5);
#656=VECTOR('',#2717,0.5);
#657=VECTOR('',#2720,0.5);
#658=VECTOR('',#2723,0.5);
#659=VECTOR('',#2726,0.5);
#660=VECTOR('',#2729,0.5);
#661=VECTOR('',#2732,0.5);
#662=VECTOR('',#2735,0.5);
#663=VECTOR('',#2738,0.5);
#664=VECTOR('',#2741,0.5);
#665=VECTOR('',#2744,0.5);
#666=VECTOR('',#2747,0.5);
#667=VECTOR('',#2750,0.5);
#668=VECTOR('',#2753,0.5);
#669=VECTOR('',#2756,0.5);
#670=VECTOR('',#2759,0.5);
#671=VECTOR('',#2762,0.5);
#672=VECTOR('',#2765,0.499999999999999);
#673=VECTOR('',#2768,0.5);
#674=VECTOR('',#2771,0.5);
#675=VECTOR('',#2774,0.5);
#676=VECTOR('',#2777,0.5);
#677=VECTOR('',#2780,0.499999999999999);
#678=VECTOR('',#2783,0.499999999999999);
#679=VECTOR('',#2786,0.5);
#680=VECTOR('',#2789,0.5);
#681=VECTOR('',#2792,0.499999999999999);
#682=VECTOR('',#2795,0.5);
#683=VECTOR('',#2798,0.5);
#684=VECTOR('',#2801,0.5);
#685=VECTOR('',#2804,0.5);
#686=VECTOR('',#2807,0.5);
#687=VECTOR('',#2810,0.5);
#688=VECTOR('',#2813,0.5);
#689=VECTOR('',#2816,0.5);
#690=VECTOR('',#2819,0.5);
#691=VECTOR('',#2822,0.5);
#692=VECTOR('',#2825,0.5);
#693=CIRCLE('',#1973,2.25);
#694=CIRCLE('',#1974,2.25);
#695=CIRCLE('',#1976,2.25);
#696=CIRCLE('',#1977,2.25);
#697=CIRCLE('',#1979,2.25);
#698=CIRCLE('',#1980,2.25);
#699=CIRCLE('',#1982,2.25);
#700=CIRCLE('',#1983,2.25);
#701=CIRCLE('',#1985,2.25);
#702=CIRCLE('',#1986,2.25);
#703=CIRCLE('',#1988,2.25);
#704=CIRCLE('',#1989,2.25);
#705=CIRCLE('',#1991,2.25);
#706=CIRCLE('',#1992,2.25);
#707=CIRCLE('',#1994,2.25);
#708=CIRCLE('',#1995,2.25);
#709=CIRCLE('',#1997,35.);
#710=CIRCLE('',#1998,35.);
#711=CIRCLE('',#2000,41.);
#712=CIRCLE('',#2001,41.);
#713=CIRCLE('',#2005,35.);
#714=CIRCLE('',#2006,0.5);
#715=CIRCLE('',#2007,0.5);
#716=CIRCLE('',#2008,0.5);
#717=CIRCLE('',#2009,0.5);
#718=CIRCLE('',#2010,0.5);
#719=CIRCLE('',#2011,0.5);
#720=CIRCLE('',#2012,0.5);
#721=CIRCLE('',#2013,0.5);
#722=CIRCLE('',#2014,0.5);
#723=CIRCLE('',#2015,0.5);
#724=CIRCLE('',#2016,0.5);
#725=CIRCLE('',#2017,0.5);
#726=CIRCLE('',#2018,0.5);
#727=CIRCLE('',#2019,0.5);
#728=CIRCLE('',#2020,0.5);
#729=CIRCLE('',#2021,0.5);
#730=CIRCLE('',#2022,0.499999999999999);
#731=CIRCLE('',#2023,0.5);
#732=CIRCLE('',#2024,0.5);
#733=CIRCLE('',#2025,0.499999999999999);
#734=CIRCLE('',#2026,0.499999999999999);
#735=CIRCLE('',#2027,0.5);
#736=CIRCLE('',#2028,0.5);
#737=CIRCLE('',#2029,0.5);
#738=CIRCLE('',#2030,0.5);
#739=CIRCLE('',#2031,0.5);
#740=CIRCLE('',#2032,0.5);
#741=CIRCLE('',#2033,0.5);
#742=CIRCLE('',#2034,0.5);
#743=CIRCLE('',#2035,0.5);
#744=CIRCLE('',#2036,0.500000000000001);
#745=CIRCLE('',#2037,0.5);
#746=CIRCLE('',#2038,0.500000000000001);
#747=CIRCLE('',#2039,0.5);
#748=CIRCLE('',#2040,0.5);
#749=CIRCLE('',#2041,0.5);
#750=CIRCLE('',#2042,0.5);
#751=CIRCLE('',#2043,0.5);
#752=CIRCLE('',#2044,0.5);
#753=CIRCLE('',#2045,0.5);
#754=CIRCLE('',#2046,0.5);
#755=CIRCLE('',#2047,0.5);
#756=CIRCLE('',#2048,0.5);
#757=CIRCLE('',#2049,0.5);
#758=CIRCLE('',#2050,0.5);
#759=CIRCLE('',#2051,0.5);
#760=CIRCLE('',#2052,0.5);
#761=CIRCLE('',#2053,0.5);
#762=CIRCLE('',#2054,0.5);
#763=CIRCLE('',#2055,0.5);
#764=CIRCLE('',#2056,0.5);
#765=CIRCLE('',#2057,0.5);
#766=CIRCLE('',#2058,0.499999999999999);
#767=CIRCLE('',#2059,0.5);
#768=CIRCLE('',#2060,0.5);
#769=CIRCLE('',#2061,0.5);
#770=CIRCLE('',#2062,0.5);
#771=CIRCLE('',#2063,0.499999999999999);
#772=CIRCLE('',#2064,0.499999999999999);
#773=CIRCLE('',#2065,0.5);
#774=CIRCLE('',#2066,0.5);
#775=CIRCLE('',#2067,0.499999999999999);
#776=CIRCLE('',#2068,0.5);
#777=CIRCLE('',#2069,0.5);
#778=CIRCLE('',#2070,0.5);
#779=CIRCLE('',#2071,0.5);
#780=CIRCLE('',#2072,0.5);
#781=CIRCLE('',#2073,0.5);
#782=CIRCLE('',#2074,0.5);
#783=CIRCLE('',#2075,0.5);
#784=CIRCLE('',#2076,0.5);
#785=CIRCLE('',#2077,0.5);
#786=CIRCLE('',#2078,0.5);
#787=CIRCLE('',#2080,35.);
#788=CIRCLE('',#2081,0.5);
#789=CIRCLE('',#2082,0.5);
#790=CIRCLE('',#2083,0.5);
#791=CIRCLE('',#2084,0.5);
#792=CIRCLE('',#2085,0.5);
#793=CIRCLE('',#2086,0.5);
#794=CIRCLE('',#2087,0.5);
#795=CIRCLE('',#2088,0.5);
#796=CIRCLE('',#2089,0.5);
#797=CIRCLE('',#2090,0.5);
#798=CIRCLE('',#2091,0.5);
#799=CIRCLE('',#2092,0.5);
#800=CIRCLE('',#2093,0.5);
#801=CIRCLE('',#2094,0.5);
#802=CIRCLE('',#2095,0.5);
#803=CIRCLE('',#2096,0.5);
#804=CIRCLE('',#2097,0.499999999999999);
#805=CIRCLE('',#2098,0.5);
#806=CIRCLE('',#2099,0.5);
#807=CIRCLE('',#2100,0.499999999999999);
#808=CIRCLE('',#2101,0.499999999999999);
#809=CIRCLE('',#2102,0.5);
#810=CIRCLE('',#2103,0.5);
#811=CIRCLE('',#2104,0.5);
#812=CIRCLE('',#2105,0.5);
#813=CIRCLE('',#2106,0.5);
#814=CIRCLE('',#2107,0.5);
#815=CIRCLE('',#2108,0.5);
#816=CIRCLE('',#2109,0.5);
#817=CIRCLE('',#2110,0.5);
#818=CIRCLE('',#2111,0.500000000000001);
#819=CIRCLE('',#2112,0.5);
#820=CIRCLE('',#2113,0.500000000000001);
#821=CIRCLE('',#2114,0.5);
#822=CIRCLE('',#2115,0.5);
#823=CIRCLE('',#2116,0.5);
#824=CIRCLE('',#2117,0.5);
#825=CIRCLE('',#2118,0.5);
#826=CIRCLE('',#2119,0.5);
#827=CIRCLE('',#2120,0.5);
#828=CIRCLE('',#2121,0.5);
#829=CIRCLE('',#2122,0.5);
#830=CIRCLE('',#2123,0.5);
#831=CIRCLE('',#2124,0.5);
#832=CIRCLE('',#2125,0.5);
#833=CIRCLE('',#2126,0.5);
#834=CIRCLE('',#2127,0.5);
#835=CIRCLE('',#2128,0.5);
#836=CIRCLE('',#2129,0.5);
#837=CIRCLE('',#2130,0.5);
#838=CIRCLE('',#2131,0.5);
#839=CIRCLE('',#2132,0.5);
#840=CIRCLE('',#2133,0.499999999999999);
#841=CIRCLE('',#2134,0.5);
#842=CIRCLE('',#2135,0.5);
#843=CIRCLE('',#2136,0.5);
#844=CIRCLE('',#2137,0.5);
#845=CIRCLE('',#2138,0.499999999999999);
#846=CIRCLE('',#2139,0.499999999999999);
#847=CIRCLE('',#2140,0.5);
#848=CIRCLE('',#2141,0.5);
#849=CIRCLE('',#2142,0.499999999999999);
#850=CIRCLE('',#2143,0.5);
#851=CIRCLE('',#2144,0.5);
#852=CIRCLE('',#2145,0.5);
#853=CIRCLE('',#2146,0.5);
#854=CIRCLE('',#2147,0.5);
#855=CIRCLE('',#2148,0.5);
#856=CIRCLE('',#2149,0.5);
#857=CIRCLE('',#2150,0.5);
#858=CIRCLE('',#2151,0.5);
#859=CIRCLE('',#2152,0.5);
#860=CIRCLE('',#2153,0.5);
#861=VERTEX_POINT('',#2828);
#862=VERTEX_POINT('',#2830);
#863=VERTEX_POINT('',#2834);
#864=VERTEX_POINT('',#2836);
#865=VERTEX_POINT('',#2840);
#866=VERTEX_POINT('',#2842);
#867=VERTEX_POINT('',#2846);
#868=VERTEX_POINT('',#2848);
#869=VERTEX_POINT('',#2852);
#870=VERTEX_POINT('',#2854);
#871=VERTEX_POINT('',#2858);
#872=VERTEX_POINT('',#2860);
#873=VERTEX_POINT('',#2864);
#874=VERTEX_POINT('',#2866);
#875=VERTEX_POINT('',#2870);
#876=VERTEX_POINT('',#2872);
#877=VERTEX_POINT('',#2876);
#878=VERTEX_POINT('',#2878);
#879=VERTEX_POINT('',#2882);
#880=VERTEX_POINT('',#2884);
#881=VERTEX_POINT('',#2890);
#882=VERTEX_POINT('',#2892);
#883=VERTEX_POINT('',#2894);
#884=VERTEX_POINT('',#2896);
#885=VERTEX_POINT('',#2898);
#886=VERTEX_POINT('',#2900);
#887=VERTEX_POINT('',#2902);
#888=VERTEX_POINT('',#2904);
#889=VERTEX_POINT('',#2906);
#890=VERTEX_POINT('',#2908);
#891=VERTEX_POINT('',#2910);
#892=VERTEX_POINT('',#2912);
#893=VERTEX_POINT('',#2914);
#894=VERTEX_POINT('',#2916);
#895=VERTEX_POINT('',#2918);
#896=VERTEX_POINT('',#2920);
#897=VERTEX_POINT('',#2922);
#898=VERTEX_POINT('',#2924);
#899=VERTEX_POINT('',#2926);
#900=VERTEX_POINT('',#2928);
#901=VERTEX_POINT('',#2930);
#902=VERTEX_POINT('',#2932);
#903=VERTEX_POINT('',#2934);
#904=VERTEX_POINT('',#2936);
#905=VERTEX_POINT('',#2938);
#906=VERTEX_POINT('',#2940);
#907=VERTEX_POINT('',#2942);
#908=VERTEX_POINT('',#2944);
#909=VERTEX_POINT('',#2946);
#910=VERTEX_POINT('',#2948);
#911=VERTEX_POINT('',#2950);
#912=VERTEX_POINT('',#2952);
#913=VERTEX_POINT('',#2954);
#914=VERTEX_POINT('',#2956);
#915=VERTEX_POINT('',#2958);
#916=VERTEX_POINT('',#2960);
#917=VERTEX_POINT('',#2962);
#918=VERTEX_POINT('',#2964);
#919=VERTEX_POINT('',#2966);
#920=VERTEX_POINT('',#2968);
#921=VERTEX_POINT('',#2970);
#922=VERTEX_POINT('',#2972);
#923=VERTEX_POINT('',#2974);
#924=VERTEX_POINT('',#2976);
#925=VERTEX_POINT('',#2978);
#926=VERTEX_POINT('',#2980);
#927=VERTEX_POINT('',#2982);
#928=VERTEX_POINT('',#2984);
#929=VERTEX_POINT('',#2986);
#930=VERTEX_POINT('',#2988);
#931=VERTEX_POINT('',#2990);
#932=VERTEX_POINT('',#2992);
#933=VERTEX_POINT('',#2994);
#934=VERTEX_POINT('',#2996);
#935=VERTEX_POINT('',#2998);
#936=VERTEX_POINT('',#3000);
#937=VERTEX_POINT('',#3002);
#938=VERTEX_POINT('',#3004);
#939=VERTEX_POINT('',#3006);
#940=VERTEX_POINT('',#3008);
#941=VERTEX_POINT('',#3010);
#942=VERTEX_POINT('',#3012);
#943=VERTEX_POINT('',#3014);
#944=VERTEX_POINT('',#3016);
#945=VERTEX_POINT('',#3018);
#946=VERTEX_POINT('',#3020);
#947=VERTEX_POINT('',#3022);
#948=VERTEX_POINT('',#3024);
#949=VERTEX_POINT('',#3026);
#950=VERTEX_POINT('',#3028);
#951=VERTEX_POINT('',#3030);
#952=VERTEX_POINT('',#3032);
#953=VERTEX_POINT('',#3034);
#954=VERTEX_POINT('',#3036);
#955=VERTEX_POINT('',#3039);
#956=VERTEX_POINT('',#3041);
#957=VERTEX_POINT('',#3043);
#958=VERTEX_POINT('',#3045);
#959=VERTEX_POINT('',#3047);
#960=VERTEX_POINT('',#3049);
#961=VERTEX_POINT('',#3051);
#962=VERTEX_POINT('',#3053);
#963=VERTEX_POINT('',#3055);
#964=VERTEX_POINT('',#3057);
#965=VERTEX_POINT('',#3059);
#966=VERTEX_POINT('',#3061);
#967=VERTEX_POINT('',#3063);
#968=VERTEX_POINT('',#3065);
#969=VERTEX_POINT('',#3067);
#970=VERTEX_POINT('',#3069);
#971=VERTEX_POINT('',#3071);
#972=VERTEX_POINT('',#3073);
#973=VERTEX_POINT('',#3075);
#974=VERTEX_POINT('',#3077);
#975=VERTEX_POINT('',#3079);
#976=VERTEX_POINT('',#3081);
#977=VERTEX_POINT('',#3083);
#978=VERTEX_POINT('',#3085);
#979=VERTEX_POINT('',#3087);
#980=VERTEX_POINT('',#3089);
#981=VERTEX_POINT('',#3091);
#982=VERTEX_POINT('',#3093);
#983=VERTEX_POINT('',#3095);
#984=VERTEX_POINT('',#3097);
#985=VERTEX_POINT('',#3099);
#986=VERTEX_POINT('',#3101);
#987=VERTEX_POINT('',#3103);
#988=VERTEX_POINT('',#3105);
#989=VERTEX_POINT('',#3107);
#990=VERTEX_POINT('',#3109);
#991=VERTEX_POINT('',#3111);
#992=VERTEX_POINT('',#3113);
#993=VERTEX_POINT('',#3115);
#994=VERTEX_POINT('',#3117);
#995=VERTEX_POINT('',#3119);
#996=VERTEX_POINT('',#3121);
#997=VERTEX_POINT('',#3123);
#998=VERTEX_POINT('',#3125);
#999=VERTEX_POINT('',#3127);
#1000=VERTEX_POINT('',#3129);
#1001=VERTEX_POINT('',#3131);
#1002=VERTEX_POINT('',#3133);
#1003=VERTEX_POINT('',#3135);
#1004=VERTEX_POINT('',#3137);
#1005=VERTEX_POINT('',#3139);
#1006=VERTEX_POINT('',#3141);
#1007=VERTEX_POINT('',#3143);
#1008=VERTEX_POINT('',#3145);
#1009=VERTEX_POINT('',#3147);
#1010=VERTEX_POINT('',#3149);
#1011=VERTEX_POINT('',#3151);
#1012=VERTEX_POINT('',#3153);
#1013=VERTEX_POINT('',#3155);
#1014=VERTEX_POINT('',#3157);
#1015=VERTEX_POINT('',#3159);
#1016=VERTEX_POINT('',#3161);
#1017=VERTEX_POINT('',#3163);
#1018=VERTEX_POINT('',#3165);
#1019=VERTEX_POINT('',#3167);
#1020=VERTEX_POINT('',#3169);
#1021=VERTEX_POINT('',#3171);
#1022=VERTEX_POINT('',#3173);
#1023=VERTEX_POINT('',#3175);
#1024=VERTEX_POINT('',#3177);
#1025=VERTEX_POINT('',#3179);
#1026=VERTEX_POINT('',#3181);
#1027=VERTEX_POINT('',#3183);
#1028=VERTEX_POINT('',#3185);
#1029=EDGE_CURVE('',#861,#861,#693,.T.);
#1030=EDGE_CURVE('',#861,#862,#525,.T.);
#1031=EDGE_CURVE('',#862,#862,#694,.T.);
#1032=EDGE_CURVE('',#863,#863,#695,.T.);
#1033=EDGE_CURVE('',#863,#864,#526,.T.);
#1034=EDGE_CURVE('',#864,#864,#696,.T.);
#1035=EDGE_CURVE('',#865,#865,#697,.T.);
#1036=EDGE_CURVE('',#865,#866,#527,.T.);
#1037=EDGE_CURVE('',#866,#866,#698,.T.);
#1038=EDGE_CURVE('',#867,#867,#699,.T.);
#1039=EDGE_CURVE('',#867,#868,#528,.T.);
#1040=EDGE_CURVE('',#868,#868,#700,.T.);
#1041=EDGE_CURVE('',#869,#869,#701,.T.);
#1042=EDGE_CURVE('',#869,#870,#529,.T.);
#1043=EDGE_CURVE('',#870,#870,#702,.T.);
#1044=EDGE_CURVE('',#871,#871,#703,.T.);
#1045=EDGE_CURVE('',#871,#872,#530,.T.);
#1046=EDGE_CURVE('',#872,#872,#704,.T.);
#1047=EDGE_CURVE('',#873,#873,#705,.T.);
#1048=EDGE_CURVE('',#873,#874,#531,.T.);
#1049=EDGE_CURVE('',#874,#874,#706,.T.);
#1050=EDGE_CURVE('',#875,#875,#707,.T.);
#1051=EDGE_CURVE('',#875,#876,#532,.T.);
#1052=EDGE_CURVE('',#876,#876,#708,.T.);
#1053=EDGE_CURVE('',#877,#877,#709,.T.);
#1054=EDGE_CURVE('',#877,#878,#533,.T.);
#1055=EDGE_CURVE('',#878,#878,#710,.T.);
#1056=EDGE_CURVE('',#879,#879,#711,.T.);
#1057=EDGE_CURVE('',#879,#880,#534,.T.);
#1058=EDGE_CURVE('',#880,#880,#712,.T.);
#1059=EDGE_CURVE('',#881,#881,#713,.T.);
#1060=EDGE_CURVE('',#882,#882,#714,.T.);
#1061=EDGE_CURVE('',#883,#883,#715,.T.);
#1062=EDGE_CURVE('',#884,#884,#716,.T.);
#1063=EDGE_CURVE('',#885,#885,#717,.T.);
#1064=EDGE_CURVE('',#886,#886,#718,.T.);
#1065=EDGE_CURVE('',#887,#887,#719,.T.);
#1066=EDGE_CURVE('',#888,#888,#720,.T.);
#1067=EDGE_CURVE('',#889,#889,#721,.T.);
#1068=EDGE_CURVE('',#890,#890,#722,.T.);
#1069=EDGE_CURVE('',#891,#891,#723,.T.);
#1070=EDGE_CURVE('',#892,#892,#724,.T.);
#1071=EDGE_CURVE('',#893,#893,#725,.T.);
#1072=EDGE_CURVE('',#894,#894,#726,.T.);
#1073=EDGE_CURVE('',#895,#895,#727,.T.);
#1074=EDGE_CURVE('',#896,#896,#728,.T.);
#1075=EDGE_CURVE('',#897,#897,#729,.T.);
#1076=EDGE_CURVE('',#898,#898,#730,.T.);
#1077=EDGE_CURVE('',#899,#899,#731,.T.);
#1078=EDGE_CURVE('',#900,#900,#732,.T.);
#1079=EDGE_CURVE('',#901,#901,#733,.T.);
#1080=EDGE_CURVE('',#902,#902,#734,.T.);
#1081=EDGE_CURVE('',#903,#903,#735,.T.);
#1082=EDGE_CURVE('',#904,#904,#736,.T.);
#1083=EDGE_CURVE('',#905,#905,#737,.T.);
#1084=EDGE_CURVE('',#906,#906,#738,.T.);
#1085=EDGE_CURVE('',#907,#907,#739,.T.);
#1086=EDGE_CURVE('',#908,#908,#740,.T.);
#1087=EDGE_CURVE('',#909,#909,#741,.T.);
#1088=EDGE_CURVE('',#910,#910,#742,.T.);
#1089=EDGE_CURVE('',#911,#911,#743,.T.);
#1090=EDGE_CURVE('',#912,#912,#744,.T.);
#1091=EDGE_CURVE('',#913,#913,#745,.T.);
#1092=EDGE_CURVE('',#914,#914,#746,.T.);
#1093=EDGE_CURVE('',#915,#915,#747,.T.);
#1094=EDGE_CURVE('',#916,#916,#748,.T.);
#1095=EDGE_CURVE('',#917,#917,#749,.T.);
#1096=EDGE_CURVE('',#918,#918,#750,.T.);
#1097=EDGE_CURVE('',#919,#919,#751,.T.);
#1098=EDGE_CURVE('',#920,#920,#752,.T.);
#1099=EDGE_CURVE('',#921,#921,#753,.T.);
#1100=EDGE_CURVE('',#922,#922,#754,.T.);
#1101=EDGE_CURVE('',#923,#923,#755,.T.);
#1102=EDGE_CURVE('',#924,#924,#756,.T.);
#1103=EDGE_CURVE('',#925,#925,#757,.T.);
#1104=EDGE_CURVE('',#926,#926,#758,.T.);
#1105=EDGE_CURVE('',#927,#927,#759,.T.);
#1106=EDGE_CURVE('',#928,#928,#760,.T.);
#1107=EDGE_CURVE('',#929,#929,#761,.T.);
#1108=EDGE_CURVE('',#930,#930,#762,.T.);
#1109=EDGE_CURVE('',#931,#931,#763,.T.);
#1110=EDGE_CURVE('',#932,#932,#764,.T.);
#1111=EDGE_CURVE('',#933,#933,#765,.T.);
#1112=EDGE_CURVE('',#934,#934,#766,.T.);
#1113=EDGE_CURVE('',#935,#935,#767,.T.);
#1114=EDGE_CURVE('',#936,#936,#768,.T.);
#1115=EDGE_CURVE('',#937,#937,#769,.T.);
#1116=EDGE_CURVE('',#938,#938,#770,.T.);
#1117=EDGE_CURVE('',#939,#939,#771,.T.);
#1118=EDGE_CURVE('',#940,#940,#772,.T.);
#1119=EDGE_CURVE('',#941,#941,#773,.T.);
#1120=EDGE_CURVE('',#942,#942,#774,.T.);
#1121=EDGE_CURVE('',#943,#943,#775,.T.);
#1122=EDGE_CURVE('',#944,#944,#776,.T.);
#1123=EDGE_CURVE('',#945,#945,#777,.T.);
#1124=EDGE_CURVE('',#946,#946,#778,.T.);
#1125=EDGE_CURVE('',#947,#947,#779,.T.);
#1126=EDGE_CURVE('',#948,#948,#780,.T.);
#1127=EDGE_CURVE('',#949,#949,#781,.T.);
#1128=EDGE_CURVE('',#950,#950,#782,.T.);
#1129=EDGE_CURVE('',#951,#951,#783,.T.);
#1130=EDGE_CURVE('',#952,#952,#784,.T.);
#1131=EDGE_CURVE('',#953,#953,#785,.T.);
#1132=EDGE_CURVE('',#954,#954,#786,.T.);
#1133=EDGE_CURVE('',#955,#955,#787,.T.);
#1134=EDGE_CURVE('',#956,#956,#788,.T.);
#1135=EDGE_CURVE('',#957,#957,#789,.T.);
#1136=EDGE_CURVE('',#958,#958,#790,.T.);
#1137=EDGE_CURVE('',#959,#959,#791,.T.);
#1138=EDGE_CURVE('',#960,#960,#792,.T.);
#1139=EDGE_CURVE('',#961,#961,#793,.T.);
#1140=EDGE_CURVE('',#962,#962,#794,.T.);
#1141=EDGE_CURVE('',#963,#963,#795,.T.);
#1142=EDGE_CURVE('',#964,#964,#796,.T.);
#1143=EDGE_CURVE('',#965,#965,#797,.T.);
#1144=EDGE_CURVE('',#966,#966,#798,.T.);
#1145=EDGE_CURVE('',#967,#967,#799,.T.);
#1146=EDGE_CURVE('',#968,#968,#800,.T.);
#1147=EDGE_CURVE('',#969,#969,#801,.T.);
#1148=EDGE_CURVE('',#970,#970,#802,.T.);
#1149=EDGE_CURVE('',#971,#971,#803,.T.);
#1150=EDGE_CURVE('',#972,#972,#804,.T.);
#1151=EDGE_CURVE('',#973,#973,#805,.T.);
#1152=EDGE_CURVE('',#974,#974,#806,.T.);
#1153=EDGE_CURVE('',#975,#975,#807,.T.);
#1154=EDGE_CURVE('',#976,#976,#808,.T.);
#1155=EDGE_CURVE('',#977,#977,#809,.T.);
#1156=EDGE_CURVE('',#978,#978,#810,.T.);
#1157=EDGE_CURVE('',#979,#979,#811,.T.);
#1158=EDGE_CURVE('',#980,#980,#812,.T.);
#1159=EDGE_CURVE('',#981,#981,#813,.T.);
#1160=EDGE_CURVE('',#982,#982,#814,.T.);
#1161=EDGE_CURVE('',#983,#983,#815,.T.);
#1162=EDGE_CURVE('',#984,#984,#816,.T.);
#1163=EDGE_CURVE('',#985,#985,#817,.T.);
#1164=EDGE_CURVE('',#986,#986,#818,.T.);
#1165=EDGE_CURVE('',#987,#987,#819,.T.);
#1166=EDGE_CURVE('',#988,#988,#820,.T.);
#1167=EDGE_CURVE('',#989,#989,#821,.T.);
#1168=EDGE_CURVE('',#990,#990,#822,.T.);
#1169=EDGE_CURVE('',#991,#991,#823,.T.);
#1170=EDGE_CURVE('',#992,#992,#824,.T.);
#1171=EDGE_CURVE('',#993,#993,#825,.T.);
#1172=EDGE_CURVE('',#994,#994,#826,.T.);
#1173=EDGE_CURVE('',#995,#995,#827,.T.);
#1174=EDGE_CURVE('',#996,#996,#828,.T.);
#1175=EDGE_CURVE('',#997,#997,#829,.T.);
#1176=EDGE_CURVE('',#998,#998,#830,.T.);
#1177=EDGE_CURVE('',#999,#999,#831,.T.);
#1178=EDGE_CURVE('',#1000,#1000,#832,.T.);
#1179=EDGE_CURVE('',#1001,#1001,#833,.T.);
#1180=EDGE_CURVE('',#1002,#1002,#834,.T.);
#1181=EDGE_CURVE('',#1003,#1003,#835,.T.);
#1182=EDGE_CURVE('',#1004,#1004,#836,.T.);
#1183=EDGE_CURVE('',#1005,#1005,#837,.T.);
#1184=EDGE_CURVE('',#1006,#1006,#838,.T.);
#1185=EDGE_CURVE('',#1007,#1007,#839,.T.);
#1186=EDGE_CURVE('',#1008,#1008,#840,.T.);
#1187=EDGE_CURVE('',#1009,#1009,#841,.T.);
#1188=EDGE_CURVE('',#1010,#1010,#842,.T.);
#1189=EDGE_CURVE('',#1011,#1011,#843,.T.);
#1190=EDGE_CURVE('',#1012,#1012,#844,.T.);
#1191=EDGE_CURVE('',#1013,#1013,#845,.T.);
#1192=EDGE_CURVE('',#1014,#1014,#846,.T.);
#1193=EDGE_CURVE('',#1015,#1015,#847,.T.);
#1194=EDGE_CURVE('',#1016,#1016,#848,.T.);
#1195=EDGE_CURVE('',#1017,#1017,#849,.T.);
#1196=EDGE_CURVE('',#1018,#1018,#850,.T.);
#1197=EDGE_CURVE('',#1019,#1019,#851,.T.);
#1198=EDGE_CURVE('',#1020,#1020,#852,.T.);
#1199=EDGE_CURVE('',#1021,#1021,#853,.T.);
#1200=EDGE_CURVE('',#1022,#1022,#854,.T.);
#1201=EDGE_CURVE('',#1023,#1023,#855,.T.);
#1202=EDGE_CURVE('',#1024,#1024,#856,.T.);
#1203=EDGE_CURVE('',#1025,#1025,#857,.T.);
#1204=EDGE_CURVE('',#1026,#1026,#858,.T.);
#1205=EDGE_CURVE('',#1027,#1027,#859,.T.);
#1206=EDGE_CURVE('',#1028,#1028,#860,.T.);
#1207=EDGE_CURVE('',#955,#881,#535,.T.);
#1208=EDGE_CURVE('',#956,#882,#536,.T.);
#1209=EDGE_CURVE('',#957,#883,#537,.T.);
#1210=EDGE_CURVE('',#958,#884,#538,.T.);
#1211=EDGE_CURVE('',#959,#885,#539,.T.);
#1212=EDGE_CURVE('',#960,#886,#540,.T.);
#1213=EDGE_CURVE('',#961,#887,#541,.T.);
#1214=EDGE_CURVE('',#962,#888,#542,.T.);
#1215=EDGE_CURVE('',#963,#889,#543,.T.);
#1216=EDGE_CURVE('',#964,#890,#544,.T.);
#1217=EDGE_CURVE('',#965,#891,#545,.T.);
#1218=EDGE_CURVE('',#966,#892,#546,.T.);
#1219=EDGE_CURVE('',#967,#893,#547,.T.);
#1220=EDGE_CURVE('',#968,#894,#548,.T.);
#1221=EDGE_CURVE('',#969,#895,#549,.T.);
#1222=EDGE_CURVE('',#970,#896,#550,.T.);
#1223=EDGE_CURVE('',#971,#897,#551,.T.);
#1224=EDGE_CURVE('',#972,#898,#552,.T.);
#1225=EDGE_CURVE('',#973,#899,#553,.T.);
#1226=EDGE_CURVE('',#974,#900,#554,.T.);
#1227=EDGE_CURVE('',#975,#901,#555,.T.);
#1228=EDGE_CURVE('',#976,#902,#556,.T.);
#1229=EDGE_CURVE('',#977,#903,#557,.T.);
#1230=EDGE_CURVE('',#978,#904,#558,.T.);
#1231=EDGE_CURVE('',#979,#905,#559,.T.);
#1232=EDGE_CURVE('',#980,#906,#560,.T.);
#1233=EDGE_CURVE('',#981,#907,#561,.T.);
#1234=EDGE_CURVE('',#982,#908,#562,.T.);
#1235=EDGE_CURVE('',#983,#909,#563,.T.);
#1236=EDGE_CURVE('',#984,#910,#564,.T.);
#1237=EDGE_CURVE('',#985,#911,#565,.T.);
#1238=EDGE_CURVE('',#986,#912,#566,.T.);
#1239=EDGE_CURVE('',#987,#913,#567,.T.);
#1240=EDGE_CURVE('',#988,#914,#568,.T.);
#1241=EDGE_CURVE('',#989,#915,#569,.T.);
#1242=EDGE_CURVE('',#990,#916,#570,.T.);
#1243=EDGE_CURVE('',#991,#917,#571,.T.);
#1244=EDGE_CURVE('',#992,#918,#572,.T.);
#1245=EDGE_CURVE('',#993,#919,#573,.T.);
#1246=EDGE_CURVE('',#994,#920,#574,.T.);
#1247=EDGE_CURVE('',#995,#921,#575,.T.);
#1248=EDGE_CURVE('',#996,#922,#576,.T.);
#1249=EDGE_CURVE('',#997,#923,#577,.T.);
#1250=EDGE_CURVE('',#998,#924,#578,.T.);
#1251=EDGE_CURVE('',#999,#925,#579,.T.);
#1252=EDGE_CURVE('',#1000,#926,#580,.T.);
#1253=EDGE_CURVE('',#1001,#927,#581,.T.);
#1254=EDGE_CURVE('',#1002,#928,#582,.T.);
#1255=EDGE_CURVE('',#1003,#929,#583,.T.);
#1256=EDGE_CURVE('',#1004,#930,#584,.T.);
#1257=EDGE_CURVE('',#1005,#931,#585,.T.);
#1258=EDGE_CURVE('',#1006,#932,#586,.T.);
#1259=EDGE_CURVE('',#1007,#933,#587,.T.);
#1260=EDGE_CURVE('',#1008,#934,#588,.T.);
#1261=EDGE_CURVE('',#1009,#935,#589,.T.);
#1262=EDGE_CURVE('',#1010,#936,#590,.T.);
#1263=EDGE_CURVE('',#1011,#937,#591,.T.);
#1264=EDGE_CURVE('',#1012,#938,#592,.T.);
#1265=EDGE_CURVE('',#1013,#939,#593,.T.);
#1266=EDGE_CURVE('',#1014,#940,#594,.T.);
#1267=EDGE_CURVE('',#1015,#941,#595,.T.);
#1268=EDGE_CURVE('',#1016,#942,#596,.T.);
#1269=EDGE_CURVE('',#1017,#943,#597,.T.);
#1270=EDGE_CURVE('',#1018,#944,#598,.T.);
#1271=EDGE_CURVE('',#1019,#945,#599,.T.);
#1272=EDGE_CURVE('',#1020,#946,#600,.T.);
#1273=EDGE_CURVE('',#1021,#947,#601,.T.);
#1274=EDGE_CURVE('',#1022,#948,#602,.T.);
#1275=EDGE_CURVE('',#1023,#949,#603,.T.);
#1276=EDGE_CURVE('',#1024,#950,#604,.T.);
#1277=EDGE_CURVE('',#1025,#951,#605,.T.);
#1278=EDGE_CURVE('',#1026,#952,#606,.T.);
#1279=EDGE_CURVE('',#1027,#953,#607,.T.);
#1280=EDGE_CURVE('',#1028,#954,#608,.T.);
#1281=ORIENTED_EDGE('',*,*,#1029,.F.);
#1282=ORIENTED_EDGE('',*,*,#1030,.T.);
#1283=ORIENTED_EDGE('',*,*,#1031,.F.);
#1284=ORIENTED_EDGE('',*,*,#1030,.F.);
#1285=ORIENTED_EDGE('',*,*,#1032,.F.);
#1286=ORIENTED_EDGE('',*,*,#1033,.T.);
#1287=ORIENTED_EDGE('',*,*,#1034,.F.);
#1288=ORIENTED_EDGE('',*,*,#1033,.F.);
#1289=ORIENTED_EDGE('',*,*,#1035,.F.);
#1290=ORIENTED_EDGE('',*,*,#1036,.T.);
#1291=ORIENTED_EDGE('',*,*,#1037,.F.);
#1292=ORIENTED_EDGE('',*,*,#1036,.F.);
#1293=ORIENTED_EDGE('',*,*,#1038,.F.);
#1294=ORIENTED_EDGE('',*,*,#1039,.T.);
#1295=ORIENTED_EDGE('',*,*,#1040,.F.);
#1296=ORIENTED_EDGE('',*,*,#1039,.F.);
#1297=ORIENTED_EDGE('',*,*,#1041,.F.);
#1298=ORIENTED_EDGE('',*,*,#1042,.T.);
#1299=ORIENTED_EDGE('',*,*,#1043,.F.);
#1300=ORIENTED_EDGE('',*,*,#1042,.F.);
#1301=ORIENTED_EDGE('',*,*,#1044,.F.);
#1302=ORIENTED_EDGE('',*,*,#1045,.T.);
#1303=ORIENTED_EDGE('',*,*,#1046,.F.);
#1304=ORIENTED_EDGE('',*,*,#1045,.F.);
#1305=ORIENTED_EDGE('',*,*,#1047,.F.);
#1306=ORIENTED_EDGE('',*,*,#1048,.T.);
#1307=ORIENTED_EDGE('',*,*,#1049,.F.);
#1308=ORIENTED_EDGE('',*,*,#1048,.F.);
#1309=ORIENTED_EDGE('',*,*,#1050,.F.);
#1310=ORIENTED_EDGE('',*,*,#1051,.T.);
#1311=ORIENTED_EDGE('',*,*,#1052,.F.);
#1312=ORIENTED_EDGE('',*,*,#1051,.F.);
#1313=ORIENTED_EDGE('',*,*,#1053,.F.);
#1314=ORIENTED_EDGE('',*,*,#1054,.T.);
#1315=ORIENTED_EDGE('',*,*,#1055,.F.);
#1316=ORIENTED_EDGE('',*,*,#1054,.F.);
#1317=ORIENTED_EDGE('',*,*,#1056,.F.);
#1318=ORIENTED_EDGE('',*,*,#1057,.T.);
#1319=ORIENTED_EDGE('',*,*,#1058,.T.);
#1320=ORIENTED_EDGE('',*,*,#1057,.F.);
#1321=ORIENTED_EDGE('',*,*,#1056,.T.);
#1322=ORIENTED_EDGE('',*,*,#1053,.T.);
#1323=ORIENTED_EDGE('',*,*,#1050,.T.);
#1324=ORIENTED_EDGE('',*,*,#1047,.T.);
#1325=ORIENTED_EDGE('',*,*,#1044,.T.);
#1326=ORIENTED_EDGE('',*,*,#1041,.T.);
#1327=ORIENTED_EDGE('',*,*,#1038,.T.);
#1328=ORIENTED_EDGE('',*,*,#1035,.T.);
#1329=ORIENTED_EDGE('',*,*,#1032,.T.);
#1330=ORIENTED_EDGE('',*,*,#1029,.T.);
#1331=ORIENTED_EDGE('',*,*,#1058,.F.);
#1332=ORIENTED_EDGE('',*,*,#1055,.T.);
#1333=ORIENTED_EDGE('',*,*,#1052,.T.);
#1334=ORIENTED_EDGE('',*,*,#1049,.T.);
#1335=ORIENTED_EDGE('',*,*,#1046,.T.);
#1336=ORIENTED_EDGE('',*,*,#1043,.T.);
#1337=ORIENTED_EDGE('',*,*,#1040,.T.);
#1338=ORIENTED_EDGE('',*,*,#1037,.T.);
#1339=ORIENTED_EDGE('',*,*,#1034,.T.);
#1340=ORIENTED_EDGE('',*,*,#1031,.T.);
#1341=ORIENTED_EDGE('',*,*,#1059,.F.);
#1342=ORIENTED_EDGE('',*,*,#1060,.T.);
#1343=ORIENTED_EDGE('',*,*,#1061,.T.);
#1344=ORIENTED_EDGE('',*,*,#1062,.T.);
#1345=ORIENTED_EDGE('',*,*,#1063,.T.);
#1346=ORIENTED_EDGE('',*,*,#1064,.T.);
#1347=ORIENTED_EDGE('',*,*,#1065,.T.);
#1348=ORIENTED_EDGE('',*,*,#1066,.T.);
#1349=ORIENTED_EDGE('',*,*,#1067,.T.);
#1350=ORIENTED_EDGE('',*,*,#1068,.T.);
#1351=ORIENTED_EDGE('',*,*,#1069,.T.);
#1352=ORIENTED_EDGE('',*,*,#1070,.T.);
#1353=ORIENTED_EDGE('',*,*,#1071,.T.);
#1354=ORIENTED_EDGE('',*,*,#1072,.T.);
#1355=ORIENTED_EDGE('',*,*,#1073,.T.);
#1356=ORIENTED_EDGE('',*,*,#1074,.T.);
#1357=ORIENTED_EDGE('',*,*,#1075,.T.);
#1358=ORIENTED_EDGE('',*,*,#1076,.T.);
#1359=ORIENTED_EDGE('',*,*,#1077,.T.);
#1360=ORIENTED_EDGE('',*,*,#1078,.T.);
#1361=ORIENTED_EDGE('',*,*,#1079,.T.);
#1362=ORIENTED_EDGE('',*,*,#1080,.T.);
#1363=ORIENTED_EDGE('',*,*,#1081,.T.);
#1364=ORIENTED_EDGE('',*,*,#1082,.T.);
#1365=ORIENTED_EDGE('',*,*,#1083,.T.);
#1366=ORIENTED_EDGE('',*,*,#1084,.T.);
#1367=ORIENTED_EDGE('',*,*,#1085,.T.);
#1368=ORIENTED_EDGE('',*,*,#1086,.T.);
#1369=ORIENTED_EDGE('',*,*,#1087,.T.);
#1370=ORIENTED_EDGE('',*,*,#1088,.T.);
#1371=ORIENTED_EDGE('',*,*,#1089,.T.);
#1372=ORIENTED_EDGE('',*,*,#1090,.T.);
#1373=ORIENTED_EDGE('',*,*,#1091,.T.);
#1374=ORIENTED_EDGE('',*,*,#1092,.T.);
#1375=ORIENTED_EDGE('',*,*,#1093,.T.);
#1376=ORIENTED_EDGE('',*,*,#1094,.T.);
#1377=ORIENTED_EDGE('',*,*,#1095,.T.);
#1378=ORIENTED_EDGE('',*,*,#1096,.T.);
#1379=ORIENTED_EDGE('',*,*,#1097,.T.);
#1380=ORIENTED_EDGE('',*,*,#1098,.T.);
#1381=ORIENTED_EDGE('',*,*,#1099,.T.);
#1382=ORIENTED_EDGE('',*,*,#1100,.T.);
#1383=ORIENTED_EDGE('',*,*,#1101,.T.);
#1384=ORIENTED_EDGE('',*,*,#1102,.T.);
#1385=ORIENTED_EDGE('',*,*,#1103,.T.);
#1386=ORIENTED_EDGE('',*,*,#1104,.T.);
#1387=ORIENTED_EDGE('',*,*,#1105,.T.);
#1388=ORIENTED_EDGE('',*,*,#1106,.T.);
#1389=ORIENTED_EDGE('',*,*,#1107,.T.);
#1390=ORIENTED_EDGE('',*,*,#1108,.T.);
#1391=ORIENTED_EDGE('',*,*,#1109,.T.);
#1392=ORIENTED_EDGE('',*,*,#1110,.T.);
#1393=ORIENTED_EDGE('',*,*,#1111,.T.);
#1394=ORIENTED_EDGE('',*,*,#1112,.T.);
#1395=ORIENTED_EDGE('',*,*,#1113,.T.);
#1396=ORIENTED_EDGE('',*,*,#1114,.T.);
#1397=ORIENTED_EDGE('',*,*,#1115,.T.);
#1398=ORIENTED_EDGE('',*,*,#1116,.T.);
#1399=ORIENTED_EDGE('',*,*,#1117,.T.);
#1400=ORIENTED_EDGE('',*,*,#1118,.T.);
#1401=ORIENTED_EDGE('',*,*,#1119,.T.);
#1402=ORIENTED_EDGE('',*,*,#1120,.T.);
#1403=ORIENTED_EDGE('',*,*,#1121,.T.);
#1404=ORIENTED_EDGE('',*,*,#1122,.T.);
#1405=ORIENTED_EDGE('',*,*,#1123,.T.);
#1406=ORIENTED_EDGE('',*,*,#1124,.T.);
#1407=ORIENTED_EDGE('',*,*,#1125,.T.);
#1408=ORIENTED_EDGE('',*,*,#1126,.T.);
#1409=ORIENTED_EDGE('',*,*,#1127,.T.);
#1410=ORIENTED_EDGE('',*,*,#1128,.T.);
#1411=ORIENTED_EDGE('',*,*,#1129,.T.);
#1412=ORIENTED_EDGE('',*,*,#1130,.T.);
#1413=ORIENTED_EDGE('',*,*,#1131,.T.);
#1414=ORIENTED_EDGE('',*,*,#1132,.T.);
#1415=ORIENTED_EDGE('',*,*,#1133,.T.);
#1416=ORIENTED_EDGE('',*,*,#1134,.T.);
#1417=ORIENTED_EDGE('',*,*,#1135,.T.);
#1418=ORIENTED_EDGE('',*,*,#1136,.T.);
#1419=ORIENTED_EDGE('',*,*,#1137,.T.);
#1420=ORIENTED_EDGE('',*,*,#1138,.T.);
#1421=ORIENTED_EDGE('',*,*,#1139,.T.);
#1422=ORIENTED_EDGE('',*,*,#1140,.T.);
#1423=ORIENTED_EDGE('',*,*,#1141,.T.);
#1424=ORIENTED_EDGE('',*,*,#1142,.T.);
#1425=ORIENTED_EDGE('',*,*,#1143,.T.);
#1426=ORIENTED_EDGE('',*,*,#1144,.T.);
#1427=ORIENTED_EDGE('',*,*,#1145,.T.);
#1428=ORIENTED_EDGE('',*,*,#1146,.T.);
#1429=ORIENTED_EDGE('',*,*,#1147,.T.);
#1430=ORIENTED_EDGE('',*,*,#1148,.T.);
#1431=ORIENTED_EDGE('',*,*,#1149,.T.);
#1432=ORIENTED_EDGE('',*,*,#1150,.T.);
#1433=ORIENTED_EDGE('',*,*,#1151,.T.);
#1434=ORIENTED_EDGE('',*,*,#1152,.T.);
#1435=ORIENTED_EDGE('',*,*,#1153,.T.);
#1436=ORIENTED_EDGE('',*,*,#1154,.T.);
#1437=ORIENTED_EDGE('',*,*,#1155,.T.);
#1438=ORIENTED_EDGE('',*,*,#1156,.T.);
#1439=ORIENTED_EDGE('',*,*,#1157,.T.);
#1440=ORIENTED_EDGE('',*,*,#1158,.T.);
#1441=ORIENTED_EDGE('',*,*,#1159,.T.);
#1442=ORIENTED_EDGE('',*,*,#1160,.T.);
#1443=ORIENTED_EDGE('',*,*,#1161,.T.);
#1444=ORIENTED_EDGE('',*,*,#1162,.T.);
#1445=ORIENTED_EDGE('',*,*,#1163,.T.);
#1446=ORIENTED_EDGE('',*,*,#1164,.T.);
#1447=ORIENTED_EDGE('',*,*,#1165,.T.);
#1448=ORIENTED_EDGE('',*,*,#1166,.T.);
#1449=ORIENTED_EDGE('',*,*,#1167,.T.);
#1450=ORIENTED_EDGE('',*,*,#1168,.T.);
#1451=ORIENTED_EDGE('',*,*,#1169,.T.);
#1452=ORIENTED_EDGE('',*,*,#1170,.T.);
#1453=ORIENTED_EDGE('',*,*,#1171,.T.);
#1454=ORIENTED_EDGE('',*,*,#1172,.T.);
#1455=ORIENTED_EDGE('',*,*,#1173,.T.);
#1456=ORIENTED_EDGE('',*,*,#1174,.T.);
#1457=ORIENTED_EDGE('',*,*,#1175,.T.);
#1458=ORIENTED_EDGE('',*,*,#1176,.T.);
#1459=ORIENTED_EDGE('',*,*,#1177,.T.);
#1460=ORIENTED_EDGE('',*,*,#1178,.T.);
#1461=ORIENTED_EDGE('',*,*,#1179,.T.);
#1462=ORIENTED_EDGE('',*,*,#1180,.T.);
#1463=ORIENTED_EDGE('',*,*,#1181,.T.);
#1464=ORIENTED_EDGE('',*,*,#1182,.T.);
#1465=ORIENTED_EDGE('',*,*,#1183,.T.);
#1466=ORIENTED_EDGE('',*,*,#1184,.T.);
#1467=ORIENTED_EDGE('',*,*,#1185,.T.);
#1468=ORIENTED_EDGE('',*,*,#1186,.T.);
#1469=ORIENTED_EDGE('',*,*,#1187,.T.);
#1470=ORIENTED_EDGE('',*,*,#1188,.T.);
#1471=ORIENTED_EDGE('',*,*,#1189,.T.);
#1472=ORIENTED_EDGE('',*,*,#1190,.T.);
#1473=ORIENTED_EDGE('',*,*,#1191,.T.);
#1474=ORIENTED_EDGE('',*,*,#1192,.T.);
#1475=ORIENTED_EDGE('',*,*,#1193,.T.);
#1476=ORIENTED_EDGE('',*,*,#1194,.T.);
#1477=ORIENTED_EDGE('',*,*,#1195,.T.);
#1478=ORIENTED_EDGE('',*,*,#1196,.T.);
#1479=ORIENTED_EDGE('',*,*,#1197,.T.);
#1480=ORIENTED_EDGE('',*,*,#1198,.T.);
#1481=ORIENTED_EDGE('',*,*,#1199,.T.);
#1482=ORIENTED_EDGE('',*,*,#1200,.T.);
#1483=ORIENTED_EDGE('',*,*,#1201,.T.);
#1484=ORIENTED_EDGE('',*,*,#1202,.T.);
#1485=ORIENTED_EDGE('',*,*,#1203,.T.);
#1486=ORIENTED_EDGE('',*,*,#1204,.T.);
#1487=ORIENTED_EDGE('',*,*,#1205,.T.);
#1488=ORIENTED_EDGE('',*,*,#1206,.T.);
#1489=ORIENTED_EDGE('',*,*,#1133,.F.);
#1490=ORIENTED_EDGE('',*,*,#1207,.T.);
#1491=ORIENTED_EDGE('',*,*,#1059,.T.);
#1492=ORIENTED_EDGE('',*,*,#1207,.F.);
#1493=ORIENTED_EDGE('',*,*,#1134,.F.);
#1494=ORIENTED_EDGE('',*,*,#1208,.T.);
#1495=ORIENTED_EDGE('',*,*,#1060,.F.);
#1496=ORIENTED_EDGE('',*,*,#1208,.F.);
#1497=ORIENTED_EDGE('',*,*,#1135,.F.);
#1498=ORIENTED_EDGE('',*,*,#1209,.T.);
#1499=ORIENTED_EDGE('',*,*,#1061,.F.);
#1500=ORIENTED_EDGE('',*,*,#1209,.F.);
#1501=ORIENTED_EDGE('',*,*,#1136,.F.);
#1502=ORIENTED_EDGE('',*,*,#1210,.T.);
#1503=ORIENTED_EDGE('',*,*,#1062,.F.);
#1504=ORIENTED_EDGE('',*,*,#1210,.F.);
#1505=ORIENTED_EDGE('',*,*,#1137,.F.);
#1506=ORIENTED_EDGE('',*,*,#1211,.T.);
#1507=ORIENTED_EDGE('',*,*,#1063,.F.);
#1508=ORIENTED_EDGE('',*,*,#1211,.F.);
#1509=ORIENTED_EDGE('',*,*,#1138,.F.);
#1510=ORIENTED_EDGE('',*,*,#1212,.T.);
#1511=ORIENTED_EDGE('',*,*,#1064,.F.);
#1512=ORIENTED_EDGE('',*,*,#1212,.F.);
#1513=ORIENTED_EDGE('',*,*,#1139,.F.);
#1514=ORIENTED_EDGE('',*,*,#1213,.T.);
#1515=ORIENTED_EDGE('',*,*,#1065,.F.);
#1516=ORIENTED_EDGE('',*,*,#1213,.F.);
#1517=ORIENTED_EDGE('',*,*,#1140,.F.);
#1518=ORIENTED_EDGE('',*,*,#1214,.T.);
#1519=ORIENTED_EDGE('',*,*,#1066,.F.);
#1520=ORIENTED_EDGE('',*,*,#1214,.F.);
#1521=ORIENTED_EDGE('',*,*,#1141,.F.);
#1522=ORIENTED_EDGE('',*,*,#1215,.T.);
#1523=ORIENTED_EDGE('',*,*,#1067,.F.);
#1524=ORIENTED_EDGE('',*,*,#1215,.F.);
#1525=ORIENTED_EDGE('',*,*,#1142,.F.);
#1526=ORIENTED_EDGE('',*,*,#1216,.T.);
#1527=ORIENTED_EDGE('',*,*,#1068,.F.);
#1528=ORIENTED_EDGE('',*,*,#1216,.F.);
#1529=ORIENTED_EDGE('',*,*,#1143,.F.);
#1530=ORIENTED_EDGE('',*,*,#1217,.T.);
#1531=ORIENTED_EDGE('',*,*,#1069,.F.);
#1532=ORIENTED_EDGE('',*,*,#1217,.F.);
#1533=ORIENTED_EDGE('',*,*,#1144,.F.);
#1534=ORIENTED_EDGE('',*,*,#1218,.T.);
#1535=ORIENTED_EDGE('',*,*,#1070,.F.);
#1536=ORIENTED_EDGE('',*,*,#1218,.F.);
#1537=ORIENTED_EDGE('',*,*,#1145,.F.);
#1538=ORIENTED_EDGE('',*,*,#1219,.T.);
#1539=ORIENTED_EDGE('',*,*,#1071,.F.);
#1540=ORIENTED_EDGE('',*,*,#1219,.F.);
#1541=ORIENTED_EDGE('',*,*,#1146,.F.);
#1542=ORIENTED_EDGE('',*,*,#1220,.T.);
#1543=ORIENTED_EDGE('',*,*,#1072,.F.);
#1544=ORIENTED_EDGE('',*,*,#1220,.F.);
#1545=ORIENTED_EDGE('',*,*,#1147,.F.);
#1546=ORIENTED_EDGE('',*,*,#1221,.T.);
#1547=ORIENTED_EDGE('',*,*,#1073,.F.);
#1548=ORIENTED_EDGE('',*,*,#1221,.F.);
#1549=ORIENTED_EDGE('',*,*,#1148,.F.);
#1550=ORIENTED_EDGE('',*,*,#1222,.T.);
#1551=ORIENTED_EDGE('',*,*,#1074,.F.);
#1552=ORIENTED_EDGE('',*,*,#1222,.F.);
#1553=ORIENTED_EDGE('',*,*,#1149,.F.);
#1554=ORIENTED_EDGE('',*,*,#1223,.T.);
#1555=ORIENTED_EDGE('',*,*,#1075,.F.);
#1556=ORIENTED_EDGE('',*,*,#1223,.F.);
#1557=ORIENTED_EDGE('',*,*,#1150,.F.);
#1558=ORIENTED_EDGE('',*,*,#1224,.T.);
#1559=ORIENTED_EDGE('',*,*,#1076,.F.);
#1560=ORIENTED_EDGE('',*,*,#1224,.F.);
#1561=ORIENTED_EDGE('',*,*,#1151,.F.);
#1562=ORIENTED_EDGE('',*,*,#1225,.T.);
#1563=ORIENTED_EDGE('',*,*,#1077,.F.);
#1564=ORIENTED_EDGE('',*,*,#1225,.F.);
#1565=ORIENTED_EDGE('',*,*,#1152,.F.);
#1566=ORIENTED_EDGE('',*,*,#1226,.T.);
#1567=ORIENTED_EDGE('',*,*,#1078,.F.);
#1568=ORIENTED_EDGE('',*,*,#1226,.F.);
#1569=ORIENTED_EDGE('',*,*,#1153,.F.);
#1570=ORIENTED_EDGE('',*,*,#1227,.T.);
#1571=ORIENTED_EDGE('',*,*,#1079,.F.);
#1572=ORIENTED_EDGE('',*,*,#1227,.F.);
#1573=ORIENTED_EDGE('',*,*,#1154,.F.);
#1574=ORIENTED_EDGE('',*,*,#1228,.T.);
#1575=ORIENTED_EDGE('',*,*,#1080,.F.);
#1576=ORIENTED_EDGE('',*,*,#1228,.F.);
#1577=ORIENTED_EDGE('',*,*,#1155,.F.);
#1578=ORIENTED_EDGE('',*,*,#1229,.T.);
#1579=ORIENTED_EDGE('',*,*,#1081,.F.);
#1580=ORIENTED_EDGE('',*,*,#1229,.F.);
#1581=ORIENTED_EDGE('',*,*,#1156,.F.);
#1582=ORIENTED_EDGE('',*,*,#1230,.T.);
#1583=ORIENTED_EDGE('',*,*,#1082,.F.);
#1584=ORIENTED_EDGE('',*,*,#1230,.F.);
#1585=ORIENTED_EDGE('',*,*,#1157,.F.);
#1586=ORIENTED_EDGE('',*,*,#1231,.T.);
#1587=ORIENTED_EDGE('',*,*,#1083,.F.);
#1588=ORIENTED_EDGE('',*,*,#1231,.F.);
#1589=ORIENTED_EDGE('',*,*,#1158,.F.);
#1590=ORIENTED_EDGE('',*,*,#1232,.T.);
#1591=ORIENTED_EDGE('',*,*,#1084,.F.);
#1592=ORIENTED_EDGE('',*,*,#1232,.F.);
#1593=ORIENTED_EDGE('',*,*,#1159,.F.);
#1594=ORIENTED_EDGE('',*,*,#1233,.T.);
#1595=ORIENTED_EDGE('',*,*,#1085,.F.);
#1596=ORIENTED_EDGE('',*,*,#1233,.F.);
#1597=ORIENTED_EDGE('',*,*,#1160,.F.);
#1598=ORIENTED_EDGE('',*,*,#1234,.T.);
#1599=ORIENTED_EDGE('',*,*,#1086,.F.);
#1600=ORIENTED_EDGE('',*,*,#1234,.F.);
#1601=ORIENTED_EDGE('',*,*,#1161,.F.);
#1602=ORIENTED_EDGE('',*,*,#1235,.T.);
#1603=ORIENTED_EDGE('',*,*,#1087,.F.);
#1604=ORIENTED_EDGE('',*,*,#1235,.F.);
#1605=ORIENTED_EDGE('',*,*,#1162,.F.);
#1606=ORIENTED_EDGE('',*,*,#1236,.T.);
#1607=ORIENTED_EDGE('',*,*,#1088,.F.);
#1608=ORIENTED_EDGE('',*,*,#1236,.F.);
#1609=ORIENTED_EDGE('',*,*,#1163,.F.);
#1610=ORIENTED_EDGE('',*,*,#1237,.T.);
#1611=ORIENTED_EDGE('',*,*,#1089,.F.);
#1612=ORIENTED_EDGE('',*,*,#1237,.F.);
#1613=ORIENTED_EDGE('',*,*,#1164,.F.);
#1614=ORIENTED_EDGE('',*,*,#1238,.T.);
#1615=ORIENTED_EDGE('',*,*,#1090,.F.);
#1616=ORIENTED_EDGE('',*,*,#1238,.F.);
#1617=ORIENTED_EDGE('',*,*,#1165,.F.);
#1618=ORIENTED_EDGE('',*,*,#1239,.T.);
#1619=ORIENTED_EDGE('',*,*,#1091,.F.);
#1620=ORIENTED_EDGE('',*,*,#1239,.F.);
#1621=ORIENTED_EDGE('',*,*,#1166,.F.);
#1622=ORIENTED_EDGE('',*,*,#1240,.T.);
#1623=ORIENTED_EDGE('',*,*,#1092,.F.);
#1624=ORIENTED_EDGE('',*,*,#1240,.F.);
#1625=ORIENTED_EDGE('',*,*,#1167,.F.);
#1626=ORIENTED_EDGE('',*,*,#1241,.T.);
#1627=ORIENTED_EDGE('',*,*,#1093,.F.);
#1628=ORIENTED_EDGE('',*,*,#1241,.F.);
#1629=ORIENTED_EDGE('',*,*,#1168,.F.);
#1630=ORIENTED_EDGE('',*,*,#1242,.T.);
#1631=ORIENTED_EDGE('',*,*,#1094,.F.);
#1632=ORIENTED_EDGE('',*,*,#1242,.F.);
#1633=ORIENTED_EDGE('',*,*,#1169,.F.);
#1634=ORIENTED_EDGE('',*,*,#1243,.T.);
#1635=ORIENTED_EDGE('',*,*,#1095,.F.);
#1636=ORIENTED_EDGE('',*,*,#1243,.F.);
#1637=ORIENTED_EDGE('',*,*,#1170,.F.);
#1638=ORIENTED_EDGE('',*,*,#1244,.T.);
#1639=ORIENTED_EDGE('',*,*,#1096,.F.);
#1640=ORIENTED_EDGE('',*,*,#1244,.F.);
#1641=ORIENTED_EDGE('',*,*,#1171,.F.);
#1642=ORIENTED_EDGE('',*,*,#1245,.T.);
#1643=ORIENTED_EDGE('',*,*,#1097,.F.);
#1644=ORIENTED_EDGE('',*,*,#1245,.F.);
#1645=ORIENTED_EDGE('',*,*,#1172,.F.);
#1646=ORIENTED_EDGE('',*,*,#1246,.T.);
#1647=ORIENTED_EDGE('',*,*,#1098,.F.);
#1648=ORIENTED_EDGE('',*,*,#1246,.F.);
#1649=ORIENTED_EDGE('',*,*,#1173,.F.);
#1650=ORIENTED_EDGE('',*,*,#1247,.T.);
#1651=ORIENTED_EDGE('',*,*,#1099,.F.);
#1652=ORIENTED_EDGE('',*,*,#1247,.F.);
#1653=ORIENTED_EDGE('',*,*,#1174,.F.);
#1654=ORIENTED_EDGE('',*,*,#1248,.T.);
#1655=ORIENTED_EDGE('',*,*,#1100,.F.);
#1656=ORIENTED_EDGE('',*,*,#1248,.F.);
#1657=ORIENTED_EDGE('',*,*,#1175,.F.);
#1658=ORIENTED_EDGE('',*,*,#1249,.T.);
#1659=ORIENTED_EDGE('',*,*,#1101,.F.);
#1660=ORIENTED_EDGE('',*,*,#1249,.F.);
#1661=ORIENTED_EDGE('',*,*,#1176,.F.);
#1662=ORIENTED_EDGE('',*,*,#1250,.T.);
#1663=ORIENTED_EDGE('',*,*,#1102,.F.);
#1664=ORIENTED_EDGE('',*,*,#1250,.F.);
#1665=ORIENTED_EDGE('',*,*,#1177,.F.);
#1666=ORIENTED_EDGE('',*,*,#1251,.T.);
#1667=ORIENTED_EDGE('',*,*,#1103,.F.);
#1668=ORIENTED_EDGE('',*,*,#1251,.F.);
#1669=ORIENTED_EDGE('',*,*,#1178,.F.);
#1670=ORIENTED_EDGE('',*,*,#1252,.T.);
#1671=ORIENTED_EDGE('',*,*,#1104,.F.);
#1672=ORIENTED_EDGE('',*,*,#1252,.F.);
#1673=ORIENTED_EDGE('',*,*,#1179,.F.);
#1674=ORIENTED_EDGE('',*,*,#1253,.T.);
#1675=ORIENTED_EDGE('',*,*,#1105,.F.);
#1676=ORIENTED_EDGE('',*,*,#1253,.F.);
#1677=ORIENTED_EDGE('',*,*,#1180,.F.);
#1678=ORIENTED_EDGE('',*,*,#1254,.T.);
#1679=ORIENTED_EDGE('',*,*,#1106,.F.);
#1680=ORIENTED_EDGE('',*,*,#1254,.F.);
#1681=ORIENTED_EDGE('',*,*,#1181,.F.);
#1682=ORIENTED_EDGE('',*,*,#1255,.T.);
#1683=ORIENTED_EDGE('',*,*,#1107,.F.);
#1684=ORIENTED_EDGE('',*,*,#1255,.F.);
#1685=ORIENTED_EDGE('',*,*,#1182,.F.);
#1686=ORIENTED_EDGE('',*,*,#1256,.T.);
#1687=ORIENTED_EDGE('',*,*,#1108,.F.);
#1688=ORIENTED_EDGE('',*,*,#1256,.F.);
#1689=ORIENTED_EDGE('',*,*,#1183,.F.);
#1690=ORIENTED_EDGE('',*,*,#1257,.T.);
#1691=ORIENTED_EDGE('',*,*,#1109,.F.);
#1692=ORIENTED_EDGE('',*,*,#1257,.F.);
#1693=ORIENTED_EDGE('',*,*,#1184,.F.);
#1694=ORIENTED_EDGE('',*,*,#1258,.T.);
#1695=ORIENTED_EDGE('',*,*,#1110,.F.);
#1696=ORIENTED_EDGE('',*,*,#1258,.F.);
#1697=ORIENTED_EDGE('',*,*,#1185,.F.);
#1698=ORIENTED_EDGE('',*,*,#1259,.T.);
#1699=ORIENTED_EDGE('',*,*,#1111,.F.);
#1700=ORIENTED_EDGE('',*,*,#1259,.F.);
#1701=ORIENTED_EDGE('',*,*,#1186,.F.);
#1702=ORIENTED_EDGE('',*,*,#1260,.T.);
#1703=ORIENTED_EDGE('',*,*,#1112,.F.);
#1704=ORIENTED_EDGE('',*,*,#1260,.F.);
#1705=ORIENTED_EDGE('',*,*,#1187,.F.);
#1706=ORIENTED_EDGE('',*,*,#1261,.T.);
#1707=ORIENTED_EDGE('',*,*,#1113,.F.);
#1708=ORIENTED_EDGE('',*,*,#1261,.F.);
#1709=ORIENTED_EDGE('',*,*,#1188,.F.);
#1710=ORIENTED_EDGE('',*,*,#1262,.T.);
#1711=ORIENTED_EDGE('',*,*,#1114,.F.);
#1712=ORIENTED_EDGE('',*,*,#1262,.F.);
#1713=ORIENTED_EDGE('',*,*,#1189,.F.);
#1714=ORIENTED_EDGE('',*,*,#1263,.T.);
#1715=ORIENTED_EDGE('',*,*,#1115,.F.);
#1716=ORIENTED_EDGE('',*,*,#1263,.F.);
#1717=ORIENTED_EDGE('',*,*,#1190,.F.);
#1718=ORIENTED_EDGE('',*,*,#1264,.T.);
#1719=ORIENTED_EDGE('',*,*,#1116,.F.);
#1720=ORIENTED_EDGE('',*,*,#1264,.F.);
#1721=ORIENTED_EDGE('',*,*,#1191,.F.);
#1722=ORIENTED_EDGE('',*,*,#1265,.T.);
#1723=ORIENTED_EDGE('',*,*,#1117,.F.);
#1724=ORIENTED_EDGE('',*,*,#1265,.F.);
#1725=ORIENTED_EDGE('',*,*,#1192,.F.);
#1726=ORIENTED_EDGE('',*,*,#1266,.T.);
#1727=ORIENTED_EDGE('',*,*,#1118,.F.);
#1728=ORIENTED_EDGE('',*,*,#1266,.F.);
#1729=ORIENTED_EDGE('',*,*,#1193,.F.);
#1730=ORIENTED_EDGE('',*,*,#1267,.T.);
#1731=ORIENTED_EDGE('',*,*,#1119,.F.);
#1732=ORIENTED_EDGE('',*,*,#1267,.F.);
#1733=ORIENTED_EDGE('',*,*,#1194,.F.);
#1734=ORIENTED_EDGE('',*,*,#1268,.T.);
#1735=ORIENTED_EDGE('',*,*,#1120,.F.);
#1736=ORIENTED_EDGE('',*,*,#1268,.F.);
#1737=ORIENTED_EDGE('',*,*,#1195,.F.);
#1738=ORIENTED_EDGE('',*,*,#1269,.T.);
#1739=ORIENTED_EDGE('',*,*,#1121,.F.);
#1740=ORIENTED_EDGE('',*,*,#1269,.F.);
#1741=ORIENTED_EDGE('',*,*,#1196,.F.);
#1742=ORIENTED_EDGE('',*,*,#1270,.T.);
#1743=ORIENTED_EDGE('',*,*,#1122,.F.);
#1744=ORIENTED_EDGE('',*,*,#1270,.F.);
#1745=ORIENTED_EDGE('',*,*,#1197,.F.);
#1746=ORIENTED_EDGE('',*,*,#1271,.T.);
#1747=ORIENTED_EDGE('',*,*,#1123,.F.);
#1748=ORIENTED_EDGE('',*,*,#1271,.F.);
#1749=ORIENTED_EDGE('',*,*,#1198,.F.);
#1750=ORIENTED_EDGE('',*,*,#1272,.T.);
#1751=ORIENTED_EDGE('',*,*,#1124,.F.);
#1752=ORIENTED_EDGE('',*,*,#1272,.F.);
#1753=ORIENTED_EDGE('',*,*,#1199,.F.);
#1754=ORIENTED_EDGE('',*,*,#1273,.T.);
#1755=ORIENTED_EDGE('',*,*,#1125,.F.);
#1756=ORIENTED_EDGE('',*,*,#1273,.F.);
#1757=ORIENTED_EDGE('',*,*,#1200,.F.);
#1758=ORIENTED_EDGE('',*,*,#1274,.T.);
#1759=ORIENTED_EDGE('',*,*,#1126,.F.);
#1760=ORIENTED_EDGE('',*,*,#1274,.F.);
#1761=ORIENTED_EDGE('',*,*,#1201,.F.);
#1762=ORIENTED_EDGE('',*,*,#1275,.T.);
#1763=ORIENTED_EDGE('',*,*,#1127,.F.);
#1764=ORIENTED_EDGE('',*,*,#1275,.F.);
#1765=ORIENTED_EDGE('',*,*,#1202,.F.);
#1766=ORIENTED_EDGE('',*,*,#1276,.T.);
#1767=ORIENTED_EDGE('',*,*,#1128,.F.);
#1768=ORIENTED_EDGE('',*,*,#1276,.F.);
#1769=ORIENTED_EDGE('',*,*,#1203,.F.);
#1770=ORIENTED_EDGE('',*,*,#1277,.T.);
#1771=ORIENTED_EDGE('',*,*,#1129,.F.);
#1772=ORIENTED_EDGE('',*,*,#1277,.F.);
#1773=ORIENTED_EDGE('',*,*,#1204,.F.);
#1774=ORIENTED_EDGE('',*,*,#1278,.T.);
#1775=ORIENTED_EDGE('',*,*,#1130,.F.);
#1776=ORIENTED_EDGE('',*,*,#1278,.F.);
#1777=ORIENTED_EDGE('',*,*,#1205,.F.);
#1778=ORIENTED_EDGE('',*,*,#1279,.T.);
#1779=ORIENTED_EDGE('',*,*,#1131,.F.);
#1780=ORIENTED_EDGE('',*,*,#1279,.F.);
#1781=ORIENTED_EDGE('',*,*,#1206,.F.);
#1782=ORIENTED_EDGE('',*,*,#1280,.T.);
#1783=ORIENTED_EDGE('',*,*,#1132,.F.);
#1784=ORIENTED_EDGE('',*,*,#1280,.F.);
#1785=CYLINDRICAL_SURFACE('',#1972,2.25);
#1786=CYLINDRICAL_SURFACE('',#1975,2.25);
#1787=CYLINDRICAL_SURFACE('',#1978,2.25);
#1788=CYLINDRICAL_SURFACE('',#1981,2.25);
#1789=CYLINDRICAL_SURFACE('',#1984,2.25);
#1790=CYLINDRICAL_SURFACE('',#1987,2.25);
#1791=CYLINDRICAL_SURFACE('',#1990,2.25);
#1792=CYLINDRICAL_SURFACE('',#1993,2.25);
#1793=CYLINDRICAL_SURFACE('',#1996,35.);
#1794=CYLINDRICAL_SURFACE('',#1999,41.);
#1795=CYLINDRICAL_SURFACE('',#2154,35.);
#1796=CYLINDRICAL_SURFACE('',#2155,0.5);
#1797=CYLINDRICAL_SURFACE('',#2156,0.5);
#1798=CYLINDRICAL_SURFACE('',#2157,0.5);
#1799=CYLINDRICAL_SURFACE('',#2158,0.5);
#1800=CYLINDRICAL_SURFACE('',#2159,0.5);
#1801=CYLINDRICAL_SURFACE('',#2160,0.5);
#1802=CYLINDRICAL_SURFACE('',#2161,0.5);
#1803=CYLINDRICAL_SURFACE('',#2162,0.5);
#1804=CYLINDRICAL_SURFACE('',#2163,0.5);
#1805=CYLINDRICAL_SURFACE('',#2164,0.5);
#1806=CYLINDRICAL_SURFACE('',#2165,0.5);
#1807=CYLINDRICAL_SURFACE('',#2166,0.5);
#1808=CYLINDRICAL_SURFACE('',#2167,0.5);
#1809=CYLINDRICAL_SURFACE('',#2168,0.5);
#1810=CYLINDRICAL_SURFACE('',#2169,0.5);
#1811=CYLINDRICAL_SURFACE('',#2170,0.5);
#1812=CYLINDRICAL_SURFACE('',#2171,0.499999999999999);
#1813=CYLINDRICAL_SURFACE('',#2172,0.5);
#1814=CYLINDRICAL_SURFACE('',#2173,0.5);
#1815=CYLINDRICAL_SURFACE('',#2174,0.499999999999999);
#1816=CYLINDRICAL_SURFACE('',#2175,0.499999999999999);
#1817=CYLINDRICAL_SURFACE('',#2176,0.5);
#1818=CYLINDRICAL_SURFACE('',#2177,0.5);
#1819=CYLINDRICAL_SURFACE('',#2178,0.5);
#1820=CYLINDRICAL_SURFACE('',#2179,0.5);
#1821=CYLINDRICAL_SURFACE('',#2180,0.5);
#1822=CYLINDRICAL_SURFACE('',#2181,0.5);
#1823=CYLINDRICAL_SURFACE('',#2182,0.5);
#1824=CYLINDRICAL_SURFACE('',#2183,0.5);
#1825=CYLINDRICAL_SURFACE('',#2184,0.5);
#1826=CYLINDRICAL_SURFACE('',#2185,0.500000000000001);
#1827=CYLINDRICAL_SURFACE('',#2186,0.5);
#1828=CYLINDRICAL_SURFACE('',#2187,0.500000000000001);
#1829=CYLINDRICAL_SURFACE('',#2188,0.5);
#1830=CYLINDRICAL_SURFACE('',#2189,0.5);
#1831=CYLINDRICAL_SURFACE('',#2190,0.5);
#1832=CYLINDRICAL_SURFACE('',#2191,0.5);
#1833=CYLINDRICAL_SURFACE('',#2192,0.5);
#1834=CYLINDRICAL_SURFACE('',#2193,0.5);
#1835=CYLINDRICAL_SURFACE('',#2194,0.5);
#1836=CYLINDRICAL_SURFACE('',#2195,0.5);
#1837=CYLINDRICAL_SURFACE('',#2196,0.5);
#1838=CYLINDRICAL_SURFACE('',#2197,0.5);
#1839=CYLINDRICAL_SURFACE('',#2198,0.5);
#1840=CYLINDRICAL_SURFACE('',#2199,0.5);
#1841=CYLINDRICAL_SURFACE('',#2200,0.5);
#1842=CYLINDRICAL_SURFACE('',#2201,0.5);
#1843=CYLINDRICAL_SURFACE('',#2202,0.5);
#1844=CYLINDRICAL_SURFACE('',#2203,0.5);
#1845=CYLINDRICAL_SURFACE('',#2204,0.5);
#1846=CYLINDRICAL_SURFACE('',#2205,0.5);
#1847=CYLINDRICAL_SURFACE('',#2206,0.5);
#1848=CYLINDRICAL_SURFACE('',#2207,0.499999999999999);
#1849=CYLINDRICAL_SURFACE('',#2208,0.5);
#1850=CYLINDRICAL_SURFACE('',#2209,0.5);
#1851=CYLINDRICAL_SURFACE('',#2210,0.5);
#1852=CYLINDRICAL_SURFACE('',#2211,0.5);
#1853=CYLINDRICAL_SURFACE('',#2212,0.499999999999999);
#1854=CYLINDRICAL_SURFACE('',#2213,0.499999999999999);
#1855=CYLINDRICAL_SURFACE('',#2214,0.5);
#1856=CYLINDRICAL_SURFACE('',#2215,0.5);
#1857=CYLINDRICAL_SURFACE('',#2216,0.499999999999999);
#1858=CYLINDRICAL_SURFACE('',#2217,0.5);
#1859=CYLINDRICAL_SURFACE('',#2218,0.5);
#1860=CYLINDRICAL_SURFACE('',#2219,0.5);
#1861=CYLINDRICAL_SURFACE('',#2220,0.5);
#1862=CYLINDRICAL_SURFACE('',#2221,0.5);
#1863=CYLINDRICAL_SURFACE('',#2222,0.5);
#1864=CYLINDRICAL_SURFACE('',#2223,0.5);
#1865=CYLINDRICAL_SURFACE('',#2224,0.5);
#1866=CYLINDRICAL_SURFACE('',#2225,0.5);
#1867=CYLINDRICAL_SURFACE('',#2226,0.5);
#1868=CYLINDRICAL_SURFACE('',#2227,0.5);
#1869=ADVANCED_FACE('',(#185),#1785,.F.);
#1870=ADVANCED_FACE('',(#186),#1786,.F.);
#1871=ADVANCED_FACE('',(#187),#1787,.F.);
#1872=ADVANCED_FACE('',(#188),#1788,.F.);
#1873=ADVANCED_FACE('',(#189),#1789,.F.);
#1874=ADVANCED_FACE('',(#190),#1790,.F.);
#1875=ADVANCED_FACE('',(#191),#1791,.F.);
#1876=ADVANCED_FACE('',(#192),#1792,.F.);
#1877=ADVANCED_FACE('',(#193),#1793,.F.);
#1878=ADVANCED_FACE('',(#194),#1794,.T.);
#1879=ADVANCED_FACE('',(#195,#17,#18,#19,#20,#21,#22,#23,#24,#25),#181,
 .T.);
#1880=ADVANCED_FACE('',(#196,#26,#27,#28,#29,#30,#31,#32,#33,#34),#182,
 .F.);
#1881=ADVANCED_FACE('',(#197,#35,#36,#37,#38,#39,#40,#41,#42,#43,#44,#45,
#46,#47,#48,#49,#50,#51,#52,#53,#54,#55,#56,#57,#58,#59,#60,#61,#62,#63,
#64,#65,#66,#67,#68,#69,#70,#71,#72,#73,#74,#75,#76,#77,#78,#79,#80,#81,
#82,#83,#84,#85,#86,#87,#88,#89,#90,#91,#92,#93,#94,#95,#96,#97,#98,#99,
#100,#101,#102,#103,#104,#105,#106,#107),#183,.F.);
#1882=ADVANCED_FACE('',(#198,#108,#109,#110,#111,#112,#113,#114,#115,#116,
#117,#118,#119,#120,#121,#122,#123,#124,#125,#126,#127,#128,#129,#130,#131,
#132,#133,#134,#135,#136,#137,#138,#139,#140,#141,#142,#143,#144,#145,#146,
#147,#148,#149,#150,#151,#152,#153,#154,#155,#156,#157,#158,#159,#160,#161,
#162,#163,#164,#165,#166,#167,#168,#169,#170,#171,#172,#173,#174,#175,#176,
#177,#178,#179,#180),#184,.T.);
#1883=ADVANCED_FACE('',(#199),#1795,.T.);
#1884=ADVANCED_FACE('',(#200),#1796,.F.);
#1885=ADVANCED_FACE('',(#201),#1797,.F.);
#1886=ADVANCED_FACE('',(#202),#1798,.F.);
#1887=ADVANCED_FACE('',(#203),#1799,.F.);
#1888=ADVANCED_FACE('',(#204),#1800,.F.);
#1889=ADVANCED_FACE('',(#205),#1801,.F.);
#1890=ADVANCED_FACE('',(#206),#1802,.F.);
#1891=ADVANCED_FACE('',(#207),#1803,.F.);
#1892=ADVANCED_FACE('',(#208),#1804,.F.);
#1893=ADVANCED_FACE('',(#209),#1805,.F.);
#1894=ADVANCED_FACE('',(#210),#1806,.F.);
#1895=ADVANCED_FACE('',(#211),#1807,.F.);
#1896=ADVANCED_FACE('',(#212),#1808,.F.);
#1897=ADVANCED_FACE('',(#213),#1809,.F.);
#1898=ADVANCED_FACE('',(#214),#1810,.F.);
#1899=ADVANCED_FACE('',(#215),#1811,.F.);
#1900=ADVANCED_FACE('',(#216),#1812,.F.);
#1901=ADVANCED_FACE('',(#217),#1813,.F.);
#1902=ADVANCED_FACE('',(#218),#1814,.F.);
#1903=ADVANCED_FACE('',(#219),#1815,.F.);
#1904=ADVANCED_FACE('',(#220),#1816,.F.);
#1905=ADVANCED_FACE('',(#221),#1817,.F.);
#1906=ADVANCED_FACE('',(#222),#1818,.F.);
#1907=ADVANCED_FACE('',(#223),#1819,.F.);
#1908=ADVANCED_FACE('',(#224),#1820,.F.);
#1909=ADVANCED_FACE('',(#225),#1821,.F.);
#1910=ADVANCED_FACE('',(#226),#1822,.F.);
#1911=ADVANCED_FACE('',(#227),#1823,.F.);
#1912=ADVANCED_FACE('',(#228),#1824,.F.);
#1913=ADVANCED_FACE('',(#229),#1825,.F.);
#1914=ADVANCED_FACE('',(#230),#1826,.F.);
#1915=ADVANCED_FACE('',(#231),#1827,.F.);
#1916=ADVANCED_FACE('',(#232),#1828,.F.);
#1917=ADVANCED_FACE('',(#233),#1829,.F.);
#1918=ADVANCED_FACE('',(#234),#1830,.F.);
#1919=ADVANCED_FACE('',(#235),#1831,.F.);
#1920=ADVANCED_FACE('',(#236),#1832,.F.);
#1921=ADVANCED_FACE('',(#237),#1833,.F.);
#1922=ADVANCED_FACE('',(#238),#1834,.F.);
#1923=ADVANCED_FACE('',(#239),#1835,.F.);
#1924=ADVANCED_FACE('',(#240),#1836,.F.);
#1925=ADVANCED_FACE('',(#241),#1837,.F.);
#1926=ADVANCED_FACE('',(#242),#1838,.F.);
#1927=ADVANCED_FACE('',(#243),#1839,.F.);
#1928=ADVANCED_FACE('',(#244),#1840,.F.);
#1929=ADVANCED_FACE('',(#245),#1841,.F.);
#1930=ADVANCED_FACE('',(#246),#1842,.F.);
#1931=ADVANCED_FACE('',(#247),#1843,.F.);
#1932=ADVANCED_FACE('',(#248),#1844,.F.);
#1933=ADVANCED_FACE('',(#249),#1845,.F.);
#1934=ADVANCED_FACE('',(#250),#1846,.F.);
#1935=ADVANCED_FACE('',(#251),#1847,.F.);
#1936=ADVANCED_FACE('',(#252),#1848,.F.);
#1937=ADVANCED_FACE('',(#253),#1849,.F.);
#1938=ADVANCED_FACE('',(#254),#1850,.F.);
#1939=ADVANCED_FACE('',(#255),#1851,.F.);
#1940=ADVANCED_FACE('',(#256),#1852,.F.);
#1941=ADVANCED_FACE('',(#257),#1853,.F.);
#1942=ADVANCED_FACE('',(#258),#1854,.F.);
#1943=ADVANCED_FACE('',(#259),#1855,.F.);
#1944=ADVANCED_FACE('',(#260),#1856,.F.);
#1945=ADVANCED_FACE('',(#261),#1857,.F.);
#1946=ADVANCED_FACE('',(#262),#1858,.F.);
#1947=ADVANCED_FACE('',(#263),#1859,.F.);
#1948=ADVANCED_FACE('',(#264),#1860,.F.);
#1949=ADVANCED_FACE('',(#265),#1861,.F.);
#1950=ADVANCED_FACE('',(#266),#1862,.F.);
#1951=ADVANCED_FACE('',(#267),#1863,.F.);
#1952=ADVANCED_FACE('',(#268),#1864,.F.);
#1953=ADVANCED_FACE('',(#269),#1865,.F.);
#1954=ADVANCED_FACE('',(#270),#1866,.F.);
#1955=ADVANCED_FACE('',(#271),#1867,.F.);
#1956=ADVANCED_FACE('',(#272),#1868,.F.);
#1957=CLOSED_SHELL('',(#1869,#1870,#1871,#1872,#1873,#1874,#1875,#1876,
#1877,#1878,#1879,#1880));
#1958=CLOSED_SHELL('',(#1881,#1882,#1883,#1884,#1885,#1886,#1887,#1888,
#1889,#1890,#1891,#1892,#1893,#1894,#1895,#1896,#1897,#1898,#1899,#1900,
#1901,#1902,#1903,#1904,#1905,#1906,#1907,#1908,#1909,#1910,#1911,#1912,
#1913,#1914,#1915,#1916,#1917,#1918,#1919,#1920,#1921,#1922,#1923,#1924,
#1925,#1926,#1927,#1928,#1929,#1930,#1931,#1932,#1933,#1934,#1935,#1936,
#1937,#1938,#1939,#1940,#1941,#1942,#1943,#1944,#1945,#1946,#1947,#1948,
#1949,#1950,#1951,#1952,#1953,#1954,#1955,#1956));
#1959=DERIVED_UNIT_ELEMENT(#1961,1.);
#1960=DERIVED_UNIT_ELEMENT(#3340,-3.);
#1961=(
MASS_UNIT()
NAMED_UNIT(*)
SI_UNIT(.KILO.,.GRAM.)
);
#1962=DERIVED_UNIT((#1959,#1960));
#1963=MEASURE_REPRESENTATION_ITEM('density measure',
POSITIVE_RATIO_MEASURE(7850.),#1962);
#1964=PROPERTY_DEFINITION_REPRESENTATION(#1969,#1966);
#1965=PROPERTY_DEFINITION_REPRESENTATION(#1970,#1967);
#1966=REPRESENTATION('material name',(#1968),#3337);
#1967=REPRESENTATION('density',(#1963),#3337);
#1968=DESCRIPTIVE_REPRESENTATION_ITEM('Steel','Steel');
#1969=PROPERTY_DEFINITION('material property','material name',#3347);
#1970=PROPERTY_DEFINITION('material property','density of part',#3347);
#1971=AXIS2_PLACEMENT_3D('',#2826,#2228,#2229);
#1972=AXIS2_PLACEMENT_3D('',#2827,#2230,#2231);
#1973=AXIS2_PLACEMENT_3D('',#2829,#2232,#2233);
#1974=AXIS2_PLACEMENT_3D('',#2832,#2235,#2236);
#1975=AXIS2_PLACEMENT_3D('',#2833,#2237,#2238);
#1976=AXIS2_PLACEMENT_3D('',#2835,#2239,#2240);
#1977=AXIS2_PLACEMENT_3D('',#2838,#2242,#2243);
#1978=AXIS2_PLACEMENT_3D('',#2839,#2244,#2245);
#1979=AXIS2_PLACEMENT_3D('',#2841,#2246,#2247);
#1980=AXIS2_PLACEMENT_3D('',#2844,#2249,#2250);
#1981=AXIS2_PLACEMENT_3D('',#2845,#2251,#2252);
#1982=AXIS2_PLACEMENT_3D('',#2847,#2253,#2254);
#1983=AXIS2_PLACEMENT_3D('',#2850,#2256,#2257);
#1984=AXIS2_PLACEMENT_3D('',#2851,#2258,#2259);
#1985=AXIS2_PLACEMENT_3D('',#2853,#2260,#2261);
#1986=AXIS2_PLACEMENT_3D('',#2856,#2263,#2264);
#1987=AXIS2_PLACEMENT_3D('',#2857,#2265,#2266);
#1988=AXIS2_PLACEMENT_3D('',#2859,#2267,#2268);
#1989=AXIS2_PLACEMENT_3D('',#2862,#2270,#2271);
#1990=AXIS2_PLACEMENT_3D('',#2863,#2272,#2273);
#1991=AXIS2_PLACEMENT_3D('',#2865,#2274,#2275);
#1992=AXIS2_PLACEMENT_3D('',#2868,#2277,#2278);
#1993=AXIS2_PLACEMENT_3D('',#2869,#2279,#2280);
#1994=AXIS2_PLACEMENT_3D('',#2871,#2281,#2282);
#1995=AXIS2_PLACEMENT_3D('',#2874,#2284,#2285);
#1996=AXIS2_PLACEMENT_3D('',#2875,#2286,#2287);
#1997=AXIS2_PLACEMENT_3D('',#2877,#2288,#2289);
#1998=AXIS2_PLACEMENT_3D('',#2880,#2291,#2292);
#1999=AXIS2_PLACEMENT_3D('',#2881,#2293,#2294);
#2000=AXIS2_PLACEMENT_3D('',#2883,#2295,#2296);
#2001=AXIS2_PLACEMENT_3D('',#2886,#2298,#2299);
#2002=AXIS2_PLACEMENT_3D('',#2887,#2300,#2301);
#2003=AXIS2_PLACEMENT_3D('',#2888,#2302,#2303);
#2004=AXIS2_PLACEMENT_3D('',#2889,#2304,#2305);
#2005=AXIS2_PLACEMENT_3D('',#2891,#2306,#2307);
#2006=AXIS2_PLACEMENT_3D('',#2893,#2308,#2309);
#2007=AXIS2_PLACEMENT_3D('',#2895,#2310,#2311);
#2008=AXIS2_PLACEMENT_3D('',#2897,#2312,#2313);
#2009=AXIS2_PLACEMENT_3D('',#2899,#2314,#2315);
#2010=AXIS2_PLACEMENT_3D('',#2901,#2316,#2317);
#2011=AXIS2_PLACEMENT_3D('',#2903,#2318,#2319);
#2012=AXIS2_PLACEMENT_3D('',#2905,#2320,#2321);
#2013=AXIS2_PLACEMENT_3D('',#2907,#2322,#2323);
#2014=AXIS2_PLACEMENT_3D('',#2909,#2324,#2325);
#2015=AXIS2_PLACEMENT_3D('',#2911,#2326,#2327);
#2016=AXIS2_PLACEMENT_3D('',#2913,#2328,#2329);
#2017=AXIS2_PLACEMENT_3D('',#2915,#2330,#2331);
#2018=AXIS2_PLACEMENT_3D('',#2917,#2332,#2333);
#2019=AXIS2_PLACEMENT_3D('',#2919,#2334,#2335);
#2020=AXIS2_PLACEMENT_3D('',#2921,#2336,#2337);
#2021=AXIS2_PLACEMENT_3D('',#2923,#2338,#2339);
#2022=AXIS2_PLACEMENT_3D('',#2925,#2340,#2341);
#2023=AXIS2_PLACEMENT_3D('',#2927,#2342,#2343);
#2024=AXIS2_PLACEMENT_3D('',#2929,#2344,#2345);
#2025=AXIS2_PLACEMENT_3D('',#2931,#2346,#2347);
#2026=AXIS2_PLACEMENT_3D('',#2933,#2348,#2349);
#2027=AXIS2_PLACEMENT_3D('',#2935,#2350,#2351);
#2028=AXIS2_PLACEMENT_3D('',#2937,#2352,#2353);
#2029=AXIS2_PLACEMENT_3D('',#2939,#2354,#2355);
#2030=AXIS2_PLACEMENT_3D('',#2941,#2356,#2357);
#2031=AXIS2_PLACEMENT_3D('',#2943,#2358,#2359);
#2032=AXIS2_PLACEMENT_3D('',#2945,#2360,#2361);
#2033=AXIS2_PLACEMENT_3D('',#2947,#2362,#2363);
#2034=AXIS2_PLACEMENT_3D('',#2949,#2364,#2365);
#2035=AXIS2_PLACEMENT_3D('',#2951,#2366,#2367);
#2036=AXIS2_PLACEMENT_3D('',#2953,#2368,#2369);
#2037=AXIS2_PLACEMENT_3D('',#2955,#2370,#2371);
#2038=AXIS2_PLACEMENT_3D('',#2957,#2372,#2373);
#2039=AXIS2_PLACEMENT_3D('',#2959,#2374,#2375);
#2040=AXIS2_PLACEMENT_3D('',#2961,#2376,#2377);
#2041=AXIS2_PLACEMENT_3D('',#2963,#2378,#2379);
#2042=AXIS2_PLACEMENT_3D('',#2965,#2380,#2381);
#2043=AXIS2_PLACEMENT_3D('',#2967,#2382,#2383);
#2044=AXIS2_PLACEMENT_3D('',#2969,#2384,#2385);
#2045=AXIS2_PLACEMENT_3D('',#2971,#2386,#2387);
#2046=AXIS2_PLACEMENT_3D('',#2973,#2388,#2389);
#2047=AXIS2_PLACEMENT_3D('',#2975,#2390,#2391);
#2048=AXIS2_PLACEMENT_3D('',#2977,#2392,#2393);
#2049=AXIS2_PLACEMENT_3D('',#2979,#2394,#2395);
#2050=AXIS2_PLACEMENT_3D('',#2981,#2396,#2397);
#2051=AXIS2_PLACEMENT_3D('',#2983,#2398,#2399);
#2052=AXIS2_PLACEMENT_3D('',#2985,#2400,#2401);
#2053=AXIS2_PLACEMENT_3D('',#2987,#2402,#2403);
#2054=AXIS2_PLACEMENT_3D('',#2989,#2404,#2405);
#2055=AXIS2_PLACEMENT_3D('',#2991,#2406,#2407);
#2056=AXIS2_PLACEMENT_3D('',#2993,#2408,#2409);
#2057=AXIS2_PLACEMENT_3D('',#2995,#2410,#2411);
#2058=AXIS2_PLACEMENT_3D('',#2997,#2412,#2413);
#2059=AXIS2_PLACEMENT_3D('',#2999,#2414,#2415);
#2060=AXIS2_PLACEMENT_3D('',#3001,#2416,#2417);
#2061=AXIS2_PLACEMENT_3D('',#3003,#2418,#2419);
#2062=AXIS2_PLACEMENT_3D('',#3005,#2420,#2421);
#2063=AXIS2_PLACEMENT_3D('',#3007,#2422,#2423);
#2064=AXIS2_PLACEMENT_3D('',#3009,#2424,#2425);
#2065=AXIS2_PLACEMENT_3D('',#3011,#2426,#2427);
#2066=AXIS2_PLACEMENT_3D('',#3013,#2428,#2429);
#2067=AXIS2_PLACEMENT_3D('',#3015,#2430,#2431);
#2068=AXIS2_PLACEMENT_3D('',#3017,#2432,#2433);
#2069=AXIS2_PLACEMENT_3D('',#3019,#2434,#2435);
#2070=AXIS2_PLACEMENT_3D('',#3021,#2436,#2437);
#2071=AXIS2_PLACEMENT_3D('',#3023,#2438,#2439);
#2072=AXIS2_PLACEMENT_3D('',#3025,#2440,#2441);
#2073=AXIS2_PLACEMENT_3D('',#3027,#2442,#2443);
#2074=AXIS2_PLACEMENT_3D('',#3029,#2444,#2445);
#2075=AXIS2_PLACEMENT_3D('',#3031,#2446,#2447);
#2076=AXIS2_PLACEMENT_3D('',#3033,#2448,#2449);
#2077=AXIS2_PLACEMENT_3D('',#3035,#2450,#2451);
#2078=AXIS2_PLACEMENT_3D('',#3037,#2452,#2453);
#2079=AXIS2_PLACEMENT_3D('',#3038,#2454,#2455);
#2080=AXIS2_PLACEMENT_3D('',#3040,#2456,#2457);
#2081=AXIS2_PLACEMENT_3D('',#3042,#2458,#2459);
#2082=AXIS2_PLACEMENT_3D('',#3044,#2460,#2461);
#2083=AXIS2_PLACEMENT_3D('',#3046,#2462,#2463);
#2084=AXIS2_PLACEMENT_3D('',#3048,#2464,#2465);
#2085=AXIS2_PLACEMENT_3D('',#3050,#2466,#2467);
#2086=AXIS2_PLACEMENT_3D('',#3052,#2468,#2469);
#2087=AXIS2_PLACEMENT_3D('',#3054,#2470,#2471);
#2088=AXIS2_PLACEMENT_3D('',#3056,#2472,#2473);
#2089=AXIS2_PLACEMENT_3D('',#3058,#2474,#2475);
#2090=AXIS2_PLACEMENT_3D('',#3060,#2476,#2477);
#2091=AXIS2_PLACEMENT_3D('',#3062,#2478,#2479);
#2092=AXIS2_PLACEMENT_3D('',#3064,#2480,#2481);
#2093=AXIS2_PLACEMENT_3D('',#3066,#2482,#2483);
#2094=AXIS2_PLACEMENT_3D('',#3068,#2484,#2485);
#2095=AXIS2_PLACEMENT_3D('',#3070,#2486,#2487);
#2096=AXIS2_PLACEMENT_3D('',#3072,#2488,#2489);
#2097=AXIS2_PLACEMENT_3D('',#3074,#2490,#2491);
#2098=AXIS2_PLACEMENT_3D('',#3076,#2492,#2493);
#2099=AXIS2_PLACEMENT_3D('',#3078,#2494,#2495);
#2100=AXIS2_PLACEMENT_3D('',#3080,#2496,#2497);
#2101=AXIS2_PLACEMENT_3D('',#3082,#2498,#2499);
#2102=AXIS2_PLACEMENT_3D('',#3084,#2500,#2501);
#2103=AXIS2_PLACEMENT_3D('',#3086,#2502,#2503);
#2104=AXIS2_PLACEMENT_3D('',#3088,#2504,#2505);
#2105=AXIS2_PLACEMENT_3D('',#3090,#2506,#2507);
#2106=AXIS2_PLACEMENT_3D('',#3092,#2508,#2509);
#2107=AXIS2_PLACEMENT_3D('',#3094,#2510,#2511);
#2108=AXIS2_PLACEMENT_3D('',#3096,#2512,#2513);
#2109=AXIS2_PLACEMENT_3D('',#3098,#2514,#2515);
#2110=AXIS2_PLACEMENT_3D('',#3100,#2516,#2517);
#2111=AXIS2_PLACEMENT_3D('',#3102,#2518,#2519);
#2112=AXIS2_PLACEMENT_3D('',#3104,#2520,#2521);
#2113=AXIS2_PLACEMENT_3D('',#3106,#2522,#2523);
#2114=AXIS2_PLACEMENT_3D('',#3108,#2524,#2525);
#2115=AXIS2_PLACEMENT_3D('',#3110,#2526,#2527);
#2116=AXIS2_PLACEMENT_3D('',#3112,#2528,#2529);
#2117=AXIS2_PLACEMENT_3D('',#3114,#2530,#2531);
#2118=AXIS2_PLACEMENT_3D('',#3116,#2532,#2533);
#2119=AXIS2_PLACEMENT_3D('',#3118,#2534,#2535);
#2120=AXIS2_PLACEMENT_3D('',#3120,#2536,#2537);
#2121=AXIS2_PLACEMENT_3D('',#3122,#2538,#2539);
#2122=AXIS2_PLACEMENT_3D('',#3124,#2540,#2541);
#2123=AXIS2_PLACEMENT_3D('',#3126,#2542,#2543);
#2124=AXIS2_PLACEMENT_3D('',#3128,#2544,#2545);
#2125=AXIS2_PLACEMENT_3D('',#3130,#2546,#2547);
#2126=AXIS2_PLACEMENT_3D('',#3132,#2548,#2549);
#2127=AXIS2_PLACEMENT_3D('',#3134,#2550,#2551);
#2128=AXIS2_PLACEMENT_3D('',#3136,#2552,#2553);
#2129=AXIS2_PLACEMENT_3D('',#3138,#2554,#2555);
#2130=AXIS2_PLACEMENT_3D('',#3140,#2556,#2557);
#2131=AXIS2_PLACEMENT_3D('',#3142,#2558,#2559);
#2132=AXIS2_PLACEMENT_3D('',#3144,#2560,#2561);
#2133=AXIS2_PLACEMENT_3D('',#3146,#2562,#2563);
#2134=AXIS2_PLACEMENT_3D('',#3148,#2564,#2565);
#2135=AXIS2_PLACEMENT_3D('',#3150,#2566,#2567);
#2136=AXIS2_PLACEMENT_3D('',#3152,#2568,#2569);
#2137=AXIS2_PLACEMENT_3D('',#3154,#2570,#2571);
#2138=AXIS2_PLACEMENT_3D('',#3156,#2572,#2573);
#2139=AXIS2_PLACEMENT_3D('',#3158,#2574,#2575);
#2140=AXIS2_PLACEMENT_3D('',#3160,#2576,#2577);
#2141=AXIS2_PLACEMENT_3D('',#3162,#2578,#2579);
#2142=AXIS2_PLACEMENT_3D('',#3164,#2580,#2581);
#2143=AXIS2_PLACEMENT_3D('',#3166,#2582,#2583);
#2144=AXIS2_PLACEMENT_3D('',#3168,#2584,#2585);
#2145=AXIS2_PLACEMENT_3D('',#3170,#2586,#2587);
#2146=AXIS2_PLACEMENT_3D('',#3172,#2588,#2589);
#2147=AXIS2_PLACEMENT_3D('',#3174,#2590,#2591);
#2148=AXIS2_PLACEMENT_3D('',#3176,#2592,#2593);
#2149=AXIS2_PLACEMENT_3D('',#3178,#2594,#2595);
#2150=AXIS2_PLACEMENT_3D('',#3180,#2596,#2597);
#2151=AXIS2_PLACEMENT_3D('',#3182,#2598,#2599);
#2152=AXIS2_PLACEMENT_3D('',#3184,#2600,#2601);
#2153=AXIS2_PLACEMENT_3D('',#3186,#2602,#2603);
#2154=AXIS2_PLACEMENT_3D('',#3187,#2604,#2605);
#2155=AXIS2_PLACEMENT_3D('',#3189,#2607,#2608);
#2156=AXIS2_PLACEMENT_3D('',#3191,#2610,#2611);
#2157=AXIS2_PLACEMENT_3D('',#3193,#2613,#2614);
#2158=AXIS2_PLACEMENT_3D('',#3195,#2616,#2617);
#2159=AXIS2_PLACEMENT_3D('',#3197,#2619,#2620);
#2160=AXIS2_PLACEMENT_3D('',#3199,#2622,#2623);
#2161=AXIS2_PLACEMENT_3D('',#3201,#2625,#2626);
#2162=AXIS2_PLACEMENT_3D('',#3203,#2628,#2629);
#2163=AXIS2_PLACEMENT_3D('',#3205,#2631,#2632);
#2164=AXIS2_PLACEMENT_3D('',#3207,#2634,#2635);
#2165=AXIS2_PLACEMENT_3D('',#3209,#2637,#2638);
#2166=AXIS2_PLACEMENT_3D('',#3211,#2640,#2641);
#2167=AXIS2_PLACEMENT_3D('',#3213,#2643,#2644);
#2168=AXIS2_PLACEMENT_3D('',#3215,#2646,#2647);
#2169=AXIS2_PLACEMENT_3D('',#3217,#2649,#2650);
#2170=AXIS2_PLACEMENT_3D('',#3219,#2652,#2653);
#2171=AXIS2_PLACEMENT_3D('',#3221,#2655,#2656);
#2172=AXIS2_PLACEMENT_3D('',#3223,#2658,#2659);
#2173=AXIS2_PLACEMENT_3D('',#3225,#2661,#2662);
#2174=AXIS2_PLACEMENT_3D('',#3227,#2664,#2665);
#2175=AXIS2_PLACEMENT_3D('',#3229,#2667,#2668);
#2176=AXIS2_PLACEMENT_3D('',#3231,#2670,#2671);
#2177=AXIS2_PLACEMENT_3D('',#3233,#2673,#2674);
#2178=AXIS2_PLACEMENT_3D('',#3235,#2676,#2677);
#2179=AXIS2_PLACEMENT_3D('',#3237,#2679,#2680);
#2180=AXIS2_PLACEMENT_3D('',#3239,#2682,#2683);
#2181=AXIS2_PLACEMENT_3D('',#3241,#2685,#2686);
#2182=AXIS2_PLACEMENT_3D('',#3243,#2688,#2689);
#2183=AXIS2_PLACEMENT_3D('',#3245,#2691,#2692);
#2184=AXIS2_PLACEMENT_3D('',#3247,#2694,#2695);
#2185=AXIS2_PLACEMENT_3D('',#3249,#2697,#2698);
#2186=AXIS2_PLACEMENT_3D('',#3251,#2700,#2701);
#2187=AXIS2_PLACEMENT_3D('',#3253,#2703,#2704);
#2188=AXIS2_PLACEMENT_3D('',#3255,#2706,#2707);
#2189=AXIS2_PLACEMENT_3D('',#3257,#2709,#2710);
#2190=AXIS2_PLACEMENT_3D('',#3259,#2712,#2713);
#2191=AXIS2_PLACEMENT_3D('',#3261,#2715,#2716);
#2192=AXIS2_PLACEMENT_3D('',#3263,#2718,#2719);
#2193=AXIS2_PLACEMENT_3D('',#3265,#2721,#2722);
#2194=AXIS2_PLACEMENT_3D('',#3267,#2724,#2725);
#2195=AXIS2_PLACEMENT_3D('',#3269,#2727,#2728);
#2196=AXIS2_PLACEMENT_3D('',#3271,#2730,#2731);
#2197=AXIS2_PLACEMENT_3D('',#3273,#2733,#2734);
#2198=AXIS2_PLACEMENT_3D('',#3275,#2736,#2737);
#2199=AXIS2_PLACEMENT_3D('',#3277,#2739,#2740);
#2200=AXIS2_PLACEMENT_3D('',#3279,#2742,#2743);
#2201=AXIS2_PLACEMENT_3D('',#3281,#2745,#2746);
#2202=AXIS2_PLACEMENT_3D('',#3283,#2748,#2749);
#2203=AXIS2_PLACEMENT_3D('',#3285,#2751,#2752);
#2204=AXIS2_PLACEMENT_3D('',#3287,#2754,#2755);
#2205=AXIS2_PLACEMENT_3D('',#3289,#2757,#2758);
#2206=AXIS2_PLACEMENT_3D('',#3291,#2760,#2761);
#2207=AXIS2_PLACEMENT_3D('',#3293,#2763,#2764);
#2208=AXIS2_PLACEMENT_3D('',#3295,#2766,#2767);
#2209=AXIS2_PLACEMENT_3D('',#3297,#2769,#2770);
#2210=AXIS2_PLACEMENT_3D('',#3299,#2772,#2773);
#2211=AXIS2_PLACEMENT_3D('',#3301,#2775,#2776);
#2212=AXIS2_PLACEMENT_3D('',#3303,#2778,#2779);
#2213=AXIS2_PLACEMENT_3D('',#3305,#2781,#2782);
#2214=AXIS2_PLACEMENT_3D('',#3307,#2784,#2785);
#2215=AXIS2_PLACEMENT_3D('',#3309,#2787,#2788);
#2216=AXIS2_PLACEMENT_3D('',#3311,#2790,#2791);
#2217=AXIS2_PLACEMENT_3D('',#3313,#2793,#2794);
#2218=AXIS2_PLACEMENT_3D('',#3315,#2796,#2797);
#2219=AXIS2_PLACEMENT_3D('',#3317,#2799,#2800);
#2220=AXIS2_PLACEMENT_3D('',#3319,#2802,#2803);
#2221=AXIS2_PLACEMENT_3D('',#3321,#2805,#2806);
#2222=AXIS2_PLACEMENT_3D('',#3323,#2808,#2809);
#2223=AXIS2_PLACEMENT_3D('',#3325,#2811,#2812);
#2224=AXIS2_PLACEMENT_3D('',#3327,#2814,#2815);
#2225=AXIS2_PLACEMENT_3D('',#3329,#2817,#2818);
#2226=AXIS2_PLACEMENT_3D('',#3331,#2820,#2821);
#2227=AXIS2_PLACEMENT_3D('',#3333,#2823,#2824);
#2228=DIRECTION('axis',(0.,0.,1.));
#2229=DIRECTION('refdir',(1.,0.,0.));
#2230=DIRECTION('center_axis',(0.,0.,-1.));
#2231=DIRECTION('ref_axis',(1.,0.,0.));
#2232=DIRECTION('center_axis',(0.,0.,-1.));
#2233=DIRECTION('ref_axis',(1.,0.,0.));
#2234=DIRECTION('',(0.,0.,-1.));
#2235=DIRECTION('center_axis',(0.,0.,1.));
#2236=DIRECTION('ref_axis',(1.,0.,0.));
#2237=DIRECTION('center_axis',(0.,0.,-1.));
#2238=DIRECTION('ref_axis',(1.,0.,0.));
#2239=DIRECTION('center_axis',(0.,0.,-1.));
#2240=DIRECTION('ref_axis',(1.,0.,0.));
#2241=DIRECTION('',(0.,0.,-1.));
#2242=DIRECTION('center_axis',(0.,0.,1.));
#2243=DIRECTION('ref_axis',(1.,0.,0.));
#2244=DIRECTION('center_axis',(0.,0.,-1.));
#2245=DIRECTION('ref_axis',(1.,0.,0.));
#2246=DIRECTION('center_axis',(0.,0.,-1.));
#2247=DIRECTION('ref_axis',(1.,0.,0.));
#2248=DIRECTION('',(0.,0.,-1.));
#2249=DIRECTION('center_axis',(0.,0.,1.));
#2250=DIRECTION('ref_axis',(1.,0.,0.));
#2251=DIRECTION('center_axis',(0.,0.,-1.));
#2252=DIRECTION('ref_axis',(1.,0.,0.));
#2253=DIRECTION('center_axis',(0.,0.,-1.));
#2254=DIRECTION('ref_axis',(1.,0.,0.));
#2255=DIRECTION('',(0.,0.,-1.));
#2256=DIRECTION('center_axis',(0.,0.,1.));
#2257=DIRECTION('ref_axis',(1.,0.,0.));
#2258=DIRECTION('center_axis',(0.,0.,-1.));
#2259=DIRECTION('ref_axis',(1.,0.,0.));
#2260=DIRECTION('center_axis',(0.,0.,-1.));
#2261=DIRECTION('ref_axis',(1.,0.,0.));
#2262=DIRECTION('',(0.,0.,-1.));
#2263=DIRECTION('center_axis',(0.,0.,1.));
#2264=DIRECTION('ref_axis',(1.,0.,0.));
#2265=DIRECTION('center_axis',(0.,0.,-1.));
#2266=DIRECTION('ref_axis',(1.,0.,0.));
#2267=DIRECTION('center_axis',(0.,0.,-1.));
#2268=DIRECTION('ref_axis',(1.,0.,0.));
#2269=DIRECTION('',(0.,0.,-1.));
#2270=DIRECTION('center_axis',(0.,0.,1.));
#2271=DIRECTION('ref_axis',(1.,0.,0.));
#2272=DIRECTION('center_axis',(0.,0.,-1.));
#2273=DIRECTION('ref_axis',(1.,0.,0.));
#2274=DIRECTION('center_axis',(0.,0.,-1.));
#2275=DIRECTION('ref_axis',(1.,0.,0.));
#2276=DIRECTION('',(0.,0.,-1.));
#2277=DIRECTION('center_axis',(0.,0.,1.));
#2278=DIRECTION('ref_axis',(1.,0.,0.));
#2279=DIRECTION('center_axis',(0.,0.,-1.));
#2280=DIRECTION('ref_axis',(1.,0.,0.));
#2281=DIRECTION('center_axis',(0.,0.,-1.));
#2282=DIRECTION('ref_axis',(1.,0.,0.));
#2283=DIRECTION('',(0.,0.,-1.));
#2284=DIRECTION('center_axis',(0.,0.,1.));
#2285=DIRECTION('ref_axis',(1.,0.,0.));
#2286=DIRECTION('center_axis',(0.,0.,1.));
#2287=DIRECTION('ref_axis',(1.,0.,0.));
#2288=DIRECTION('center_axis',(0.,0.,-1.));
#2289=DIRECTION('ref_axis',(1.,0.,0.));
#2290=DIRECTION('',(0.,0.,-1.));
#2291=DIRECTION('center_axis',(0.,0.,1.));
#2292=DIRECTION('ref_axis',(1.,0.,0.));
#2293=DIRECTION('center_axis',(0.,0.,1.));
#2294=DIRECTION('ref_axis',(1.,0.,0.));
#2295=DIRECTION('center_axis',(0.,0.,1.));
#2296=DIRECTION('ref_axis',(1.,0.,0.));
#2297=DIRECTION('',(0.,0.,-1.));
#2298=DIRECTION('center_axis',(0.,0.,1.));
#2299=DIRECTION('ref_axis',(1.,0.,0.));
#2300=DIRECTION('center_axis',(0.,0.,1.));
#2301=DIRECTION('ref_axis',(1.,0.,0.));
#2302=DIRECTION('center_axis',(0.,0.,1.));
#2303=DIRECTION('ref_axis',(1.,0.,0.));
#2304=DIRECTION('center_axis',(0.,0.,1.));
#2305=DIRECTION('ref_axis',(1.,0.,0.));
#2306=DIRECTION('center_axis',(0.,0.,1.));
#2307=DIRECTION('ref_axis',(1.,0.,0.));
#2308=DIRECTION('center_axis',(0.,0.,1.));
#2309=DIRECTION('ref_axis',(1.,0.,0.));
#2310=DIRECTION('center_axis',(0.,0.,1.));
#2311=DIRECTION('ref_axis',(1.,0.,0.));
#2312=DIRECTION('center_axis',(0.,0.,1.));
#2313=DIRECTION('ref_axis',(1.,0.,0.));
#2314=DIRECTION('center_axis',(0.,0.,1.));
#2315=DIRECTION('ref_axis',(1.,0.,0.));
#2316=DIRECTION('center_axis',(0.,0.,1.));
#2317=DIRECTION('ref_axis',(1.,0.,0.));
#2318=DIRECTION('center_axis',(0.,0.,1.));
#2319=DIRECTION('ref_axis',(1.,0.,0.));
#2320=DIRECTION('center_axis',(0.,0.,1.));
#2321=DIRECTION('ref_axis',(1.,0.,0.));
#2322=DIRECTION('center_axis',(0.,0.,1.));
#2323=DIRECTION('ref_axis',(1.,0.,0.));
#2324=DIRECTION('center_axis',(0.,0.,1.));
#2325=DIRECTION('ref_axis',(1.,0.,0.));
#2326=DIRECTION('center_axis',(0.,0.,1.));
#2327=DIRECTION('ref_axis',(1.,0.,0.));
#2328=DIRECTION('center_axis',(0.,0.,1.));
#2329=DIRECTION('ref_axis',(1.,0.,0.));
#2330=DIRECTION('center_axis',(0.,0.,1.));
#2331=DIRECTION('ref_axis',(1.,0.,0.));
#2332=DIRECTION('center_axis',(0.,0.,1.));
#2333=DIRECTION('ref_axis',(1.,0.,0.));
#2334=DIRECTION('center_axis',(0.,0.,1.));
#2335=DIRECTION('ref_axis',(1.,0.,0.));
#2336=DIRECTION('center_axis',(0.,0.,1.));
#2337=DIRECTION('ref_axis',(1.,0.,0.));
#2338=DIRECTION('center_axis',(0.,0.,1.));
#2339=DIRECTION('ref_axis',(1.,0.,0.));
#2340=DIRECTION('center_axis',(0.,0.,1.));
#2341=DIRECTION('ref_axis',(1.,0.,0.));
#2342=DIRECTION('center_axis',(0.,0.,1.));
#2343=DIRECTION('ref_axis',(1.,0.,0.));
#2344=DIRECTION('center_axis',(0.,0.,1.));
#2345=DIRECTION('ref_axis',(1.,0.,0.));
#2346=DIRECTION('center_axis',(0.,0.,1.));
#2347=DIRECTION('ref_axis',(1.,0.,0.));
#2348=DIRECTION('center_axis',(0.,0.,1.));
#2349=DIRECTION('ref_axis',(1.,0.,0.));
#2350=DIRECTION('center_axis',(0.,0.,1.));
#2351=DIRECTION('ref_axis',(1.,0.,0.));
#2352=DIRECTION('center_axis',(0.,0.,1.));
#2353=DIRECTION('ref_axis',(1.,0.,0.));
#2354=DIRECTION('center_axis',(0.,0.,1.));
#2355=DIRECTION('ref_axis',(1.,0.,0.));
#2356=DIRECTION('center_axis',(0.,0.,1.));
#2357=DIRECTION('ref_axis',(1.,0.,0.));
#2358=DIRECTION('center_axis',(0.,0.,1.));
#2359=DIRECTION('ref_axis',(1.,0.,0.));
#2360=DIRECTION('center_axis',(0.,0.,1.));
#2361=DIRECTION('ref_axis',(1.,0.,0.));
#2362=DIRECTION('center_axis',(0.,0.,1.));
#2363=DIRECTION('ref_axis',(1.,0.,0.));
#2364=DIRECTION('center_axis',(0.,0.,1.));
#2365=DIRECTION('ref_axis',(1.,0.,0.));
#2366=DIRECTION('center_axis',(0.,0.,1.));
#2367=DIRECTION('ref_axis',(1.,0.,0.));
#2368=DIRECTION('center_axis',(0.,0.,1.));
#2369=DIRECTION('ref_axis',(1.,0.,0.));
#2370=DIRECTION('center_axis',(0.,0.,1.));
#2371=DIRECTION('ref_axis',(1.,0.,0.));
#2372=DIRECTION('center_axis',(0.,0.,1.));
#2373=DIRECTION('ref_axis',(1.,0.,0.));
#2374=DIRECTION('center_axis',(0.,0.,1.));
#2375=DIRECTION('ref_axis',(1.,0.,0.));
#2376=DIRECTION('center_axis',(0.,0.,1.));
#2377=DIRECTION('ref_axis',(1.,0.,0.));
#2378=DIRECTION('center_axis',(0.,0.,1.));
#2379=DIRECTION('ref_axis',(1.,0.,0.));
#2380=DIRECTION('center_axis',(0.,0.,1.));
#2381=DIRECTION('ref_axis',(1.,0.,0.));
#2382=DIRECTION('center_axis',(0.,0.,1.));
#2383=DIRECTION('ref_axis',(1.,0.,0.));
#2384=DIRECTION('center_axis',(0.,0.,1.));
#2385=DIRECTION('ref_axis',(1.,0.,0.));
#2386=DIRECTION('center_axis',(0.,0.,1.));
#2387=DIRECTION('ref_axis',(1.,0.,0.));
#2388=DIRECTION('center_axis',(0.,0.,1.));
#2389=DIRECTION('ref_axis',(1.,0.,0.));
#2390=DIRECTION('center_axis',(0.,0.,1.));
#2391=DIRECTION('ref_axis',(1.,0.,0.));
#2392=DIRECTION('center_axis',(0.,0.,1.));
#2393=DIRECTION('ref_axis',(1.,0.,0.));
#2394=DIRECTION('center_axis',(0.,0.,1.));
#2395=DIRECTION('ref_axis',(1.,0.,0.));
#2396=DIRECTION('center_axis',(0.,0.,1.));
#2397=DIRECTION('ref_axis',(1.,0.,0.));
#2398=DIRECTION('center_axis',(0.,0.,1.));
#2399=DIRECTION('ref_axis',(1.,0.,0.));
#2400=DIRECTION('center_axis',(0.,0.,1.));
#2401=DIRECTION('ref_axis',(1.,0.,0.));
#2402=DIRECTION('center_axis',(0.,0.,1.));
#2403=DIRECTION('ref_axis',(1.,0.,0.));
#2404=DIRECTION('center_axis',(0.,0.,1.));
#2405=DIRECTION('ref_axis',(1.,0.,0.));
#2406=DIRECTION('center_axis',(0.,0.,1.));
#2407=DIRECTION('ref_axis',(1.,0.,0.));
#2408=DIRECTION('center_axis',(0.,0.,1.));
#2409=DIRECTION('ref_axis',(1.,0.,0.));
#2410=DIRECTION('center_axis',(0.,0.,1.));
#2411=DIRECTION('ref_axis',(1.,0.,0.));
#2412=DIRECTION('center_axis',(0.,0.,1.));
#2413=DIRECTION('ref_axis',(1.,0.,0.));
#2414=DIRECTION('center_axis',(0.,0.,1.));
#2415=DIRECTION('ref_axis',(1.,0.,0.));
#2416=DIRECTION('center_axis',(0.,0.,1.));
#2417=DIRECTION('ref_axis',(1.,0.,0.));
#2418=DIRECTION('center_axis',(0.,0.,1.));
#2419=DIRECTION('ref_axis',(1.,0.,0.));
#2420=DIRECTION('center_axis',(0.,0.,1.));
#2421=DIRECTION('ref_axis',(1.,0.,0.));
#2422=DIRECTION('center_axis',(0.,0.,1.));
#2423=DIRECTION('ref_axis',(1.,0.,0.));
#2424=DIRECTION('center_axis',(0.,0.,1.));
#2425=DIRECTION('ref_axis',(1.,0.,0.));
#2426=DIRECTION('center_axis',(0.,0.,1.));
#2427=DIRECTION('ref_axis',(1.,0.,0.));
#2428=DIRECTION('center_axis',(0.,0.,1.));
#2429=DIRECTION('ref_axis',(1.,0.,0.));
#2430=DIRECTION('center_axis',(0.,0.,1.));
#2431=DIRECTION('ref_axis',(1.,0.,0.));
#2432=DIRECTION('center_axis',(0.,0.,1.));
#2433=DIRECTION('ref_axis',(1.,0.,0.));
#2434=DIRECTION('center_axis',(0.,0.,1.));
#2435=DIRECTION('ref_axis',(1.,0.,0.));
#2436=DIRECTION('center_axis',(0.,0.,1.));
#2437=DIRECTION('ref_axis',(1.,0.,0.));
#2438=DIRECTION('center_axis',(0.,0.,1.));
#2439=DIRECTION('ref_axis',(1.,0.,0.));
#2440=DIRECTION('center_axis',(0.,0.,1.));
#2441=DIRECTION('ref_axis',(1.,0.,0.));
#2442=DIRECTION('center_axis',(0.,0.,1.));
#2443=DIRECTION('ref_axis',(1.,0.,0.));
#2444=DIRECTION('center_axis',(0.,0.,1.));
#2445=DIRECTION('ref_axis',(1.,0.,0.));
#2446=DIRECTION('center_axis',(0.,0.,1.));
#2447=DIRECTION('ref_axis',(1.,0.,0.));
#2448=DIRECTION('center_axis',(0.,0.,1.));
#2449=DIRECTION('ref_axis',(1.,0.,0.));
#2450=DIRECTION('center_axis',(0.,0.,1.));
#2451=DIRECTION('ref_axis',(1.,0.,0.));
#2452=DIRECTION('center_axis',(0.,0.,1.));
#2453=DIRECTION('ref_axis',(1.,0.,0.));
#2454=DIRECTION('center_axis',(0.,0.,1.));
#2455=DIRECTION('ref_axis',(1.,0.,0.));
#2456=DIRECTION('center_axis',(0.,0.,1.));
#2457=DIRECTION('ref_axis',(1.,0.,0.));
#2458=DIRECTION('center_axis',(0.,0.,-1.));
#2459=DIRECTION('ref_axis',(1.,0.,0.));
#2460=DIRECTION('center_axis',(0.,0.,-1.));
#2461=DIRECTION('ref_axis',(1.,0.,0.));
#2462=DIRECTION('center_axis',(0.,0.,-1.));
#2463=DIRECTION('ref_axis',(1.,0.,0.));
#2464=DIRECTION('center_axis',(0.,0.,-1.));
#2465=DIRECTION('ref_axis',(1.,0.,0.));
#2466=DIRECTION('center_axis',(0.,0.,-1.));
#2467=DIRECTION('ref_axis',(1.,0.,0.));
#2468=DIRECTION('center_axis',(0.,0.,-1.));
#2469=DIRECTION('ref_axis',(1.,0.,0.));
#2470=DIRECTION('center_axis',(0.,0.,-1.));
#2471=DIRECTION('ref_axis',(1.,0.,0.));
#2472=DIRECTION('center_axis',(0.,0.,-1.));
#2473=DIRECTION('ref_axis',(1.,0.,0.));
#2474=DIRECTION('center_axis',(0.,0.,-1.));
#2475=DIRECTION('ref_axis',(1.,0.,0.));
#2476=DIRECTION('center_axis',(0.,0.,-1.));
#2477=DIRECTION('ref_axis',(1.,0.,0.));
#2478=DIRECTION('center_axis',(0.,0.,-1.));
#2479=DIRECTION('ref_axis',(1.,0.,0.));
#2480=DIRECTION('center_axis',(0.,0.,-1.));
#2481=DIRECTION('ref_axis',(1.,0.,0.));
#2482=DIRECTION('center_axis',(0.,0.,-1.));
#2483=DIRECTION('ref_axis',(1.,0.,0.));
#2484=DIRECTION('center_axis',(0.,0.,-1.));
#2485=DIRECTION('ref_axis',(1.,0.,0.));
#2486=DIRECTION('center_axis',(0.,0.,-1.));
#2487=DIRECTION('ref_axis',(1.,0.,0.));
#2488=DIRECTION('center_axis',(0.,0.,-1.));
#2489=DIRECTION('ref_axis',(1.,0.,0.));
#2490=DIRECTION('center_axis',(0.,0.,-1.));
#2491=DIRECTION('ref_axis',(1.,0.,0.));
#2492=DIRECTION('center_axis',(0.,0.,-1.));
#2493=DIRECTION('ref_axis',(1.,0.,0.));
#2494=DIRECTION('center_axis',(0.,0.,-1.));
#2495=DIRECTION('ref_axis',(1.,0.,0.));
#2496=DIRECTION('center_axis',(0.,0.,-1.));
#2497=DIRECTION('ref_axis',(1.,0.,0.));
#2498=DIRECTION('center_axis',(0.,0.,-1.));
#2499=DIRECTION('ref_axis',(1.,0.,0.));
#2500=DIRECTION('center_axis',(0.,0.,-1.));
#2501=DIRECTION('ref_axis',(1.,0.,0.));
#2502=DIRECTION('center_axis',(0.,0.,-1.));
#2503=DIRECTION('ref_axis',(1.,0.,0.));
#2504=DIRECTION('center_axis',(0.,0.,-1.));
#2505=DIRECTION('ref_axis',(1.,0.,0.));
#2506=DIRECTION('center_axis',(0.,0.,-1.));
#2507=DIRECTION('ref_axis',(1.,0.,0.));
#2508=DIRECTION('center_axis',(0.,0.,-1.));
#2509=DIRECTION('ref_axis',(1.,0.,0.));
#2510=DIRECTION('center_axis',(0.,0.,-1.));
#2511=DIRECTION('ref_axis',(1.,0.,0.));
#2512=DIRECTION('center_axis',(0.,0.,-1.));
#2513=DIRECTION('ref_axis',(1.,0.,0.));
#2514=DIRECTION('center_axis',(0.,0.,-1.));
#2515=DIRECTION('ref_axis',(1.,0.,0.));
#2516=DIRECTION('center_axis',(0.,0.,-1.));
#2517=DIRECTION('ref_axis',(1.,0.,0.));
#2518=DIRECTION('center_axis',(0.,0.,-1.));
#2519=DIRECTION('ref_axis',(1.,0.,0.));
#2520=DIRECTION('center_axis',(0.,0.,-1.));
#2521=DIRECTION('ref_axis',(1.,0.,0.));
#2522=DIRECTION('center_axis',(0.,0.,-1.));
#2523=DIRECTION('ref_axis',(1.,0.,0.));
#2524=DIRECTION('center_axis',(0.,0.,-1.));
#2525=DIRECTION('ref_axis',(1.,0.,0.));
#2526=DIRECTION('center_axis',(0.,0.,-1.));
#2527=DIRECTION('ref_axis',(1.,0.,0.));
#2528=DIRECTION('center_axis',(0.,0.,-1.));
#2529=DIRECTION('ref_axis',(1.,0.,0.));
#2530=DIRECTION('center_axis',(0.,0.,-1.));
#2531=DIRECTION('ref_axis',(1.,0.,0.));
#2532=DIRECTION('center_axis',(0.,0.,-1.));
#2533=DIRECTION('ref_axis',(1.,0.,0.));
#2534=DIRECTION('center_axis',(0.,0.,-1.));
#2535=DIRECTION('ref_axis',(1.,0.,0.));
#2536=DIRECTION('center_axis',(0.,0.,-1.));
#2537=DIRECTION('ref_axis',(1.,0.,0.));
#2538=DIRECTION('center_axis',(0.,0.,-1.));
#2539=DIRECTION('ref_axis',(1.,0.,0.));
#2540=DIRECTION('center_axis',(0.,0.,-1.));
#2541=DIRECTION('ref_axis',(1.,0.,0.));
#2542=DIRECTION('center_axis',(0.,0.,-1.));
#2543=DIRECTION('ref_axis',(1.,0.,0.));
#2544=DIRECTION('center_axis',(0.,0.,-1.));
#2545=DIRECTION('ref_axis',(1.,0.,0.));
#2546=DIRECTION('center_axis',(0.,0.,-1.));
#2547=DIRECTION('ref_axis',(1.,0.,0.));
#2548=DIRECTION('center_axis',(0.,0.,-1.));
#2549=DIRECTION('ref_axis',(1.,0.,0.));
#2550=DIRECTION('center_axis',(0.,0.,-1.));
#2551=DIRECTION('ref_axis',(1.,0.,0.));
#2552=DIRECTION('center_axis',(0.,0.,-1.));
#2553=DIRECTION('ref_axis',(1.,0.,0.));
#2554=DIRECTION('center_axis',(0.,0.,-1.));
#2555=DIRECTION('ref_axis',(1.,0.,0.));
#2556=DIRECTION('center_axis',(0.,0.,-1.));
#2557=DIRECTION('ref_axis',(1.,0.,0.));
#2558=DIRECTION('center_axis',(0.,0.,-1.));
#2559=DIRECTION('ref_axis',(1.,0.,0.));
#2560=DIRECTION('center_axis',(0.,0.,-1.));
#2561=DIRECTION('ref_axis',(1.,0.,0.));
#2562=DIRECTION('center_axis',(0.,0.,-1.));
#2563=DIRECTION('ref_axis',(1.,0.,0.));
#2564=DIRECTION('center_axis',(0.,0.,-1.));
#2565=DIRECTION('ref_axis',(1.,0.,0.));
#2566=DIRECTION('center_axis',(0.,0.,-1.));
#2567=DIRECTION('ref_axis',(1.,0.,0.));
#2568=DIRECTION('center_axis',(0.,0.,-1.));
#2569=DIRECTION('ref_axis',(1.,0.,0.));
#2570=DIRECTION('center_axis',(0.,0.,-1.));
#2571=DIRECTION('ref_axis',(1.,0.,0.));
#2572=DIRECTION('center_axis',(0.,0.,-1.));
#2573=DIRECTION('ref_axis',(1.,0.,0.));
#2574=DIRECTION('center_axis',(0.,0.,-1.));
#2575=DIRECTION('ref_axis',(1.,0.,0.));
#2576=DIRECTION('center_axis',(0.,0.,-1.));
#2577=DIRECTION('ref_axis',(1.,0.,0.));
#2578=DIRECTION('center_axis',(0.,0.,-1.));
#2579=DIRECTION('ref_axis',(1.,0.,0.));
#2580=DIRECTION('center_axis',(0.,0.,-1.));
#2581=DIRECTION('ref_axis',(1.,0.,0.));
#2582=DIRECTION('center_axis',(0.,0.,-1.));
#2583=DIRECTION('ref_axis',(1.,0.,0.));
#2584=DIRECTION('center_axis',(0.,0.,-1.));
#2585=DIRECTION('ref_axis',(1.,0.,0.));
#2586=DIRECTION('center_axis',(0.,0.,-1.));
#2587=DIRECTION('ref_axis',(1.,0.,0.));
#2588=DIRECTION('center_axis',(0.,0.,-1.));
#2589=DIRECTION('ref_axis',(1.,0.,0.));
#2590=DIRECTION('center_axis',(0.,0.,-1.));
#2591=DIRECTION('ref_axis',(1.,0.,0.));
#2592=DIRECTION('center_axis',(0.,0.,-1.));
#2593=DIRECTION('ref_axis',(1.,0.,0.));
#2594=DIRECTION('center_axis',(0.,0.,-1.));
#2595=DIRECTION('ref_axis',(1.,0.,0.));
#2596=DIRECTION('center_axis',(0.,0.,-1.));
#2597=DIRECTION('ref_axis',(1.,0.,0.));
#2598=DIRECTION('center_axis',(0.,0.,-1.));
#2599=DIRECTION('ref_axis',(1.,0.,0.));
#2600=DIRECTION('center_axis',(0.,0.,-1.));
#2601=DIRECTION('ref_axis',(1.,0.,0.));
#2602=DIRECTION('center_axis',(0.,0.,-1.));
#2603=DIRECTION('ref_axis',(1.,0.,0.));
#2604=DIRECTION('center_axis',(0.,0.,1.));
#2605=DIRECTION('ref_axis',(1.,0.,0.));
#2606=DIRECTION('',(0.,0.,-1.));
#2607=DIRECTION('center_axis',(0.,0.,-1.));
#2608=DIRECTION('ref_axis',(1.,0.,0.));
#2609=DIRECTION('',(0.,0.,-1.));
#2610=DIRECTION('center_axis',(0.,0.,-1.));
#2611=DIRECTION('ref_axis',(1.,0.,0.));
#2612=DIRECTION('',(0.,0.,-1.));
#2613=DIRECTION('center_axis',(0.,0.,-1.));
#2614=DIRECTION('ref_axis',(1.,0.,0.));
#2615=DIRECTION('',(0.,0.,-1.));
#2616=DIRECTION('center_axis',(0.,0.,-1.));
#2617=DIRECTION('ref_axis',(1.,0.,0.));
#2618=DIRECTION('',(0.,0.,-1.));
#2619=DIRECTION('center_axis',(0.,0.,-1.));
#2620=DIRECTION('ref_axis',(1.,0.,0.));
#2621=DIRECTION('',(0.,0.,-1.));
#2622=DIRECTION('center_axis',(0.,0.,-1.));
#2623=DIRECTION('ref_axis',(1.,0.,0.));
#2624=DIRECTION('',(0.,0.,-1.));
#2625=DIRECTION('center_axis',(0.,0.,-1.));
#2626=DIRECTION('ref_axis',(1.,0.,0.));
#2627=DIRECTION('',(0.,0.,-1.));
#2628=DIRECTION('center_axis',(0.,0.,-1.));
#2629=DIRECTION('ref_axis',(1.,0.,0.));
#2630=DIRECTION('',(0.,0.,-1.));
#2631=DIRECTION('center_axis',(0.,0.,-1.));
#2632=DIRECTION('ref_axis',(1.,0.,0.));
#2633=DIRECTION('',(0.,0.,-1.));
#2634=DIRECTION('center_axis',(0.,0.,-1.));
#2635=DIRECTION('ref_axis',(1.,0.,0.));
#2636=DIRECTION('',(0.,0.,-1.));
#2637=DIRECTION('center_axis',(0.,0.,-1.));
#2638=DIRECTION('ref_axis',(1.,0.,0.));
#2639=DIRECTION('',(0.,0.,-1.));
#2640=DIRECTION('center_axis',(0.,0.,-1.));
#2641=DIRECTION('ref_axis',(1.,0.,0.));
#2642=DIRECTION('',(0.,0.,-1.));
#2643=DIRECTION('center_axis',(0.,0.,-1.));
#2644=DIRECTION('ref_axis',(1.,0.,0.));
#2645=DIRECTION('',(0.,0.,-1.));
#2646=DIRECTION('center_axis',(0.,0.,-1.));
#2647=DIRECTION('ref_axis',(1.,0.,0.));
#2648=DIRECTION('',(0.,0.,-1.));
#2649=DIRECTION('center_axis',(0.,0.,-1.));
#2650=DIRECTION('ref_axis',(1.,0.,0.));
#2651=DIRECTION('',(0.,0.,-1.));
#2652=DIRECTION('center_axis',(0.,0.,-1.));
#2653=DIRECTION('ref_axis',(1.,0.,0.));
#2654=DIRECTION('',(0.,0.,-1.));
#2655=DIRECTION('center_axis',(0.,0.,-1.));
#2656=DIRECTION('ref_axis',(1.,0.,0.));
#2657=DIRECTION('',(0.,0.,-1.));
#2658=DIRECTION('center_axis',(0.,0.,-1.));
#2659=DIRECTION('ref_axis',(1.,0.,0.));
#2660=DIRECTION('',(0.,0.,-1.));
#2661=DIRECTION('center_axis',(0.,0.,-1.));
#2662=DIRECTION('ref_axis',(1.,0.,0.));
#2663=DIRECTION('',(0.,0.,-1.));
#2664=DIRECTION('center_axis',(0.,0.,-1.));
#2665=DIRECTION('ref_axis',(1.,0.,0.));
#2666=DIRECTION('',(0.,0.,-1.));
#2667=DIRECTION('center_axis',(0.,0.,-1.));
#2668=DIRECTION('ref_axis',(1.,0.,0.));
#2669=DIRECTION('',(0.,0.,-1.));
#2670=DIRECTION('center_axis',(0.,0.,-1.));
#2671=DIRECTION('ref_axis',(1.,0.,0.));
#2672=DIRECTION('',(0.,0.,-1.));
#2673=DIRECTION('center_axis',(0.,0.,-1.));
#2674=DIRECTION('ref_axis',(1.,0.,0.));
#2675=DIRECTION('',(0.,0.,-1.));
#2676=DIRECTION('center_axis',(0.,0.,-1.));
#2677=DIRECTION('ref_axis',(1.,0.,0.));
#2678=DIRECTION('',(0.,0.,-1.));
#2679=DIRECTION('center_axis',(0.,0.,-1.));
#2680=DIRECTION('ref_axis',(1.,0.,0.));
#2681=DIRECTION('',(0.,0.,-1.));
#2682=DIRECTION('center_axis',(0.,0.,-1.));
#2683=DIRECTION('ref_axis',(1.,0.,0.));
#2684=DIRECTION('',(0.,0.,-1.));
#2685=DIRECTION('center_axis',(0.,0.,-1.));
#2686=DIRECTION('ref_axis',(1.,0.,0.));
#2687=DIRECTION('',(0.,0.,-1.));
#2688=DIRECTION('center_axis',(0.,0.,-1.));
#2689=DIRECTION('ref_axis',(1.,0.,0.));
#2690=DIRECTION('',(0.,0.,-1.));
#2691=DIRECTION('center_axis',(0.,0.,-1.));
#2692=DIRECTION('ref_axis',(1.,0.,0.));
#2693=DIRECTION('',(0.,0.,-1.));
#2694=DIRECTION('center_axis',(0.,0.,-1.));
#2695=DIRECTION('ref_axis',(1.,0.,0.));
#2696=DIRECTION('',(0.,0.,-1.));
#2697=DIRECTION('center_axis',(0.,0.,-1.));
#2698=DIRECTION('ref_axis',(1.,0.,0.));
#2699=DIRECTION('',(0.,0.,-1.));
#2700=DIRECTION('center_axis',(0.,0.,-1.));
#2701=DIRECTION('ref_axis',(1.,0.,0.));
#2702=DIRECTION('',(0.,0.,-1.));
#2703=DIRECTION('center_axis',(0.,0.,-1.));
#2704=DIRECTION('ref_axis',(1.,0.,0.));
#2705=DIRECTION('',(0.,0.,-1.));
#2706=DIRECTION('center_axis',(0.,0.,-1.));
#2707=DIRECTION('ref_axis',(1.,0.,0.));
#2708=DIRECTION('',(0.,0.,-1.));
#2709=DIRECTION('center_axis',(0.,0.,-1.));
#2710=DIRECTION('ref_axis',(1.,0.,0.));
#2711=DIRECTION('',(0.,0.,-1.));
#2712=DIRECTION('center_axis',(0.,0.,-1.));
#2713=DIRECTION('ref_axis',(1.,0.,0.));
#2714=DIRECTION('',(0.,0.,-1.));
#2715=DIRECTION('center_axis',(0.,0.,-1.));
#2716=DIRECTION('ref_axis',(1.,0.,0.));
#2717=DIRECTION('',(0.,0.,-1.));
#2718=DIRECTION('center_axis',(0.,0.,-1.));
#2719=DIRECTION('ref_axis',(1.,0.,0.));
#2720=DIRECTION('',(0.,0.,-1.));
#2721=DIRECTION('center_axis',(0.,0.,-1.));
#2722=DIRECTION('ref_axis',(1.,0.,0.));
#2723=DIRECTION('',(0.,0.,-1.));
#2724=DIRECTION('center_axis',(0.,0.,-1.));
#2725=DIRECTION('ref_axis',(1.,0.,0.));
#2726=DIRECTION('',(0.,0.,-1.));
#2727=DIRECTION('center_axis',(0.,0.,-1.));
#2728=DIRECTION('ref_axis',(1.,0.,0.));
#2729=DIRECTION('',(0.,0.,-1.));
#2730=DIRECTION('center_axis',(0.,0.,-1.));
#2731=DIRECTION('ref_axis',(1.,0.,0.));
#2732=DIRECTION('',(0.,0.,-1.));
#2733=DIRECTION('center_axis',(0.,0.,-1.));
#2734=DIRECTION('ref_axis',(1.,0.,0.));
#2735=DIRECTION('',(0.,0.,-1.));
#2736=DIRECTION('center_axis',(0.,0.,-1.));
#2737=DIRECTION('ref_axis',(1.,0.,0.));
#2738=DIRECTION('',(0.,0.,-1.));
#2739=DIRECTION('center_axis',(0.,0.,-1.));
#2740=DIRECTION('ref_axis',(1.,0.,0.));
#2741=DIRECTION('',(0.,0.,-1.));
#2742=DIRECTION('center_axis',(0.,0.,-1.));
#2743=DIRECTION('ref_axis',(1.,0.,0.));
#2744=DIRECTION('',(0.,0.,-1.));
#2745=DIRECTION('center_axis',(0.,0.,-1.));
#2746=DIRECTION('ref_axis',(1.,0.,0.));
#2747=DIRECTION('',(0.,0.,-1.));
#2748=DIRECTION('center_axis',(0.,0.,-1.));
#2749=DIRECTION('ref_axis',(1.,0.,0.));
#2750=DIRECTION('',(0.,0.,-1.));
#2751=DIRECTION('center_axis',(0.,0.,-1.));
#2752=DIRECTION('ref_axis',(1.,0.,0.));
#2753=DIRECTION('',(0.,0.,-1.));
#2754=DIRECTION('center_axis',(0.,0.,-1.));
#2755=DIRECTION('ref_axis',(1.,0.,0.));
#2756=DIRECTION('',(0.,0.,-1.));
#2757=DIRECTION('center_axis',(0.,0.,-1.));
#2758=DIRECTION('ref_axis',(1.,0.,0.));
#2759=DIRECTION('',(0.,0.,-1.));
#2760=DIRECTION('center_axis',(0.,0.,-1.));
#2761=DIRECTION('ref_axis',(1.,0.,0.));
#2762=DIRECTION('',(0.,0.,-1.));
#2763=DIRECTION('center_axis',(0.,0.,-1.));
#2764=DIRECTION('ref_axis',(1.,0.,0.));
#2765=DIRECTION('',(0.,0.,-1.));
#2766=DIRECTION('center_axis',(0.,0.,-1.));
#2767=DIRECTION('ref_axis',(1.,0.,0.));
#2768=DIRECTION('',(0.,0.,-1.));
#2769=DIRECTION('center_axis',(0.,0.,-1.));
#2770=DIRECTION('ref_axis',(1.,0.,0.));
#2771=DIRECTION('',(0.,0.,-1.));
#2772=DIRECTION('center_axis',(0.,0.,-1.));
#2773=DIRECTION('ref_axis',(1.,0.,0.));
#2774=DIRECTION('',(0.,0.,-1.));
#2775=DIRECTION('center_axis',(0.,0.,-1.));
#2776=DIRECTION('ref_axis',(1.,0.,0.));
#2777=DIRECTION('',(0.,0.,-1.));
#2778=DIRECTION('center_axis',(0.,0.,-1.));
#2779=DIRECTION('ref_axis',(1.,0.,0.));
#2780=DIRECTION('',(0.,0.,-1.));
#2781=DIRECTION('center_axis',(0.,0.,-1.));
#2782=DIRECTION('ref_axis',(1.,0.,0.));
#2783=DIRECTION('',(0.,0.,-1.));
#2784=DIRECTION('center_axis',(0.,0.,-1.));
#2785=DIRECTION('ref_axis',(1.,0.,0.));
#2786=DIRECTION('',(0.,0.,-1.));
#2787=DIRECTION('center_axis',(0.,0.,-1.));
#2788=DIRECTION('ref_axis',(1.,0.,0.));
#2789=DIRECTION('',(0.,0.,-1.));
#2790=DIRECTION('center_axis',(0.,0.,-1.));
#2791=DIRECTION('ref_axis',(1.,0.,0.));
#2792=DIRECTION('',(0.,0.,-1.));
#2793=DIRECTION('center_axis',(0.,0.,-1.));
#2794=DIRECTION('ref_axis',(1.,0.,0.));
#2795=DIRECTION('',(0.,0.,-1.));
#2796=DIRECTION('center_axis',(0.,0.,-1.));
#2797=DIRECTION('ref_axis',(1.,0.,0.));
#2798=DIRECTION('',(0.,0.,-1.));
#2799=DIRECTION('center_axis',(0.,0.,-1.));
#2800=DIRECTION('ref_axis',(1.,0.,0.));
#2801=DIRECTION('',(0.,0.,-1.));
#2802=DIRECTION('center_axis',(0.,0.,-1.));
#2803=DIRECTION('ref_axis',(1.,0.,0.));
#2804=DIRECTION('',(0.,0.,-1.));
#2805=DIRECTION('center_axis',(0.,0.,-1.));
#2806=DIRECTION('ref_axis',(1.,0.,0.));
#2807=DIRECTION('',(0.,0.,-1.));
#2808=DIRECTION('center_axis',(0.,0.,-1.));
#2809=DIRECTION('ref_axis',(1.,0.,0.));
#2810=DIRECTION('',(0.,0.,-1.));
#2811=DIRECTION('center_axis',(0.,0.,-1.));
#2812=DIRECTION('ref_axis',(1.,0.,0.));
#2813=DIRECTION('',(0.,0.,-1.));
#2814=DIRECTION('center_axis',(0.,0.,-1.));
#2815=DIRECTION('ref_axis',(1.,0.,0.));
#2816=DIRECTION('',(0.,0.,-1.));
#2817=DIRECTION('center_axis',(0.,0.,-1.));
#2818=DIRECTION('ref_axis',(1.,0.,0.));
#2819=DIRECTION('',(0.,0.,-1.));
#2820=DIRECTION('center_axis',(0.,0.,-1.));
#2821=DIRECTION('ref_axis',(1.,0.,0.));
#2822=DIRECTION('',(0.,0.,-1.));
#2823=DIRECTION('center_axis',(0.,0.,-1.));
#2824=DIRECTION('ref_axis',(1.,0.,0.));
#2825=DIRECTION('',(0.,0.,-1.));
#2826=CARTESIAN_POINT('',(0.,0.,0.));
#2827=CARTESIAN_POINT('Origin',(-28.6231869852779,-24.994262677779,15.));
#2828=CARTESIAN_POINT('',(-30.8731869852779,-24.994262677779,15.));
#2829=CARTESIAN_POINT('Origin',(-28.6231869852779,-24.994262677779,15.));
#2830=CARTESIAN_POINT('',(-30.8731869852779,-24.994262677779,10.));
#2831=CARTESIAN_POINT('',(-30.8731869852779,-24.994262677779,15.));
#2832=CARTESIAN_POINT('Origin',(-28.6231869852779,-24.994262677779,10.));
#2833=CARTESIAN_POINT('Origin',(28.6231869852779,24.994262677779,15.));
#2834=CARTESIAN_POINT('',(26.3731869852779,24.994262677779,15.));
#2835=CARTESIAN_POINT('Origin',(28.6231869852779,24.994262677779,15.));
#2836=CARTESIAN_POINT('',(26.3731869852779,24.994262677779,10.));
#2837=CARTESIAN_POINT('',(26.3731869852779,24.994262677779,15.));
#2838=CARTESIAN_POINT('Origin',(28.6231869852779,24.994262677779,10.));
#2839=CARTESIAN_POINT('Origin',(2.56603698624514,37.9132622466759,15.));
#2840=CARTESIAN_POINT('',(0.316036986245136,37.9132622466759,15.));
#2841=CARTESIAN_POINT('Origin',(2.56603698624514,37.9132622466759,15.));
#2842=CARTESIAN_POINT('',(0.316036986245136,37.9132622466759,10.));
#2843=CARTESIAN_POINT('',(0.316036986245136,37.9132622466759,15.));
#2844=CARTESIAN_POINT('Origin',(2.56603698624514,37.9132622466759,10.));
#2845=CARTESIAN_POINT('Origin',(-2.56603698624515,-37.9132622466759,15.));
#2846=CARTESIAN_POINT('',(-4.81603698624515,-37.9132622466759,15.));
#2847=CARTESIAN_POINT('Origin',(-2.56603698624515,-37.9132622466759,15.));
#2848=CARTESIAN_POINT('',(-4.81603698624515,-37.9132622466759,10.));
#2849=CARTESIAN_POINT('',(-4.81603698624515,-37.9132622466759,15.));
#2850=CARTESIAN_POINT('Origin',(-2.56603698624515,-37.9132622466759,10.));
#2851=CARTESIAN_POINT('Origin',(-37.9132622466759,2.56603698624515,15.));
#2852=CARTESIAN_POINT('',(-40.1632622466759,2.56603698624515,15.));
#2853=CARTESIAN_POINT('Origin',(-37.9132622466759,2.56603698624515,15.));
#2854=CARTESIAN_POINT('',(-40.1632622466759,2.56603698624515,10.));
#2855=CARTESIAN_POINT('',(-40.1632622466759,2.56603698624515,15.));
#2856=CARTESIAN_POINT('Origin',(-37.9132622466759,2.56603698624515,10.));
#2857=CARTESIAN_POINT('Origin',(37.9132622466759,-2.56603698624514,15.));
#2858=CARTESIAN_POINT('',(35.6632622466759,-2.56603698624514,15.));
#2859=CARTESIAN_POINT('Origin',(37.9132622466759,-2.56603698624514,15.));
#2860=CARTESIAN_POINT('',(35.6632622466759,-2.56603698624514,10.));
#2861=CARTESIAN_POINT('',(35.6632622466759,-2.56603698624514,15.));
#2862=CARTESIAN_POINT('Origin',(37.9132622466759,-2.56603698624514,10.));
#2863=CARTESIAN_POINT('Origin',(-24.994262677779,28.6231869852779,15.));
#2864=CARTESIAN_POINT('',(-27.244262677779,28.6231869852779,15.));
#2865=CARTESIAN_POINT('Origin',(-24.994262677779,28.6231869852779,15.));
#2866=CARTESIAN_POINT('',(-27.244262677779,28.6231869852779,10.));
#2867=CARTESIAN_POINT('',(-27.244262677779,28.6231869852779,15.));
#2868=CARTESIAN_POINT('Origin',(-24.994262677779,28.6231869852779,10.));
#2869=CARTESIAN_POINT('Origin',(24.994262677779,-28.6231869852779,15.));
#2870=CARTESIAN_POINT('',(22.744262677779,-28.6231869852779,15.));
#2871=CARTESIAN_POINT('Origin',(24.994262677779,-28.6231869852779,15.));
#2872=CARTESIAN_POINT('',(22.744262677779,-28.6231869852779,10.));
#2873=CARTESIAN_POINT('',(22.744262677779,-28.6231869852779,15.));
#2874=CARTESIAN_POINT('Origin',(24.994262677779,-28.6231869852779,10.));
#2875=CARTESIAN_POINT('Origin',(0.,0.,10.));
#2876=CARTESIAN_POINT('',(-35.,-4.28626379701574E-15,15.));
#2877=CARTESIAN_POINT('Origin',(0.,0.,15.));
#2878=CARTESIAN_POINT('',(-35.,-4.28626379701574E-15,10.));
#2879=CARTESIAN_POINT('',(-35.,-4.28626379701574E-15,10.));
#2880=CARTESIAN_POINT('Origin',(0.,0.,10.));
#2881=CARTESIAN_POINT('Origin',(0.,0.,10.));
#2882=CARTESIAN_POINT('',(-41.,-5.02105187650415E-15,15.));
#2883=CARTESIAN_POINT('Origin',(0.,0.,15.));
#2884=CARTESIAN_POINT('',(-41.,-5.02105187650415E-15,10.));
#2885=CARTESIAN_POINT('',(-41.,-5.02105187650415E-15,10.));
#2886=CARTESIAN_POINT('Origin',(0.,0.,10.));
#2887=CARTESIAN_POINT('Origin',(0.,0.,15.));
#2888=CARTESIAN_POINT('Origin',(0.,0.,10.));
#2889=CARTESIAN_POINT('Origin',(0.,0.,0.));
#2890=CARTESIAN_POINT('',(-35.,-4.28626379701574E-15,0.));
#2891=CARTESIAN_POINT('Origin',(0.,0.,0.));
#2892=CARTESIAN_POINT('',(-0.5,-6.12323399573677E-17,0.));
#2893=CARTESIAN_POINT('Origin',(0.,0.,0.));
#2894=CARTESIAN_POINT('',(17.080767186922,3.85126750099939,0.));
#2895=CARTESIAN_POINT('Origin',(17.580767186922,3.85126750099939,0.));
#2896=CARTESIAN_POINT('',(16.651024752394,-5.45508810082612,0.));
#2897=CARTESIAN_POINT('Origin',(17.151024752394,-5.45508810082612,0.));
#2898=CARTESIAN_POINT('',(11.6256790860959,-13.2997572513946,0.));
#2899=CARTESIAN_POINT('Origin',(12.1256790860959,-13.2997572513946,0.));
#2900=CARTESIAN_POINT('',(3.3512675009994,-17.580767186922,0.));
#2901=CARTESIAN_POINT('Origin',(3.8512675009994,-17.580767186922,0.));
#2902=CARTESIAN_POINT('',(-5.95508810082611,-17.151024752394,0.));
#2903=CARTESIAN_POINT('Origin',(-5.45508810082611,-17.151024752394,0.));
#2904=CARTESIAN_POINT('',(-13.7997572513946,-12.1256790860959,0.));
#2905=CARTESIAN_POINT('Origin',(-13.2997572513946,-12.1256790860959,0.));
#2906=CARTESIAN_POINT('',(-18.080767186922,-3.8512675009994,0.));
#2907=CARTESIAN_POINT('Origin',(-17.580767186922,-3.8512675009994,0.));
#2908=CARTESIAN_POINT('',(-17.651024752394,5.45508810082611,0.));
#2909=CARTESIAN_POINT('Origin',(-17.151024752394,5.45508810082611,0.));
#2910=CARTESIAN_POINT('',(-12.6256790860959,13.2997572513946,0.));
#2911=CARTESIAN_POINT('Origin',(-12.1256790860959,13.2997572513946,0.));
#2912=CARTESIAN_POINT('',(-4.3512675009994,17.580767186922,0.));
#2913=CARTESIAN_POINT('Origin',(-3.8512675009994,17.580767186922,0.));
#2914=CARTESIAN_POINT('',(4.95508810082611,17.151024752394,0.));
#2915=CARTESIAN_POINT('Origin',(5.45508810082611,17.151024752394,0.));
#2916=CARTESIAN_POINT('',(12.7997572513946,12.1256790860959,0.));
#2917=CARTESIAN_POINT('Origin',(13.2997572513946,12.1256790860959,0.));
#2918=CARTESIAN_POINT('',(14.4344063567769,1.41661983509191,0.));
#2919=CARTESIAN_POINT('Origin',(14.9344063567769,1.41661983509191,0.));
#2920=CARTESIAN_POINT('',(11.0619214996293,-9.55851851611555,0.));
#2921=CARTESIAN_POINT('Origin',(11.5619214996293,-9.55851851611555,0.));
#2922=CARTESIAN_POINT('',(0.916619835091913,-14.9344063567769,0.));
#2923=CARTESIAN_POINT('Origin',(1.41661983509191,-14.9344063567769,0.));
#2924=CARTESIAN_POINT('',(-10.0585185161155,-11.5619214996293,0.));
#2925=CARTESIAN_POINT('Origin',(-9.55851851611555,-11.5619214996293,0.));
#2926=CARTESIAN_POINT('',(-15.4344063567769,-1.41661983509191,0.));
#2927=CARTESIAN_POINT('Origin',(-14.9344063567769,-1.41661983509191,0.));
#2928=CARTESIAN_POINT('',(5.00000008195639,2.5000000372529,0.));
#2929=CARTESIAN_POINT('Origin',(5.50000008195639,2.5000000372529,0.));
#2930=CARTESIAN_POINT('',(-7.52393595593732,13.2554754223832,0.));
#2931=CARTESIAN_POINT('Origin',(-7.02393595593732,13.2554754223832,0.));
#2932=CARTESIAN_POINT('',(3.90636381395546,14.339709304082,0.));
#2933=CARTESIAN_POINT('Origin',(4.40636381395546,14.339709304082,0.));
#2934=CARTESIAN_POINT('',(7.68222327323877,8.7795991448326,0.));
#2935=CARTESIAN_POINT('Origin',(8.18222327323877,8.7795991448326,0.));
#2936=CARTESIAN_POINT('',(11.4938196531003,0.422408529721229,0.));
#2937=CARTESIAN_POINT('Origin',(11.9938196531003,0.422408529721229,0.));
#2938=CARTESIAN_POINT('',(8.2795991448326,-8.18222327323877,0.));
#2939=CARTESIAN_POINT('Origin',(8.7795991448326,-8.18222327323877,0.));
#2940=CARTESIAN_POINT('',(-0.0775914702787724,-11.9938196531003,0.));
#2941=CARTESIAN_POINT('Origin',(0.422408529721228,-11.9938196531003,0.));
#2942=CARTESIAN_POINT('',(-8.68222327323877,-8.77959914483261,0.));
#2943=CARTESIAN_POINT('Origin',(-8.18222327323877,-8.77959914483261,0.));
#2944=CARTESIAN_POINT('',(-12.4938196531003,-0.422408529721229,0.));
#2945=CARTESIAN_POINT('Origin',(-11.9938196531003,-0.422408529721229,0.));
#2946=CARTESIAN_POINT('',(-9.27959914483261,8.18222327323877,0.));
#2947=CARTESIAN_POINT('Origin',(-8.77959914483261,8.18222327323877,0.));
#2948=CARTESIAN_POINT('',(-0.922408529721229,11.9938196531003,0.));
#2949=CARTESIAN_POINT('Origin',(-0.422408529721229,11.9938196531003,0.));
#2950=CARTESIAN_POINT('',(8.48025592034479,-0.636396088843333,0.));
#2951=CARTESIAN_POINT('Origin',(8.98025592034479,-0.636396088843333,0.));
#2952=CARTESIAN_POINT('',(-1.13639608884333,-8.98025592034479,0.));
#2953=CARTESIAN_POINT('Origin',(-0.636396088843331,-8.98025592034479,0.));
#2954=CARTESIAN_POINT('',(-9.48025592034479,0.636396088843333,0.));
#2955=CARTESIAN_POINT('Origin',(-8.98025592034479,0.636396088843333,0.));
#2956=CARTESIAN_POINT('',(0.13639608884333,8.98025592034479,0.));
#2957=CARTESIAN_POINT('Origin',(0.636396088843331,8.98025592034479,0.));
#2958=CARTESIAN_POINT('',(5.15685433378608,-2.12132037516978,0.));
#2959=CARTESIAN_POINT('Origin',(5.65685433378608,-2.12132037516978,0.));
#2960=CARTESIAN_POINT('',(-2.62132037516978,-5.65685433378608,0.));
#2961=CARTESIAN_POINT('Origin',(-2.12132037516978,-5.65685433378608,0.));
#2962=CARTESIAN_POINT('',(-6.15685433378608,2.12132037516978,0.));
#2963=CARTESIAN_POINT('Origin',(-5.65685433378608,2.12132037516978,0.));
#2964=CARTESIAN_POINT('',(1.62132037516978,5.65685433378608,0.));
#2965=CARTESIAN_POINT('Origin',(2.12132037516978,5.65685433378608,0.));
#2966=CARTESIAN_POINT('',(-3.0000000372529,5.50000008195639,0.));
#2967=CARTESIAN_POINT('Origin',(-2.5000000372529,5.50000008195639,0.));
#2968=CARTESIAN_POINT('',(-6.00000008195639,-2.5000000372529,0.));
#2969=CARTESIAN_POINT('Origin',(-5.50000008195639,-2.5000000372529,0.));
#2970=CARTESIAN_POINT('',(2.0000000372529,-5.50000008195639,0.));
#2971=CARTESIAN_POINT('Origin',(2.5000000372529,-5.50000008195639,0.));
#2972=CARTESIAN_POINT('',(6.29999984800816,5.89999986812472,0.));
#2973=CARTESIAN_POINT('Origin',(6.79999984800816,5.89999986812472,0.));
#2974=CARTESIAN_POINT('',(-6.39999986812473,6.79999984800816,0.));
#2975=CARTESIAN_POINT('Origin',(-5.89999986812473,6.79999984800816,0.));
#2976=CARTESIAN_POINT('',(-7.29999984800816,-5.89999986812472,0.));
#2977=CARTESIAN_POINT('Origin',(-6.79999984800816,-5.89999986812472,0.));
#2978=CARTESIAN_POINT('',(5.39999986812472,-6.79999984800816,0.));
#2979=CARTESIAN_POINT('Origin',(5.89999986812472,-6.79999984800816,0.));
#2980=CARTESIAN_POINT('',(3.69958147704865,11.242493240145,0.));
#2981=CARTESIAN_POINT('Origin',(4.19958147704865,11.242493240145,0.));
#2982=CARTESIAN_POINT('',(-5.48009066698391,10.9191957481169,0.));
#2983=CARTESIAN_POINT('Origin',(-4.98009066698391,10.9191957481169,0.));
#2984=CARTESIAN_POINT('',(-11.742493240145,4.19958147704865,0.));
#2985=CARTESIAN_POINT('Origin',(-11.242493240145,4.19958147704865,0.));
#2986=CARTESIAN_POINT('',(-11.419195748117,-4.98009066698391,0.));
#2987=CARTESIAN_POINT('Origin',(-10.919195748117,-4.98009066698391,0.));
#2988=CARTESIAN_POINT('',(-4.69958147704865,-11.242493240145,0.));
#2989=CARTESIAN_POINT('Origin',(-4.19958147704865,-11.242493240145,0.));
#2990=CARTESIAN_POINT('',(4.48009066698391,-10.9191957481169,0.));
#2991=CARTESIAN_POINT('Origin',(4.98009066698391,-10.9191957481169,0.));
#2992=CARTESIAN_POINT('',(10.742493240145,-4.19958147704866,0.));
#2993=CARTESIAN_POINT('Origin',(11.242493240145,-4.19958147704866,0.));
#2994=CARTESIAN_POINT('',(10.419195748117,4.98009066698391,0.));
#2995=CARTESIAN_POINT('Origin',(10.919195748117,4.98009066698391,0.));
#2996=CARTESIAN_POINT('',(9.05851851611555,11.5619214996293,0.));
#2997=CARTESIAN_POINT('Origin',(9.55851851611554,11.5619214996293,0.));
#2998=CARTESIAN_POINT('',(-1.91661983509191,14.9344063567769,0.));
#2999=CARTESIAN_POINT('Origin',(-1.41661983509191,14.9344063567769,0.));
#3000=CARTESIAN_POINT('',(-12.0619214996293,9.55851851611554,0.));
#3001=CARTESIAN_POINT('Origin',(-11.5619214996293,9.55851851611554,0.));
#3002=CARTESIAN_POINT('',(-14.839709304082,4.40636381395546,0.));
#3003=CARTESIAN_POINT('Origin',(-14.339709304082,4.40636381395546,0.));
#3004=CARTESIAN_POINT('',(-13.7554754223832,-7.02393595593732,0.));
#3005=CARTESIAN_POINT('Origin',(-13.2554754223832,-7.02393595593732,0.));
#3006=CARTESIAN_POINT('',(-4.90636381395546,-14.339709304082,0.));
#3007=CARTESIAN_POINT('Origin',(-4.40636381395546,-14.339709304082,0.));
#3008=CARTESIAN_POINT('',(6.52393595593731,-13.2554754223832,0.));
#3009=CARTESIAN_POINT('Origin',(7.02393595593731,-13.2554754223832,0.));
#3010=CARTESIAN_POINT('',(13.839709304082,-4.40636381395546,0.));
#3011=CARTESIAN_POINT('Origin',(14.339709304082,-4.40636381395546,0.));
#3012=CARTESIAN_POINT('',(12.7554754223832,7.02393595593731,0.));
#3013=CARTESIAN_POINT('Origin',(13.2554754223832,7.02393595593731,0.));
#3014=CARTESIAN_POINT('',(9.20822233021445,15.1547370624545,0.));
#3015=CARTESIAN_POINT('Origin',(9.70822233021445,15.1547370624545,0.));
#3016=CARTESIAN_POINT('',(0.330198632325798,17.9784984488664,0.));
#3017=CARTESIAN_POINT('Origin',(0.830198632325798,17.9784984488664,0.));
#3018=CARTESIAN_POINT('',(-8.77027611865197,15.9849356947803,0.));
#3019=CARTESIAN_POINT('Origin',(-8.27027611865197,15.9849356947803,0.));
#3020=CARTESIAN_POINT('',(-15.6547370624545,9.70822233021445,0.));
#3021=CARTESIAN_POINT('Origin',(-15.1547370624545,9.70822233021445,0.));
#3022=CARTESIAN_POINT('',(-18.4784984488664,0.830198632325801,0.));
#3023=CARTESIAN_POINT('Origin',(-17.9784984488664,0.830198632325801,0.));
#3024=CARTESIAN_POINT('',(-16.4849356947803,-8.27027611865196,0.));
#3025=CARTESIAN_POINT('Origin',(-15.9849356947803,-8.27027611865196,0.));
#3026=CARTESIAN_POINT('',(-10.2082223302145,-15.1547370624545,0.));
#3027=CARTESIAN_POINT('Origin',(-9.70822233021446,-15.1547370624545,0.));
#3028=CARTESIAN_POINT('',(-1.33019863232581,-17.9784984488664,0.));
#3029=CARTESIAN_POINT('Origin',(-0.830198632325809,-17.9784984488664,0.));
#3030=CARTESIAN_POINT('',(7.77027611865195,-15.9849356947803,0.));
#3031=CARTESIAN_POINT('Origin',(8.27027611865196,-15.9849356947803,0.));
#3032=CARTESIAN_POINT('',(14.6547370624545,-9.70822233021446,0.));
#3033=CARTESIAN_POINT('Origin',(15.1547370624545,-9.70822233021446,0.));
#3034=CARTESIAN_POINT('',(17.4784984488664,-0.830198632325803,0.));
#3035=CARTESIAN_POINT('Origin',(17.9784984488664,-0.830198632325803,0.));
#3036=CARTESIAN_POINT('',(15.4849356947803,8.27027611865195,0.));
#3037=CARTESIAN_POINT('Origin',(15.9849356947803,8.27027611865195,0.));
#3038=CARTESIAN_POINT('Origin',(0.,0.,10.));
#3039=CARTESIAN_POINT('',(-35.,-4.28626379701574E-15,10.));
#3040=CARTESIAN_POINT('Origin',(0.,0.,10.));
#3041=CARTESIAN_POINT('',(-0.5,-6.12323399573677E-17,10.));
#3042=CARTESIAN_POINT('Origin',(0.,0.,10.));
#3043=CARTESIAN_POINT('',(17.080767186922,3.85126750099939,10.));
#3044=CARTESIAN_POINT('Origin',(17.580767186922,3.85126750099939,10.));
#3045=CARTESIAN_POINT('',(16.651024752394,-5.45508810082612,10.));
#3046=CARTESIAN_POINT('Origin',(17.151024752394,-5.45508810082612,10.));
#3047=CARTESIAN_POINT('',(11.6256790860959,-13.2997572513946,10.));
#3048=CARTESIAN_POINT('Origin',(12.1256790860959,-13.2997572513946,10.));
#3049=CARTESIAN_POINT('',(3.3512675009994,-17.580767186922,10.));
#3050=CARTESIAN_POINT('Origin',(3.8512675009994,-17.580767186922,10.));
#3051=CARTESIAN_POINT('',(-5.95508810082611,-17.151024752394,10.));
#3052=CARTESIAN_POINT('Origin',(-5.45508810082611,-17.151024752394,10.));
#3053=CARTESIAN_POINT('',(-13.7997572513946,-12.1256790860959,10.));
#3054=CARTESIAN_POINT('Origin',(-13.2997572513946,-12.1256790860959,10.));
#3055=CARTESIAN_POINT('',(-18.080767186922,-3.8512675009994,10.));
#3056=CARTESIAN_POINT('Origin',(-17.580767186922,-3.8512675009994,10.));
#3057=CARTESIAN_POINT('',(-17.651024752394,5.45508810082611,10.));
#3058=CARTESIAN_POINT('Origin',(-17.151024752394,5.45508810082611,10.));
#3059=CARTESIAN_POINT('',(-12.6256790860959,13.2997572513946,10.));
#3060=CARTESIAN_POINT('Origin',(-12.1256790860959,13.2997572513946,10.));
#3061=CARTESIAN_POINT('',(-4.3512675009994,17.580767186922,10.));
#3062=CARTESIAN_POINT('Origin',(-3.8512675009994,17.580767186922,10.));
#3063=CARTESIAN_POINT('',(4.95508810082611,17.151024752394,10.));
#3064=CARTESIAN_POINT('Origin',(5.45508810082611,17.151024752394,10.));
#3065=CARTESIAN_POINT('',(12.7997572513946,12.1256790860959,10.));
#3066=CARTESIAN_POINT('Origin',(13.2997572513946,12.1256790860959,10.));
#3067=CARTESIAN_POINT('',(14.4344063567769,1.41661983509191,10.));
#3068=CARTESIAN_POINT('Origin',(14.9344063567769,1.41661983509191,10.));
#3069=CARTESIAN_POINT('',(11.0619214996293,-9.55851851611555,10.));
#3070=CARTESIAN_POINT('Origin',(11.5619214996293,-9.55851851611555,10.));
#3071=CARTESIAN_POINT('',(0.916619835091913,-14.9344063567769,10.));
#3072=CARTESIAN_POINT('Origin',(1.41661983509191,-14.9344063567769,10.));
#3073=CARTESIAN_POINT('',(-10.0585185161155,-11.5619214996293,10.));
#3074=CARTESIAN_POINT('Origin',(-9.55851851611555,-11.5619214996293,10.));
#3075=CARTESIAN_POINT('',(-15.4344063567769,-1.41661983509191,10.));
#3076=CARTESIAN_POINT('Origin',(-14.9344063567769,-1.41661983509191,10.));
#3077=CARTESIAN_POINT('',(5.00000008195639,2.5000000372529,10.));
#3078=CARTESIAN_POINT('Origin',(5.50000008195639,2.5000000372529,10.));
#3079=CARTESIAN_POINT('',(-7.52393595593732,13.2554754223832,10.));
#3080=CARTESIAN_POINT('Origin',(-7.02393595593732,13.2554754223832,10.));
#3081=CARTESIAN_POINT('',(3.90636381395546,14.339709304082,10.));
#3082=CARTESIAN_POINT('Origin',(4.40636381395546,14.339709304082,10.));
#3083=CARTESIAN_POINT('',(7.68222327323877,8.7795991448326,10.));
#3084=CARTESIAN_POINT('Origin',(8.18222327323877,8.7795991448326,10.));
#3085=CARTESIAN_POINT('',(11.4938196531003,0.422408529721229,10.));
#3086=CARTESIAN_POINT('Origin',(11.9938196531003,0.422408529721229,10.));
#3087=CARTESIAN_POINT('',(8.2795991448326,-8.18222327323877,10.));
#3088=CARTESIAN_POINT('Origin',(8.7795991448326,-8.18222327323877,10.));
#3089=CARTESIAN_POINT('',(-0.0775914702787724,-11.9938196531003,10.));
#3090=CARTESIAN_POINT('Origin',(0.422408529721228,-11.9938196531003,10.));
#3091=CARTESIAN_POINT('',(-8.68222327323877,-8.77959914483261,10.));
#3092=CARTESIAN_POINT('Origin',(-8.18222327323877,-8.77959914483261,10.));
#3093=CARTESIAN_POINT('',(-12.4938196531003,-0.422408529721229,10.));
#3094=CARTESIAN_POINT('Origin',(-11.9938196531003,-0.422408529721229,10.));
#3095=CARTESIAN_POINT('',(-9.27959914483261,8.18222327323877,10.));
#3096=CARTESIAN_POINT('Origin',(-8.77959914483261,8.18222327323877,10.));
#3097=CARTESIAN_POINT('',(-0.922408529721229,11.9938196531003,10.));
#3098=CARTESIAN_POINT('Origin',(-0.422408529721229,11.9938196531003,10.));
#3099=CARTESIAN_POINT('',(8.48025592034479,-0.636396088843333,10.));
#3100=CARTESIAN_POINT('Origin',(8.98025592034479,-0.636396088843333,10.));
#3101=CARTESIAN_POINT('',(-1.13639608884333,-8.98025592034479,10.));
#3102=CARTESIAN_POINT('Origin',(-0.636396088843331,-8.98025592034479,10.));
#3103=CARTESIAN_POINT('',(-9.48025592034479,0.636396088843333,10.));
#3104=CARTESIAN_POINT('Origin',(-8.98025592034479,0.636396088843333,10.));
#3105=CARTESIAN_POINT('',(0.13639608884333,8.98025592034479,10.));
#3106=CARTESIAN_POINT('Origin',(0.636396088843331,8.98025592034479,10.));
#3107=CARTESIAN_POINT('',(5.15685433378608,-2.12132037516978,10.));
#3108=CARTESIAN_POINT('Origin',(5.65685433378608,-2.12132037516978,10.));
#3109=CARTESIAN_POINT('',(-2.62132037516978,-5.65685433378608,10.));
#3110=CARTESIAN_POINT('Origin',(-2.12132037516978,-5.65685433378608,10.));
#3111=CARTESIAN_POINT('',(-6.15685433378608,2.12132037516978,10.));
#3112=CARTESIAN_POINT('Origin',(-5.65685433378608,2.12132037516978,10.));
#3113=CARTESIAN_POINT('',(1.62132037516978,5.65685433378608,10.));
#3114=CARTESIAN_POINT('Origin',(2.12132037516978,5.65685433378608,10.));
#3115=CARTESIAN_POINT('',(-3.0000000372529,5.50000008195639,10.));
#3116=CARTESIAN_POINT('Origin',(-2.5000000372529,5.50000008195639,10.));
#3117=CARTESIAN_POINT('',(-6.00000008195639,-2.5000000372529,10.));
#3118=CARTESIAN_POINT('Origin',(-5.50000008195639,-2.5000000372529,10.));
#3119=CARTESIAN_POINT('',(2.0000000372529,-5.50000008195639,10.));
#3120=CARTESIAN_POINT('Origin',(2.5000000372529,-5.50000008195639,10.));
#3121=CARTESIAN_POINT('',(6.29999984800816,5.89999986812472,10.));
#3122=CARTESIAN_POINT('Origin',(6.79999984800816,5.89999986812472,10.));
#3123=CARTESIAN_POINT('',(-6.39999986812473,6.79999984800816,10.));
#3124=CARTESIAN_POINT('Origin',(-5.89999986812473,6.79999984800816,10.));
#3125=CARTESIAN_POINT('',(-7.29999984800816,-5.89999986812472,10.));
#3126=CARTESIAN_POINT('Origin',(-6.79999984800816,-5.89999986812472,10.));
#3127=CARTESIAN_POINT('',(5.39999986812472,-6.79999984800816,10.));
#3128=CARTESIAN_POINT('Origin',(5.89999986812472,-6.79999984800816,10.));
#3129=CARTESIAN_POINT('',(3.69958147704865,11.242493240145,10.));
#3130=CARTESIAN_POINT('Origin',(4.19958147704865,11.242493240145,10.));
#3131=CARTESIAN_POINT('',(-5.48009066698391,10.9191957481169,10.));
#3132=CARTESIAN_POINT('Origin',(-4.98009066698391,10.9191957481169,10.));
#3133=CARTESIAN_POINT('',(-11.742493240145,4.19958147704865,10.));
#3134=CARTESIAN_POINT('Origin',(-11.242493240145,4.19958147704865,10.));
#3135=CARTESIAN_POINT('',(-11.419195748117,-4.98009066698391,10.));
#3136=CARTESIAN_POINT('Origin',(-10.919195748117,-4.98009066698391,10.));
#3137=CARTESIAN_POINT('',(-4.69958147704865,-11.242493240145,10.));
#3138=CARTESIAN_POINT('Origin',(-4.19958147704865,-11.242493240145,10.));
#3139=CARTESIAN_POINT('',(4.48009066698391,-10.9191957481169,10.));
#3140=CARTESIAN_POINT('Origin',(4.98009066698391,-10.9191957481169,10.));
#3141=CARTESIAN_POINT('',(10.742493240145,-4.19958147704866,10.));
#3142=CARTESIAN_POINT('Origin',(11.242493240145,-4.19958147704866,10.));
#3143=CARTESIAN_POINT('',(10.419195748117,4.98009066698391,10.));
#3144=CARTESIAN_POINT('Origin',(10.919195748117,4.98009066698391,10.));
#3145=CARTESIAN_POINT('',(9.05851851611555,11.5619214996293,10.));
#3146=CARTESIAN_POINT('Origin',(9.55851851611554,11.5619214996293,10.));
#3147=CARTESIAN_POINT('',(-1.91661983509191,14.9344063567769,10.));
#3148=CARTESIAN_POINT('Origin',(-1.41661983509191,14.9344063567769,10.));
#3149=CARTESIAN_POINT('',(-12.0619214996293,9.55851851611554,10.));
#3150=CARTESIAN_POINT('Origin',(-11.5619214996293,9.55851851611554,10.));
#3151=CARTESIAN_POINT('',(-14.839709304082,4.40636381395546,10.));
#3152=CARTESIAN_POINT('Origin',(-14.339709304082,4.40636381395546,10.));
#3153=CARTESIAN_POINT('',(-13.7554754223832,-7.02393595593732,10.));
#3154=CARTESIAN_POINT('Origin',(-13.2554754223832,-7.02393595593732,10.));
#3155=CARTESIAN_POINT('',(-4.90636381395546,-14.339709304082,10.));
#3156=CARTESIAN_POINT('Origin',(-4.40636381395546,-14.339709304082,10.));
#3157=CARTESIAN_POINT('',(6.52393595593731,-13.2554754223832,10.));
#3158=CARTESIAN_POINT('Origin',(7.02393595593731,-13.2554754223832,10.));
#3159=CARTESIAN_POINT('',(13.839709304082,-4.40636381395546,10.));
#3160=CARTESIAN_POINT('Origin',(14.339709304082,-4.40636381395546,10.));
#3161=CARTESIAN_POINT('',(12.7554754223832,7.02393595593731,10.));
#3162=CARTESIAN_POINT('Origin',(13.2554754223832,7.02393595593731,10.));
#3163=CARTESIAN_POINT('',(9.20822233021445,15.1547370624545,10.));
#3164=CARTESIAN_POINT('Origin',(9.70822233021445,15.1547370624545,10.));
#3165=CARTESIAN_POINT('',(0.330198632325798,17.9784984488664,10.));
#3166=CARTESIAN_POINT('Origin',(0.830198632325798,17.9784984488664,10.));
#3167=CARTESIAN_POINT('',(-8.77027611865197,15.9849356947803,10.));
#3168=CARTESIAN_POINT('Origin',(-8.27027611865197,15.9849356947803,10.));
#3169=CARTESIAN_POINT('',(-15.6547370624545,9.70822233021445,10.));
#3170=CARTESIAN_POINT('Origin',(-15.1547370624545,9.70822233021445,10.));
#3171=CARTESIAN_POINT('',(-18.4784984488664,0.830198632325801,10.));
#3172=CARTESIAN_POINT('Origin',(-17.9784984488664,0.830198632325801,10.));
#3173=CARTESIAN_POINT('',(-16.4849356947803,-8.27027611865196,10.));
#3174=CARTESIAN_POINT('Origin',(-15.9849356947803,-8.27027611865196,10.));
#3175=CARTESIAN_POINT('',(-10.2082223302145,-15.1547370624545,10.));
#3176=CARTESIAN_POINT('Origin',(-9.70822233021446,-15.1547370624545,10.));
#3177=CARTESIAN_POINT('',(-1.33019863232581,-17.9784984488664,10.));
#3178=CARTESIAN_POINT('Origin',(-0.830198632325809,-17.9784984488664,10.));
#3179=CARTESIAN_POINT('',(7.77027611865195,-15.9849356947803,10.));
#3180=CARTESIAN_POINT('Origin',(8.27027611865196,-15.9849356947803,10.));
#3181=CARTESIAN_POINT('',(14.6547370624545,-9.70822233021446,10.));
#3182=CARTESIAN_POINT('Origin',(15.1547370624545,-9.70822233021446,10.));
#3183=CARTESIAN_POINT('',(17.4784984488664,-0.830198632325803,10.));
#3184=CARTESIAN_POINT('Origin',(17.9784984488664,-0.830198632325803,10.));
#3185=CARTESIAN_POINT('',(15.4849356947803,8.27027611865195,10.));
#3186=CARTESIAN_POINT('Origin',(15.9849356947803,8.27027611865195,10.));
#3187=CARTESIAN_POINT('Origin',(0.,0.,0.));
#3188=CARTESIAN_POINT('',(-35.,-4.28626379701574E-15,0.));
#3189=CARTESIAN_POINT('Origin',(0.,0.,10.));
#3190=CARTESIAN_POINT('',(-0.5,6.12323399573677E-17,10.));
#3191=CARTESIAN_POINT('Origin',(17.580767186922,3.85126750099939,10.));
#3192=CARTESIAN_POINT('',(17.080767186922,3.85126750099939,10.));
#3193=CARTESIAN_POINT('Origin',(17.151024752394,-5.45508810082612,10.));
#3194=CARTESIAN_POINT('',(16.651024752394,-5.45508810082612,10.));
#3195=CARTESIAN_POINT('Origin',(12.1256790860959,-13.2997572513946,10.));
#3196=CARTESIAN_POINT('',(11.6256790860959,-13.2997572513946,10.));
#3197=CARTESIAN_POINT('Origin',(3.8512675009994,-17.580767186922,10.));
#3198=CARTESIAN_POINT('',(3.3512675009994,-17.580767186922,10.));
#3199=CARTESIAN_POINT('Origin',(-5.45508810082611,-17.151024752394,10.));
#3200=CARTESIAN_POINT('',(-5.95508810082611,-17.151024752394,10.));
#3201=CARTESIAN_POINT('Origin',(-13.2997572513946,-12.1256790860959,10.));
#3202=CARTESIAN_POINT('',(-13.7997572513946,-12.1256790860959,10.));
#3203=CARTESIAN_POINT('Origin',(-17.580767186922,-3.8512675009994,10.));
#3204=CARTESIAN_POINT('',(-18.080767186922,-3.8512675009994,10.));
#3205=CARTESIAN_POINT('Origin',(-17.151024752394,5.45508810082611,10.));
#3206=CARTESIAN_POINT('',(-17.651024752394,5.45508810082611,10.));
#3207=CARTESIAN_POINT('Origin',(-12.1256790860959,13.2997572513946,10.));
#3208=CARTESIAN_POINT('',(-12.6256790860959,13.2997572513946,10.));
#3209=CARTESIAN_POINT('Origin',(-3.8512675009994,17.580767186922,10.));
#3210=CARTESIAN_POINT('',(-4.3512675009994,17.580767186922,10.));
#3211=CARTESIAN_POINT('Origin',(5.45508810082611,17.151024752394,10.));
#3212=CARTESIAN_POINT('',(4.95508810082611,17.151024752394,10.));
#3213=CARTESIAN_POINT('Origin',(13.2997572513946,12.1256790860959,10.));
#3214=CARTESIAN_POINT('',(12.7997572513946,12.1256790860959,10.));
#3215=CARTESIAN_POINT('Origin',(14.9344063567769,1.41661983509191,10.));
#3216=CARTESIAN_POINT('',(14.4344063567769,1.41661983509191,10.));
#3217=CARTESIAN_POINT('Origin',(11.5619214996293,-9.55851851611555,10.));
#3218=CARTESIAN_POINT('',(11.0619214996293,-9.55851851611555,10.));
#3219=CARTESIAN_POINT('Origin',(1.41661983509191,-14.9344063567769,10.));
#3220=CARTESIAN_POINT('',(0.916619835091913,-14.9344063567769,10.));
#3221=CARTESIAN_POINT('Origin',(-9.55851851611555,-11.5619214996293,10.));
#3222=CARTESIAN_POINT('',(-10.0585185161155,-11.5619214996293,10.));
#3223=CARTESIAN_POINT('Origin',(-14.9344063567769,-1.41661983509191,10.));
#3224=CARTESIAN_POINT('',(-15.4344063567769,-1.41661983509191,10.));
#3225=CARTESIAN_POINT('Origin',(5.50000008195639,2.5000000372529,10.));
#3226=CARTESIAN_POINT('',(5.00000008195639,2.5000000372529,10.));
#3227=CARTESIAN_POINT('Origin',(-7.02393595593732,13.2554754223832,10.));
#3228=CARTESIAN_POINT('',(-7.52393595593732,13.2554754223832,10.));
#3229=CARTESIAN_POINT('Origin',(4.40636381395546,14.339709304082,10.));
#3230=CARTESIAN_POINT('',(3.90636381395546,14.339709304082,10.));
#3231=CARTESIAN_POINT('Origin',(8.18222327323877,8.7795991448326,10.));
#3232=CARTESIAN_POINT('',(7.68222327323877,8.7795991448326,10.));
#3233=CARTESIAN_POINT('Origin',(11.9938196531003,0.422408529721229,10.));
#3234=CARTESIAN_POINT('',(11.4938196531003,0.422408529721229,10.));
#3235=CARTESIAN_POINT('Origin',(8.7795991448326,-8.18222327323877,10.));
#3236=CARTESIAN_POINT('',(8.2795991448326,-8.18222327323877,10.));
#3237=CARTESIAN_POINT('Origin',(0.422408529721228,-11.9938196531003,10.));
#3238=CARTESIAN_POINT('',(-0.0775914702787724,-11.9938196531003,10.));
#3239=CARTESIAN_POINT('Origin',(-8.18222327323877,-8.77959914483261,10.));
#3240=CARTESIAN_POINT('',(-8.68222327323877,-8.77959914483261,10.));
#3241=CARTESIAN_POINT('Origin',(-11.9938196531003,-0.422408529721229,10.));
#3242=CARTESIAN_POINT('',(-12.4938196531003,-0.422408529721229,10.));
#3243=CARTESIAN_POINT('Origin',(-8.77959914483261,8.18222327323877,10.));
#3244=CARTESIAN_POINT('',(-9.27959914483261,8.18222327323877,10.));
#3245=CARTESIAN_POINT('Origin',(-0.422408529721229,11.9938196531003,10.));
#3246=CARTESIAN_POINT('',(-0.922408529721229,11.9938196531003,10.));
#3247=CARTESIAN_POINT('Origin',(8.98025592034479,-0.636396088843333,10.));
#3248=CARTESIAN_POINT('',(8.48025592034479,-0.636396088843333,10.));
#3249=CARTESIAN_POINT('Origin',(-0.636396088843331,-8.98025592034479,10.));
#3250=CARTESIAN_POINT('',(-1.13639608884333,-8.98025592034479,10.));
#3251=CARTESIAN_POINT('Origin',(-8.98025592034479,0.636396088843333,10.));
#3252=CARTESIAN_POINT('',(-9.48025592034479,0.636396088843333,10.));
#3253=CARTESIAN_POINT('Origin',(0.636396088843331,8.98025592034479,10.));
#3254=CARTESIAN_POINT('',(0.13639608884333,8.98025592034479,10.));
#3255=CARTESIAN_POINT('Origin',(5.65685433378608,-2.12132037516978,10.));
#3256=CARTESIAN_POINT('',(5.15685433378608,-2.12132037516978,10.));
#3257=CARTESIAN_POINT('Origin',(-2.12132037516978,-5.65685433378608,10.));
#3258=CARTESIAN_POINT('',(-2.62132037516978,-5.65685433378608,10.));
#3259=CARTESIAN_POINT('Origin',(-5.65685433378608,2.12132037516978,10.));
#3260=CARTESIAN_POINT('',(-6.15685433378608,2.12132037516978,10.));
#3261=CARTESIAN_POINT('Origin',(2.12132037516978,5.65685433378608,10.));
#3262=CARTESIAN_POINT('',(1.62132037516978,5.65685433378608,10.));
#3263=CARTESIAN_POINT('Origin',(-2.5000000372529,5.50000008195639,10.));
#3264=CARTESIAN_POINT('',(-3.0000000372529,5.50000008195639,10.));
#3265=CARTESIAN_POINT('Origin',(-5.50000008195639,-2.5000000372529,10.));
#3266=CARTESIAN_POINT('',(-6.00000008195639,-2.5000000372529,10.));
#3267=CARTESIAN_POINT('Origin',(2.5000000372529,-5.50000008195639,10.));
#3268=CARTESIAN_POINT('',(2.0000000372529,-5.50000008195639,10.));
#3269=CARTESIAN_POINT('Origin',(6.79999984800816,5.89999986812472,10.));
#3270=CARTESIAN_POINT('',(6.29999984800816,5.89999986812472,10.));
#3271=CARTESIAN_POINT('Origin',(-5.89999986812473,6.79999984800816,10.));
#3272=CARTESIAN_POINT('',(-6.39999986812473,6.79999984800816,10.));
#3273=CARTESIAN_POINT('Origin',(-6.79999984800816,-5.89999986812472,10.));
#3274=CARTESIAN_POINT('',(-7.29999984800816,-5.89999986812472,10.));
#3275=CARTESIAN_POINT('Origin',(5.89999986812472,-6.79999984800816,10.));
#3276=CARTESIAN_POINT('',(5.39999986812472,-6.79999984800816,10.));
#3277=CARTESIAN_POINT('Origin',(4.19958147704865,11.242493240145,10.));
#3278=CARTESIAN_POINT('',(3.69958147704865,11.242493240145,10.));
#3279=CARTESIAN_POINT('Origin',(-4.98009066698391,10.9191957481169,10.));
#3280=CARTESIAN_POINT('',(-5.48009066698391,10.9191957481169,10.));
#3281=CARTESIAN_POINT('Origin',(-11.242493240145,4.19958147704865,10.));
#3282=CARTESIAN_POINT('',(-11.742493240145,4.19958147704865,10.));
#3283=CARTESIAN_POINT('Origin',(-10.919195748117,-4.98009066698391,10.));
#3284=CARTESIAN_POINT('',(-11.419195748117,-4.98009066698391,10.));
#3285=CARTESIAN_POINT('Origin',(-4.19958147704865,-11.242493240145,10.));
#3286=CARTESIAN_POINT('',(-4.69958147704865,-11.242493240145,10.));
#3287=CARTESIAN_POINT('Origin',(4.98009066698391,-10.9191957481169,10.));
#3288=CARTESIAN_POINT('',(4.48009066698391,-10.9191957481169,10.));
#3289=CARTESIAN_POINT('Origin',(11.242493240145,-4.19958147704866,10.));
#3290=CARTESIAN_POINT('',(10.742493240145,-4.19958147704866,10.));
#3291=CARTESIAN_POINT('Origin',(10.919195748117,4.98009066698391,10.));
#3292=CARTESIAN_POINT('',(10.419195748117,4.98009066698391,10.));
#3293=CARTESIAN_POINT('Origin',(9.55851851611554,11.5619214996293,10.));
#3294=CARTESIAN_POINT('',(9.05851851611555,11.5619214996293,10.));
#3295=CARTESIAN_POINT('Origin',(-1.41661983509191,14.9344063567769,10.));
#3296=CARTESIAN_POINT('',(-1.91661983509191,14.9344063567769,10.));
#3297=CARTESIAN_POINT('Origin',(-11.5619214996293,9.55851851611554,10.));
#3298=CARTESIAN_POINT('',(-12.0619214996293,9.55851851611554,10.));
#3299=CARTESIAN_POINT('Origin',(-14.339709304082,4.40636381395546,10.));
#3300=CARTESIAN_POINT('',(-14.839709304082,4.40636381395546,10.));
#3301=CARTESIAN_POINT('Origin',(-13.2554754223832,-7.02393595593732,10.));
#3302=CARTESIAN_POINT('',(-13.7554754223832,-7.02393595593732,10.));
#3303=CARTESIAN_POINT('Origin',(-4.40636381395546,-14.339709304082,10.));
#3304=CARTESIAN_POINT('',(-4.90636381395546,-14.339709304082,10.));
#3305=CARTESIAN_POINT('Origin',(7.02393595593731,-13.2554754223832,10.));
#3306=CARTESIAN_POINT('',(6.52393595593731,-13.2554754223832,10.));
#3307=CARTESIAN_POINT('Origin',(14.339709304082,-4.40636381395546,10.));
#3308=CARTESIAN_POINT('',(13.839709304082,-4.40636381395546,10.));
#3309=CARTESIAN_POINT('Origin',(13.2554754223832,7.02393595593731,10.));
#3310=CARTESIAN_POINT('',(12.7554754223832,7.02393595593731,10.));
#3311=CARTESIAN_POINT('Origin',(9.70822233021445,15.1547370624545,10.));
#3312=CARTESIAN_POINT('',(9.20822233021445,15.1547370624545,10.));
#3313=CARTESIAN_POINT('Origin',(0.830198632325798,17.9784984488664,10.));
#3314=CARTESIAN_POINT('',(0.330198632325798,17.9784984488664,10.));
#3315=CARTESIAN_POINT('Origin',(-8.27027611865197,15.9849356947803,10.));
#3316=CARTESIAN_POINT('',(-8.77027611865197,15.9849356947803,10.));
#3317=CARTESIAN_POINT('Origin',(-15.1547370624545,9.70822233021445,10.));
#3318=CARTESIAN_POINT('',(-15.6547370624545,9.70822233021445,10.));
#3319=CARTESIAN_POINT('Origin',(-17.9784984488664,0.830198632325801,10.));
#3320=CARTESIAN_POINT('',(-18.4784984488664,0.830198632325801,10.));
#3321=CARTESIAN_POINT('Origin',(-15.9849356947803,-8.27027611865196,10.));
#3322=CARTESIAN_POINT('',(-16.4849356947803,-8.27027611865196,10.));
#3323=CARTESIAN_POINT('Origin',(-9.70822233021446,-15.1547370624545,10.));
#3324=CARTESIAN_POINT('',(-10.2082223302145,-15.1547370624545,10.));
#3325=CARTESIAN_POINT('Origin',(-0.830198632325809,-17.9784984488664,10.));
#3326=CARTESIAN_POINT('',(-1.33019863232581,-17.9784984488664,10.));
#3327=CARTESIAN_POINT('Origin',(8.27027611865196,-15.9849356947803,10.));
#3328=CARTESIAN_POINT('',(7.77027611865195,-15.9849356947803,10.));
#3329=CARTESIAN_POINT('Origin',(15.1547370624545,-9.70822233021446,10.));
#3330=CARTESIAN_POINT('',(14.6547370624545,-9.70822233021446,10.));
#3331=CARTESIAN_POINT('Origin',(17.9784984488664,-0.830198632325803,10.));
#3332=CARTESIAN_POINT('',(17.4784984488664,-0.830198632325803,10.));
#3333=CARTESIAN_POINT('Origin',(15.9849356947803,8.27027611865195,10.));
#3334=CARTESIAN_POINT('',(15.4849356947803,8.27027611865195,10.));
#3335=UNCERTAINTY_MEASURE_WITH_UNIT(LENGTH_MEASURE(0.01),#3339,
'DISTANCE_ACCURACY_VALUE',
'Maximum model space distance between geometric entities at asserted c
onnectivities');
#3336=UNCERTAINTY_MEASURE_WITH_UNIT(LENGTH_MEASURE(0.01),#3339,
'DISTANCE_ACCURACY_VALUE',
'Maximum model space distance between geometric entities at asserted c
onnectivities');
#3337=(
GEOMETRIC_REPRESENTATION_CONTEXT(3)
GLOBAL_UNCERTAINTY_ASSIGNED_CONTEXT((#3335))
GLOBAL_UNIT_ASSIGNED_CONTEXT((#3339,#3341,#3342))
REPRESENTATION_CONTEXT('','3D')
);
#3338=(
GEOMETRIC_REPRESENTATION_CONTEXT(3)
GLOBAL_UNCERTAINTY_ASSIGNED_CONTEXT((#3336))
GLOBAL_UNIT_ASSIGNED_CONTEXT((#3339,#3341,#3342))
REPRESENTATION_CONTEXT('','3D')
);
#3339=(
LENGTH_UNIT()
NAMED_UNIT(*)
SI_UNIT(.MILLI.,.METRE.)
);
#3340=(
LENGTH_UNIT()
NAMED_UNIT(*)
SI_UNIT($,.METRE.)
);
#3341=(
NAMED_UNIT(*)
PLANE_ANGLE_UNIT()
SI_UNIT($,.RADIAN.)
);
#3342=(
NAMED_UNIT(*)
SI_UNIT($,.STERADIAN.)
SOLID_ANGLE_UNIT()
);
#3343=SHAPE_DEFINITION_REPRESENTATION(#3344,#3345);
#3344=PRODUCT_DEFINITION_SHAPE('',$,#3347);
#3345=SHAPE_REPRESENTATION('',(#1971),#3337);
#3346=PRODUCT_DEFINITION_CONTEXT('part definition',#3351,'design');
#3347=PRODUCT_DEFINITION('2026-09-28-23-01-12-467','Injector_Plate',#3348,
#3346);
#3348=PRODUCT_DEFINITION_FORMATION('',$,#3353);
#3349=PRODUCT_RELATED_PRODUCT_CATEGORY('Injector_Plate',
'Injector_Plate',(#3353));
#3350=APPLICATION_PROTOCOL_DEFINITION('international standard',
'automotive_design',2009,#3351);
#3351=APPLICATION_CONTEXT(
'Core Data for Automotive Mechanical Design Process');
#3352=PRODUCT_CONTEXT('part definition',#3351,'mechanical');
#3353=PRODUCT('2026-09-28-23-01-12-467','Injector_Plate',$,(#3352));
#3354=PRESENTATION_STYLE_ASSIGNMENT((#3355));
#3355=SURFACE_STYLE_USAGE(.BOTH.,#3356);
#3356=SURFACE_SIDE_STYLE('',(#3357));
#3357=SURFACE_STYLE_FILL_AREA(#3358);
#3358=FILL_AREA_STYLE('Steel - Satin',(#3359));
#3359=FILL_AREA_STYLE_COLOUR('Steel - Satin',#3360);
#3360=COLOUR_RGB('Steel - Satin',0.627450980392157,0.627450980392157,0.627450980392157);
ENDSEC;
END-ISO-10303-21;
