ISO-10303-21;
HEADER;
/* Generated by software containing ST-Developer
 * from STEP Tools, Inc. (www.steptools.com) 
 */

FILE_DESCRIPTION(
/* description */ (''),
/* implementation_level */ '2;1');

FILE_NAME(
/* name */ 'DfAM_Single_Piece_Engine.step',
/* time_stamp */ '2026-10-01T19:43:01+05:30',
/* author */ (''),
/* organization */ (''),
/* preprocessor_version */ 'ST-DEVELOPER v20.2',
/* originating_system */ 'Autodesk Translation Framework v15.15.0.0',
/* authorisation */ '');

FILE_SCHEMA (('AUTOMOTIVE_DESIGN { 1 0 10303 214 3 1 1 }'));
ENDSEC;

DATA;
#10=MECHANICAL_DESIGN_GEOMETRIC_PRESENTATION_REPRESENTATION('',(#13,#14),
#4967);
#11=SHAPE_REPRESENTATION_RELATIONSHIP('SRR','None',#4974,#12);
#12=ADVANCED_BREP_SHAPE_REPRESENTATION('',(#15,#16),#4966);
#13=STYLED_ITEM('',(#4983),#15);
#14=STYLED_ITEM('',(#4983),#16);
#15=MANIFOLD_SOLID_BREP('Body1',#2870);
#16=MANIFOLD_SOLID_BREP('Body3',#2871);
#17=FACE_BOUND('',#420,.T.);
#18=FACE_BOUND('',#421,.T.);
#19=FACE_BOUND('',#422,.T.);
#20=FACE_BOUND('',#423,.T.);
#21=FACE_BOUND('',#424,.T.);
#22=FACE_BOUND('',#503,.T.);
#23=FACE_BOUND('',#504,.T.);
#24=FACE_BOUND('',#505,.T.);
#25=FACE_BOUND('',#506,.T.);
#26=FACE_BOUND('',#507,.T.);
#27=FACE_BOUND('',#508,.T.);
#28=FACE_BOUND('',#509,.T.);
#29=FACE_BOUND('',#510,.T.);
#30=FACE_BOUND('',#511,.T.);
#31=FACE_BOUND('',#512,.T.);
#32=FACE_BOUND('',#513,.T.);
#33=FACE_BOUND('',#514,.T.);
#34=FACE_BOUND('',#515,.T.);
#35=FACE_BOUND('',#516,.T.);
#36=FACE_BOUND('',#517,.T.);
#37=FACE_BOUND('',#518,.T.);
#38=FACE_BOUND('',#519,.T.);
#39=FACE_BOUND('',#520,.T.);
#40=FACE_BOUND('',#521,.T.);
#41=FACE_BOUND('',#522,.T.);
#42=FACE_BOUND('',#523,.T.);
#43=FACE_BOUND('',#524,.T.);
#44=FACE_BOUND('',#525,.T.);
#45=FACE_BOUND('',#526,.T.);
#46=FACE_BOUND('',#527,.T.);
#47=FACE_BOUND('',#528,.T.);
#48=FACE_BOUND('',#529,.T.);
#49=FACE_BOUND('',#530,.T.);
#50=FACE_BOUND('',#531,.T.);
#51=FACE_BOUND('',#532,.T.);
#52=FACE_BOUND('',#533,.T.);
#53=FACE_BOUND('',#534,.T.);
#54=FACE_BOUND('',#535,.T.);
#55=FACE_BOUND('',#536,.T.);
#56=FACE_BOUND('',#537,.T.);
#57=FACE_BOUND('',#538,.T.);
#58=FACE_BOUND('',#539,.T.);
#59=FACE_BOUND('',#540,.T.);
#60=FACE_BOUND('',#541,.T.);
#61=FACE_BOUND('',#542,.T.);
#62=FACE_BOUND('',#543,.T.);
#63=FACE_BOUND('',#544,.T.);
#64=FACE_BOUND('',#545,.T.);
#65=FACE_BOUND('',#546,.T.);
#66=FACE_BOUND('',#547,.T.);
#67=FACE_BOUND('',#548,.T.);
#68=FACE_BOUND('',#549,.T.);
#69=FACE_BOUND('',#550,.T.);
#70=FACE_BOUND('',#551,.T.);
#71=FACE_BOUND('',#552,.T.);
#72=FACE_BOUND('',#553,.T.);
#73=FACE_BOUND('',#554,.T.);
#74=FACE_BOUND('',#555,.T.);
#75=FACE_BOUND('',#556,.T.);
#76=FACE_BOUND('',#557,.T.);
#77=FACE_BOUND('',#558,.T.);
#78=FACE_BOUND('',#559,.T.);
#79=FACE_BOUND('',#560,.T.);
#80=FACE_BOUND('',#561,.T.);
#81=FACE_BOUND('',#562,.T.);
#82=FACE_BOUND('',#563,.T.);
#83=FACE_BOUND('',#564,.T.);
#84=FACE_BOUND('',#565,.T.);
#85=FACE_BOUND('',#566,.T.);
#86=FACE_BOUND('',#567,.T.);
#87=FACE_BOUND('',#568,.T.);
#88=FACE_BOUND('',#569,.T.);
#89=FACE_BOUND('',#570,.T.);
#90=FACE_BOUND('',#571,.T.);
#91=FACE_BOUND('',#572,.T.);
#92=FACE_BOUND('',#573,.T.);
#93=FACE_BOUND('',#574,.T.);
#94=FACE_BOUND('',#575,.T.);
#95=FACE_BOUND('',#577,.T.);
#96=FACE_BOUND('',#578,.T.);
#97=FACE_BOUND('',#579,.T.);
#98=FACE_BOUND('',#580,.T.);
#99=FACE_BOUND('',#581,.T.);
#100=FACE_BOUND('',#582,.T.);
#101=FACE_BOUND('',#583,.T.);
#102=FACE_BOUND('',#584,.T.);
#103=FACE_BOUND('',#585,.T.);
#104=FACE_BOUND('',#586,.T.);
#105=FACE_BOUND('',#587,.T.);
#106=FACE_BOUND('',#588,.T.);
#107=FACE_BOUND('',#589,.T.);
#108=FACE_BOUND('',#590,.T.);
#109=FACE_BOUND('',#591,.T.);
#110=FACE_BOUND('',#592,.T.);
#111=FACE_BOUND('',#593,.T.);
#112=FACE_BOUND('',#594,.T.);
#113=FACE_BOUND('',#595,.T.);
#114=FACE_BOUND('',#596,.T.);
#115=FACE_BOUND('',#597,.T.);
#116=FACE_BOUND('',#598,.T.);
#117=FACE_BOUND('',#599,.T.);
#118=FACE_BOUND('',#600,.T.);
#119=FACE_BOUND('',#601,.T.);
#120=FACE_BOUND('',#602,.T.);
#121=FACE_BOUND('',#603,.T.);
#122=FACE_BOUND('',#604,.T.);
#123=FACE_BOUND('',#605,.T.);
#124=FACE_BOUND('',#606,.T.);
#125=FACE_BOUND('',#607,.T.);
#126=FACE_BOUND('',#608,.T.);
#127=FACE_BOUND('',#609,.T.);
#128=FACE_BOUND('',#610,.T.);
#129=FACE_BOUND('',#611,.T.);
#130=FACE_BOUND('',#612,.T.);
#131=FACE_BOUND('',#613,.T.);
#132=FACE_BOUND('',#614,.T.);
#133=FACE_BOUND('',#615,.T.);
#134=FACE_BOUND('',#616,.T.);
#135=FACE_BOUND('',#617,.T.);
#136=FACE_BOUND('',#618,.T.);
#137=FACE_BOUND('',#619,.T.);
#138=FACE_BOUND('',#620,.T.);
#139=FACE_BOUND('',#621,.T.);
#140=FACE_BOUND('',#622,.T.);
#141=FACE_BOUND('',#623,.T.);
#142=FACE_BOUND('',#624,.T.);
#143=FACE_BOUND('',#625,.T.);
#144=FACE_BOUND('',#626,.T.);
#145=FACE_BOUND('',#627,.T.);
#146=FACE_BOUND('',#628,.T.);
#147=FACE_BOUND('',#629,.T.);
#148=FACE_BOUND('',#630,.T.);
#149=FACE_BOUND('',#631,.T.);
#150=FACE_BOUND('',#632,.T.);
#151=FACE_BOUND('',#633,.T.);
#152=FACE_BOUND('',#634,.T.);
#153=FACE_BOUND('',#635,.T.);
#154=FACE_BOUND('',#636,.T.);
#155=FACE_BOUND('',#637,.T.);
#156=FACE_BOUND('',#638,.T.);
#157=FACE_BOUND('',#639,.T.);
#158=FACE_BOUND('',#640,.T.);
#159=FACE_BOUND('',#641,.T.);
#160=FACE_BOUND('',#642,.T.);
#161=FACE_BOUND('',#643,.T.);
#162=FACE_BOUND('',#644,.T.);
#163=FACE_BOUND('',#645,.T.);
#164=FACE_BOUND('',#646,.T.);
#165=FACE_BOUND('',#647,.T.);
#166=FACE_BOUND('',#648,.T.);
#167=FACE_BOUND('',#649,.T.);
#168=PLANE('',#2902);
#169=PLANE('',#2903);
#170=PLANE('',#2904);
#171=PLANE('',#2919);
#172=PLANE('',#2920);
#173=PLANE('',#2921);
#174=PLANE('',#2936);
#175=PLANE('',#2937);
#176=PLANE('',#2938);
#177=PLANE('',#2953);
#178=PLANE('',#2954);
#179=PLANE('',#2955);
#180=PLANE('',#2970);
#181=PLANE('',#2971);
#182=PLANE('',#2972);
#183=PLANE('',#2987);
#184=PLANE('',#2988);
#185=PLANE('',#2989);
#186=PLANE('',#3228);
#187=PLANE('',#3229);
#188=CONICAL_SURFACE('',#2891,36.2720667856773,0.521853446346305);
#189=CONICAL_SURFACE('',#2896,39.169790711719,0.521853446346304);
#190=CONICAL_SURFACE('',#2898,26.2468228318509,0.262846585350346);
#191=CONICAL_SURFACE('',#2900,23.4006175127487,0.262846585350346);
#192=CONICAL_SURFACE('',#2908,39.169790711719,0.521853446346304);
#193=CONICAL_SURFACE('',#2910,26.2468228318509,0.262846585350346);
#194=CONICAL_SURFACE('',#2912,23.4006175127487,0.262846585350346);
#195=CONICAL_SURFACE('',#2915,36.2720667856773,0.521853446346305);
#196=CONICAL_SURFACE('',#2925,39.169790711719,0.521853446346304);
#197=CONICAL_SURFACE('',#2927,26.2468228318509,0.262846585350346);
#198=CONICAL_SURFACE('',#2929,23.4006175127487,0.262846585350346);
#199=CONICAL_SURFACE('',#2932,36.2720667856773,0.521853446346305);
#200=CONICAL_SURFACE('',#2942,39.169790711719,0.521853446346304);
#201=CONICAL_SURFACE('',#2944,26.2468228318509,0.262846585350346);
#202=CONICAL_SURFACE('',#2946,23.4006175127487,0.262846585350346);
#203=CONICAL_SURFACE('',#2949,36.2720667856773,0.521853446346305);
#204=CONICAL_SURFACE('',#2959,39.169790711719,0.521853446346304);
#205=CONICAL_SURFACE('',#2961,26.2468228318509,0.262846585350346);
#206=CONICAL_SURFACE('',#2963,23.4006175127487,0.262846585350346);
#207=CONICAL_SURFACE('',#2966,36.2720667856773,0.521853446346305);
#208=CONICAL_SURFACE('',#2976,39.169790711719,0.521853446346304);
#209=CONICAL_SURFACE('',#2978,26.2468228318509,0.262846585350346);
#210=CONICAL_SURFACE('',#2980,23.4006175127487,0.262846585350346);
#211=CONICAL_SURFACE('',#2983,36.2720667856773,0.521853446346305);
#212=CONICAL_SURFACE('',#2990,43.5,0.249252141385214);
#213=CONICAL_SURFACE('',#2995,41.5845606500871,0.521853446346304);
#214=CONICAL_SURFACE('',#2997,28.6186605977693,0.262846585350346);
#215=CONICAL_SURFACE('',#2999,17.6884099782234,1.30794974144455);
#216=CONICAL_SURFACE('',#3001,21.9775148531976,0.262846585350346);
#217=CONICAL_SURFACE('',#3003,34.8232048226565,0.521853446346304);
#218=B_SPLINE_SURFACE_WITH_KNOTS('',3,3,((#4150,#4151,#4152,#4153),(#4154,
#4155,#4156,#4157),(#4158,#4159,#4160,#4161),(#4162,#4163,#4164,#4165),
(#4166,#4167,#4168,#4169)),.UNSPECIFIED.,.F.,.F.,.F.,(4,1,4),(4,4),(0.,
0.571428571428571,1.),(1.61847451451862,4.11408093953833),.UNSPECIFIED.);
#219=FACE_OUTER_BOUND('',#359,.T.);
#220=FACE_OUTER_BOUND('',#360,.T.);
#221=FACE_OUTER_BOUND('',#361,.T.);
#222=FACE_OUTER_BOUND('',#362,.T.);
#223=FACE_OUTER_BOUND('',#363,.T.);
#224=FACE_OUTER_BOUND('',#364,.T.);
#225=FACE_OUTER_BOUND('',#365,.T.);
#226=FACE_OUTER_BOUND('',#366,.T.);
#227=FACE_OUTER_BOUND('',#367,.T.);
#228=FACE_OUTER_BOUND('',#368,.T.);
#229=FACE_OUTER_BOUND('',#369,.T.);
#230=FACE_OUTER_BOUND('',#370,.T.);
#231=FACE_OUTER_BOUND('',#371,.T.);
#232=FACE_OUTER_BOUND('',#372,.T.);
#233=FACE_OUTER_BOUND('',#373,.T.);
#234=FACE_OUTER_BOUND('',#374,.T.);
#235=FACE_OUTER_BOUND('',#375,.T.);
#236=FACE_OUTER_BOUND('',#376,.T.);
#237=FACE_OUTER_BOUND('',#377,.T.);
#238=FACE_OUTER_BOUND('',#378,.T.);
#239=FACE_OUTER_BOUND('',#379,.T.);
#240=FACE_OUTER_BOUND('',#380,.T.);
#241=FACE_OUTER_BOUND('',#381,.T.);
#242=FACE_OUTER_BOUND('',#382,.T.);
#243=FACE_OUTER_BOUND('',#383,.T.);
#244=FACE_OUTER_BOUND('',#384,.T.);
#245=FACE_OUTER_BOUND('',#385,.T.);
#246=FACE_OUTER_BOUND('',#386,.T.);
#247=FACE_OUTER_BOUND('',#387,.T.);
#248=FACE_OUTER_BOUND('',#388,.T.);
#249=FACE_OUTER_BOUND('',#389,.T.);
#250=FACE_OUTER_BOUND('',#390,.T.);
#251=FACE_OUTER_BOUND('',#391,.T.);
#252=FACE_OUTER_BOUND('',#392,.T.);
#253=FACE_OUTER_BOUND('',#393,.T.);
#254=FACE_OUTER_BOUND('',#394,.T.);
#255=FACE_OUTER_BOUND('',#395,.T.);
#256=FACE_OUTER_BOUND('',#396,.T.);
#257=FACE_OUTER_BOUND('',#397,.T.);
#258=FACE_OUTER_BOUND('',#398,.T.);
#259=FACE_OUTER_BOUND('',#399,.T.);
#260=FACE_OUTER_BOUND('',#400,.T.);
#261=FACE_OUTER_BOUND('',#401,.T.);
#262=FACE_OUTER_BOUND('',#402,.T.);
#263=FACE_OUTER_BOUND('',#403,.T.);
#264=FACE_OUTER_BOUND('',#404,.T.);
#265=FACE_OUTER_BOUND('',#405,.T.);
#266=FACE_OUTER_BOUND('',#406,.T.);
#267=FACE_OUTER_BOUND('',#407,.T.);
#268=FACE_OUTER_BOUND('',#408,.T.);
#269=FACE_OUTER_BOUND('',#409,.T.);
#270=FACE_OUTER_BOUND('',#410,.T.);
#271=FACE_OUTER_BOUND('',#411,.T.);
#272=FACE_OUTER_BOUND('',#412,.T.);
#273=FACE_OUTER_BOUND('',#413,.T.);
#274=FACE_OUTER_BOUND('',#414,.T.);
#275=FACE_OUTER_BOUND('',#415,.T.);
#276=FACE_OUTER_BOUND('',#416,.T.);
#277=FACE_OUTER_BOUND('',#417,.T.);
#278=FACE_OUTER_BOUND('',#418,.T.);
#279=FACE_OUTER_BOUND('',#419,.T.);
#280=FACE_OUTER_BOUND('',#425,.T.);
#281=FACE_OUTER_BOUND('',#426,.T.);
#282=FACE_OUTER_BOUND('',#427,.T.);
#283=FACE_OUTER_BOUND('',#428,.T.);
#284=FACE_OUTER_BOUND('',#429,.T.);
#285=FACE_OUTER_BOUND('',#430,.T.);
#286=FACE_OUTER_BOUND('',#431,.T.);
#287=FACE_OUTER_BOUND('',#432,.T.);
#288=FACE_OUTER_BOUND('',#433,.T.);
#289=FACE_OUTER_BOUND('',#434,.T.);
#290=FACE_OUTER_BOUND('',#435,.T.);
#291=FACE_OUTER_BOUND('',#436,.T.);
#292=FACE_OUTER_BOUND('',#437,.T.);
#293=FACE_OUTER_BOUND('',#438,.T.);
#294=FACE_OUTER_BOUND('',#439,.T.);
#295=FACE_OUTER_BOUND('',#440,.T.);
#296=FACE_OUTER_BOUND('',#441,.T.);
#297=FACE_OUTER_BOUND('',#442,.T.);
#298=FACE_OUTER_BOUND('',#443,.T.);
#299=FACE_OUTER_BOUND('',#444,.T.);
#300=FACE_OUTER_BOUND('',#445,.T.);
#301=FACE_OUTER_BOUND('',#446,.T.);
#302=FACE_OUTER_BOUND('',#447,.T.);
#303=FACE_OUTER_BOUND('',#448,.T.);
#304=FACE_OUTER_BOUND('',#449,.T.);
#305=FACE_OUTER_BOUND('',#450,.T.);
#306=FACE_OUTER_BOUND('',#451,.T.);
#307=FACE_OUTER_BOUND('',#452,.T.);
#308=FACE_OUTER_BOUND('',#453,.T.);
#309=FACE_OUTER_BOUND('',#454,.T.);
#310=FACE_OUTER_BOUND('',#455,.T.);
#311=FACE_OUTER_BOUND('',#456,.T.);
#312=FACE_OUTER_BOUND('',#457,.T.);
#313=FACE_OUTER_BOUND('',#458,.T.);
#314=FACE_OUTER_BOUND('',#459,.T.);
#315=FACE_OUTER_BOUND('',#460,.T.);
#316=FACE_OUTER_BOUND('',#461,.T.);
#317=FACE_OUTER_BOUND('',#462,.T.);
#318=FACE_OUTER_BOUND('',#463,.T.);
#319=FACE_OUTER_BOUND('',#464,.T.);
#320=FACE_OUTER_BOUND('',#465,.T.);
#321=FACE_OUTER_BOUND('',#466,.T.);
#322=FACE_OUTER_BOUND('',#467,.T.);
#323=FACE_OUTER_BOUND('',#468,.T.);
#324=FACE_OUTER_BOUND('',#469,.T.);
#325=FACE_OUTER_BOUND('',#470,.T.);
#326=FACE_OUTER_BOUND('',#471,.T.);
#327=FACE_OUTER_BOUND('',#472,.T.);
#328=FACE_OUTER_BOUND('',#473,.T.);
#329=FACE_OUTER_BOUND('',#474,.T.);
#330=FACE_OUTER_BOUND('',#475,.T.);
#331=FACE_OUTER_BOUND('',#476,.T.);
#332=FACE_OUTER_BOUND('',#477,.T.);
#333=FACE_OUTER_BOUND('',#478,.T.);
#334=FACE_OUTER_BOUND('',#479,.T.);
#335=FACE_OUTER_BOUND('',#480,.T.);
#336=FACE_OUTER_BOUND('',#481,.T.);
#337=FACE_OUTER_BOUND('',#482,.T.);
#338=FACE_OUTER_BOUND('',#483,.T.);
#339=FACE_OUTER_BOUND('',#484,.T.);
#340=FACE_OUTER_BOUND('',#485,.T.);
#341=FACE_OUTER_BOUND('',#486,.T.);
#342=FACE_OUTER_BOUND('',#487,.T.);
#343=FACE_OUTER_BOUND('',#488,.T.);
#344=FACE_OUTER_BOUND('',#489,.T.);
#345=FACE_OUTER_BOUND('',#490,.T.);
#346=FACE_OUTER_BOUND('',#491,.T.);
#347=FACE_OUTER_BOUND('',#492,.T.);
#348=FACE_OUTER_BOUND('',#493,.T.);
#349=FACE_OUTER_BOUND('',#494,.T.);
#350=FACE_OUTER_BOUND('',#495,.T.);
#351=FACE_OUTER_BOUND('',#496,.T.);
#352=FACE_OUTER_BOUND('',#497,.T.);
#353=FACE_OUTER_BOUND('',#498,.T.);
#354=FACE_OUTER_BOUND('',#499,.T.);
#355=FACE_OUTER_BOUND('',#500,.T.);
#356=FACE_OUTER_BOUND('',#501,.T.);
#357=FACE_OUTER_BOUND('',#502,.T.);
#358=FACE_OUTER_BOUND('',#576,.T.);
#359=EDGE_LOOP('',(#1863,#1864,#1865,#1866));
#360=EDGE_LOOP('',(#1867,#1868,#1869,#1870,#1871));
#361=EDGE_LOOP('',(#1872,#1873,#1874,#1875,#1876));
#362=EDGE_LOOP('',(#1877,#1878,#1879,#1880));
#363=EDGE_LOOP('',(#1881,#1882,#1883,#1884));
#364=EDGE_LOOP('',(#1885,#1886,#1887,#1888));
#365=EDGE_LOOP('',(#1889,#1890,#1891,#1892));
#366=EDGE_LOOP('',(#1893,#1894,#1895,#1896,#1897));
#367=EDGE_LOOP('',(#1898,#1899,#1900,#1901,#1902));
#368=EDGE_LOOP('',(#1903,#1904,#1905,#1906,#1907,#1908,#1909,#1910));
#369=EDGE_LOOP('',(#1911,#1912,#1913,#1914,#1915,#1916,#1917,#1918));
#370=EDGE_LOOP('',(#1919,#1920,#1921,#1922));
#371=EDGE_LOOP('',(#1923,#1924,#1925,#1926));
#372=EDGE_LOOP('',(#1927,#1928,#1929,#1930));
#373=EDGE_LOOP('',(#1931,#1932,#1933,#1934));
#374=EDGE_LOOP('',(#1935,#1936,#1937,#1938));
#375=EDGE_LOOP('',(#1939,#1940,#1941,#1942));
#376=EDGE_LOOP('',(#1943,#1944,#1945,#1946));
#377=EDGE_LOOP('',(#1947,#1948,#1949,#1950,#1951,#1952,#1953,#1954));
#378=EDGE_LOOP('',(#1955,#1956,#1957,#1958,#1959,#1960,#1961,#1962));
#379=EDGE_LOOP('',(#1963,#1964,#1965,#1966));
#380=EDGE_LOOP('',(#1967,#1968,#1969,#1970));
#381=EDGE_LOOP('',(#1971,#1972,#1973,#1974));
#382=EDGE_LOOP('',(#1975,#1976,#1977,#1978));
#383=EDGE_LOOP('',(#1979,#1980,#1981,#1982));
#384=EDGE_LOOP('',(#1983,#1984,#1985,#1986));
#385=EDGE_LOOP('',(#1987,#1988,#1989,#1990));
#386=EDGE_LOOP('',(#1991,#1992,#1993,#1994,#1995,#1996,#1997,#1998));
#387=EDGE_LOOP('',(#1999,#2000,#2001,#2002,#2003,#2004,#2005,#2006));
#388=EDGE_LOOP('',(#2007,#2008,#2009,#2010));
#389=EDGE_LOOP('',(#2011,#2012,#2013,#2014));
#390=EDGE_LOOP('',(#2015,#2016,#2017,#2018));
#391=EDGE_LOOP('',(#2019,#2020,#2021,#2022));
#392=EDGE_LOOP('',(#2023,#2024,#2025,#2026));
#393=EDGE_LOOP('',(#2027,#2028,#2029,#2030));
#394=EDGE_LOOP('',(#2031,#2032,#2033,#2034));
#395=EDGE_LOOP('',(#2035,#2036,#2037,#2038,#2039,#2040,#2041,#2042));
#396=EDGE_LOOP('',(#2043,#2044,#2045,#2046,#2047,#2048,#2049,#2050));
#397=EDGE_LOOP('',(#2051,#2052,#2053,#2054));
#398=EDGE_LOOP('',(#2055,#2056,#2057,#2058));
#399=EDGE_LOOP('',(#2059,#2060,#2061,#2062));
#400=EDGE_LOOP('',(#2063,#2064,#2065,#2066));
#401=EDGE_LOOP('',(#2067,#2068,#2069,#2070));
#402=EDGE_LOOP('',(#2071,#2072,#2073,#2074));
#403=EDGE_LOOP('',(#2075,#2076,#2077,#2078));
#404=EDGE_LOOP('',(#2079,#2080,#2081,#2082,#2083,#2084,#2085,#2086));
#405=EDGE_LOOP('',(#2087,#2088,#2089,#2090,#2091,#2092,#2093,#2094));
#406=EDGE_LOOP('',(#2095,#2096,#2097,#2098));
#407=EDGE_LOOP('',(#2099,#2100,#2101,#2102));
#408=EDGE_LOOP('',(#2103,#2104,#2105,#2106));
#409=EDGE_LOOP('',(#2107,#2108,#2109,#2110));
#410=EDGE_LOOP('',(#2111,#2112,#2113,#2114));
#411=EDGE_LOOP('',(#2115,#2116,#2117,#2118));
#412=EDGE_LOOP('',(#2119,#2120,#2121,#2122));
#413=EDGE_LOOP('',(#2123,#2124,#2125,#2126,#2127,#2128,#2129,#2130));
#414=EDGE_LOOP('',(#2131,#2132,#2133,#2134,#2135,#2136,#2137,#2138));
#415=EDGE_LOOP('',(#2139,#2140,#2141,#2142));
#416=EDGE_LOOP('',(#2143,#2144,#2145,#2146));
#417=EDGE_LOOP('',(#2147,#2148,#2149,#2150));
#418=EDGE_LOOP('',(#2151,#2152,#2153,#2154));
#419=EDGE_LOOP('',(#2155,#2156,#2157,#2158,#2159,#2160,#2161,#2162,#2163,
#2164));
#420=EDGE_LOOP('',(#2165,#2166,#2167,#2168));
#421=EDGE_LOOP('',(#2169,#2170,#2171,#2172));
#422=EDGE_LOOP('',(#2173,#2174,#2175,#2176));
#423=EDGE_LOOP('',(#2177,#2178,#2179,#2180));
#424=EDGE_LOOP('',(#2181,#2182,#2183,#2184));
#425=EDGE_LOOP('',(#2185,#2186,#2187,#2188));
#426=EDGE_LOOP('',(#2189,#2190,#2191,#2192));
#427=EDGE_LOOP('',(#2193,#2194,#2195,#2196));
#428=EDGE_LOOP('',(#2197,#2198,#2199,#2200));
#429=EDGE_LOOP('',(#2201,#2202,#2203,#2204));
#430=EDGE_LOOP('',(#2205,#2206,#2207,#2208));
#431=EDGE_LOOP('',(#2209,#2210,#2211,#2212));
#432=EDGE_LOOP('',(#2213,#2214,#2215,#2216));
#433=EDGE_LOOP('',(#2217,#2218,#2219,#2220));
#434=EDGE_LOOP('',(#2221,#2222,#2223,#2224));
#435=EDGE_LOOP('',(#2225,#2226,#2227,#2228));
#436=EDGE_LOOP('',(#2229,#2230,#2231,#2232));
#437=EDGE_LOOP('',(#2233,#2234,#2235,#2236));
#438=EDGE_LOOP('',(#2237,#2238,#2239,#2240));
#439=EDGE_LOOP('',(#2241,#2242,#2243,#2244));
#440=EDGE_LOOP('',(#2245,#2246,#2247,#2248));
#441=EDGE_LOOP('',(#2249,#2250,#2251,#2252));
#442=EDGE_LOOP('',(#2253,#2254,#2255,#2256));
#443=EDGE_LOOP('',(#2257,#2258,#2259,#2260));
#444=EDGE_LOOP('',(#2261,#2262,#2263,#2264));
#445=EDGE_LOOP('',(#2265,#2266,#2267,#2268));
#446=EDGE_LOOP('',(#2269,#2270,#2271,#2272));
#447=EDGE_LOOP('',(#2273,#2274,#2275,#2276));
#448=EDGE_LOOP('',(#2277,#2278,#2279,#2280));
#449=EDGE_LOOP('',(#2281,#2282,#2283,#2284));
#450=EDGE_LOOP('',(#2285,#2286,#2287,#2288));
#451=EDGE_LOOP('',(#2289,#2290,#2291,#2292));
#452=EDGE_LOOP('',(#2293,#2294,#2295,#2296));
#453=EDGE_LOOP('',(#2297,#2298,#2299,#2300));
#454=EDGE_LOOP('',(#2301,#2302,#2303,#2304));
#455=EDGE_LOOP('',(#2305,#2306,#2307,#2308));
#456=EDGE_LOOP('',(#2309,#2310,#2311,#2312));
#457=EDGE_LOOP('',(#2313,#2314,#2315,#2316));
#458=EDGE_LOOP('',(#2317,#2318,#2319,#2320));
#459=EDGE_LOOP('',(#2321,#2322,#2323,#2324));
#460=EDGE_LOOP('',(#2325,#2326,#2327,#2328));
#461=EDGE_LOOP('',(#2329,#2330,#2331,#2332));
#462=EDGE_LOOP('',(#2333,#2334,#2335,#2336));
#463=EDGE_LOOP('',(#2337,#2338,#2339,#2340));
#464=EDGE_LOOP('',(#2341,#2342,#2343,#2344));
#465=EDGE_LOOP('',(#2345,#2346,#2347,#2348));
#466=EDGE_LOOP('',(#2349,#2350,#2351,#2352));
#467=EDGE_LOOP('',(#2353,#2354,#2355,#2356));
#468=EDGE_LOOP('',(#2357,#2358,#2359,#2360));
#469=EDGE_LOOP('',(#2361,#2362,#2363,#2364));
#470=EDGE_LOOP('',(#2365,#2366,#2367,#2368));
#471=EDGE_LOOP('',(#2369,#2370,#2371,#2372));
#472=EDGE_LOOP('',(#2373,#2374,#2375,#2376));
#473=EDGE_LOOP('',(#2377,#2378,#2379,#2380));
#474=EDGE_LOOP('',(#2381,#2382,#2383,#2384));
#475=EDGE_LOOP('',(#2385,#2386,#2387,#2388));
#476=EDGE_LOOP('',(#2389,#2390,#2391,#2392));
#477=EDGE_LOOP('',(#2393,#2394,#2395,#2396));
#478=EDGE_LOOP('',(#2397,#2398,#2399,#2400));
#479=EDGE_LOOP('',(#2401,#2402,#2403,#2404));
#480=EDGE_LOOP('',(#2405,#2406,#2407,#2408));
#481=EDGE_LOOP('',(#2409,#2410,#2411,#2412));
#482=EDGE_LOOP('',(#2413,#2414,#2415,#2416));
#483=EDGE_LOOP('',(#2417,#2418,#2419,#2420));
#484=EDGE_LOOP('',(#2421,#2422,#2423,#2424));
#485=EDGE_LOOP('',(#2425,#2426,#2427,#2428));
#486=EDGE_LOOP('',(#2429,#2430,#2431,#2432));
#487=EDGE_LOOP('',(#2433,#2434,#2435,#2436));
#488=EDGE_LOOP('',(#2437,#2438,#2439,#2440));
#489=EDGE_LOOP('',(#2441,#2442,#2443,#2444));
#490=EDGE_LOOP('',(#2445,#2446,#2447,#2448));
#491=EDGE_LOOP('',(#2449,#2450,#2451,#2452));
#492=EDGE_LOOP('',(#2453,#2454,#2455,#2456));
#493=EDGE_LOOP('',(#2457,#2458,#2459,#2460));
#494=EDGE_LOOP('',(#2461,#2462,#2463,#2464));
#495=EDGE_LOOP('',(#2465,#2466,#2467,#2468));
#496=EDGE_LOOP('',(#2469,#2470,#2471,#2472));
#497=EDGE_LOOP('',(#2473,#2474,#2475,#2476));
#498=EDGE_LOOP('',(#2477,#2478,#2479,#2480));
#499=EDGE_LOOP('',(#2481,#2482,#2483,#2484));
#500=EDGE_LOOP('',(#2485,#2486,#2487,#2488));
#501=EDGE_LOOP('',(#2489,#2490,#2491,#2492));
#502=EDGE_LOOP('',(#2493));
#503=EDGE_LOOP('',(#2494));
#504=EDGE_LOOP('',(#2495));
#505=EDGE_LOOP('',(#2496));
#506=EDGE_LOOP('',(#2497));
#507=EDGE_LOOP('',(#2498));
#508=EDGE_LOOP('',(#2499));
#509=EDGE_LOOP('',(#2500));
#510=EDGE_LOOP('',(#2501));
#511=EDGE_LOOP('',(#2502));
#512=EDGE_LOOP('',(#2503));
#513=EDGE_LOOP('',(#2504));
#514=EDGE_LOOP('',(#2505));
#515=EDGE_LOOP('',(#2506));
#516=EDGE_LOOP('',(#2507));
#517=EDGE_LOOP('',(#2508));
#518=EDGE_LOOP('',(#2509));
#519=EDGE_LOOP('',(#2510));
#520=EDGE_LOOP('',(#2511));
#521=EDGE_LOOP('',(#2512));
#522=EDGE_LOOP('',(#2513));
#523=EDGE_LOOP('',(#2514));
#524=EDGE_LOOP('',(#2515));
#525=EDGE_LOOP('',(#2516));
#526=EDGE_LOOP('',(#2517));
#527=EDGE_LOOP('',(#2518));
#528=EDGE_LOOP('',(#2519));
#529=EDGE_LOOP('',(#2520));
#530=EDGE_LOOP('',(#2521));
#531=EDGE_LOOP('',(#2522));
#532=EDGE_LOOP('',(#2523));
#533=EDGE_LOOP('',(#2524));
#534=EDGE_LOOP('',(#2525));
#535=EDGE_LOOP('',(#2526));
#536=EDGE_LOOP('',(#2527));
#537=EDGE_LOOP('',(#2528));
#538=EDGE_LOOP('',(#2529));
#539=EDGE_LOOP('',(#2530));
#540=EDGE_LOOP('',(#2531));
#541=EDGE_LOOP('',(#2532));
#542=EDGE_LOOP('',(#2533));
#543=EDGE_LOOP('',(#2534));
#544=EDGE_LOOP('',(#2535));
#545=EDGE_LOOP('',(#2536));
#546=EDGE_LOOP('',(#2537));
#547=EDGE_LOOP('',(#2538));
#548=EDGE_LOOP('',(#2539));
#549=EDGE_LOOP('',(#2540));
#550=EDGE_LOOP('',(#2541));
#551=EDGE_LOOP('',(#2542));
#552=EDGE_LOOP('',(#2543));
#553=EDGE_LOOP('',(#2544));
#554=EDGE_LOOP('',(#2545));
#555=EDGE_LOOP('',(#2546));
#556=EDGE_LOOP('',(#2547));
#557=EDGE_LOOP('',(#2548));
#558=EDGE_LOOP('',(#2549));
#559=EDGE_LOOP('',(#2550));
#560=EDGE_LOOP('',(#2551));
#561=EDGE_LOOP('',(#2552));
#562=EDGE_LOOP('',(#2553));
#563=EDGE_LOOP('',(#2554));
#564=EDGE_LOOP('',(#2555));
#565=EDGE_LOOP('',(#2556));
#566=EDGE_LOOP('',(#2557));
#567=EDGE_LOOP('',(#2558));
#568=EDGE_LOOP('',(#2559));
#569=EDGE_LOOP('',(#2560));
#570=EDGE_LOOP('',(#2561));
#571=EDGE_LOOP('',(#2562));
#572=EDGE_LOOP('',(#2563));
#573=EDGE_LOOP('',(#2564));
#574=EDGE_LOOP('',(#2565));
#575=EDGE_LOOP('',(#2566));
#576=EDGE_LOOP('',(#2567));
#577=EDGE_LOOP('',(#2568));
#578=EDGE_LOOP('',(#2569));
#579=EDGE_LOOP('',(#2570));
#580=EDGE_LOOP('',(#2571));
#581=EDGE_LOOP('',(#2572));
#582=EDGE_LOOP('',(#2573));
#583=EDGE_LOOP('',(#2574));
#584=EDGE_LOOP('',(#2575));
#585=EDGE_LOOP('',(#2576));
#586=EDGE_LOOP('',(#2577));
#587=EDGE_LOOP('',(#2578));
#588=EDGE_LOOP('',(#2579));
#589=EDGE_LOOP('',(#2580));
#590=EDGE_LOOP('',(#2581));
#591=EDGE_LOOP('',(#2582));
#592=EDGE_LOOP('',(#2583));
#593=EDGE_LOOP('',(#2584));
#594=EDGE_LOOP('',(#2585));
#595=EDGE_LOOP('',(#2586));
#596=EDGE_LOOP('',(#2587));
#597=EDGE_LOOP('',(#2588));
#598=EDGE_LOOP('',(#2589));
#599=EDGE_LOOP('',(#2590));
#600=EDGE_LOOP('',(#2591));
#601=EDGE_LOOP('',(#2592));
#602=EDGE_LOOP('',(#2593));
#603=EDGE_LOOP('',(#2594));
#604=EDGE_LOOP('',(#2595));
#605=EDGE_LOOP('',(#2596));
#606=EDGE_LOOP('',(#2597));
#607=EDGE_LOOP('',(#2598));
#608=EDGE_LOOP('',(#2599));
#609=EDGE_LOOP('',(#2600));
#610=EDGE_LOOP('',(#2601));
#611=EDGE_LOOP('',(#2602));
#612=EDGE_LOOP('',(#2603));
#613=EDGE_LOOP('',(#2604));
#614=EDGE_LOOP('',(#2605));
#615=EDGE_LOOP('',(#2606));
#616=EDGE_LOOP('',(#2607));
#617=EDGE_LOOP('',(#2608));
#618=EDGE_LOOP('',(#2609));
#619=EDGE_LOOP('',(#2610));
#620=EDGE_LOOP('',(#2611));
#621=EDGE_LOOP('',(#2612));
#622=EDGE_LOOP('',(#2613));
#623=EDGE_LOOP('',(#2614));
#624=EDGE_LOOP('',(#2615));
#625=EDGE_LOOP('',(#2616));
#626=EDGE_LOOP('',(#2617));
#627=EDGE_LOOP('',(#2618));
#628=EDGE_LOOP('',(#2619));
#629=EDGE_LOOP('',(#2620));
#630=EDGE_LOOP('',(#2621));
#631=EDGE_LOOP('',(#2622));
#632=EDGE_LOOP('',(#2623));
#633=EDGE_LOOP('',(#2624));
#634=EDGE_LOOP('',(#2625));
#635=EDGE_LOOP('',(#2626));
#636=EDGE_LOOP('',(#2627));
#637=EDGE_LOOP('',(#2628));
#638=EDGE_LOOP('',(#2629));
#639=EDGE_LOOP('',(#2630));
#640=EDGE_LOOP('',(#2631));
#641=EDGE_LOOP('',(#2632));
#642=EDGE_LOOP('',(#2633));
#643=EDGE_LOOP('',(#2634));
#644=EDGE_LOOP('',(#2635));
#645=EDGE_LOOP('',(#2636));
#646=EDGE_LOOP('',(#2637));
#647=EDGE_LOOP('',(#2638));
#648=EDGE_LOOP('',(#2639));
#649=EDGE_LOOP('',(#2640));
#650=B_SPLINE_CURVE_WITH_KNOTS('',3,(#4110,#4111,#4112,#4113,#4114,#4115,
#4116,#4117,#4118,#4119,#4120,#4121,#4122,#4123,#4124,#4125,#4126,#4127,
#4128,#4129,#4130,#4131,#4132,#4133,#4134,#4135,#4136,#4137,#4138,#4139,
#4140,#4141,#4142,#4143,#4144,#4145,#4146,#4147,#4148,#4149),
 .UNSPECIFIED.,.F.,.F.,(4,3,3,3,3,3,3,3,3,3,3,3,3,4),(-0.15786441088524,
-0.157401989990126,-0.143762537014362,-0.130014993535353,-0.116359705925665,
-0.10282693679767,-0.0892941676696752,-0.0763982408452945,-0.0628926615477981,
-0.0494768040490866,-0.037833915404294,-0.0243859806563348,-0.0113469311330741,
0.),.UNSPECIFIED.);
#651=B_SPLINE_CURVE_WITH_KNOTS('',3,(#4171,#4172,#4173,#4174),
 .UNSPECIFIED.,.F.,.F.,(4,4),(1.61847451451862,4.11408093953833),
 .UNSPECIFIED.);
#652=B_SPLINE_CURVE_WITH_KNOTS('',3,(#4176,#4177,#4178,#4179,#4180,#4181,
#4182,#4183,#4184,#4185,#4186,#4187,#4188,#4189),.UNSPECIFIED.,.F.,.F.,
(4,2,2,2,2,2,4),(0.,0.00998062380486152,0.0226320437635014,0.0452172541266684,
0.101078083143537,0.21399968840293,0.330843151409649),.UNSPECIFIED.);
#653=B_SPLINE_CURVE_WITH_KNOTS('',3,(#4191,#4192,#4193,#4194),
 .UNSPECIFIED.,.F.,.F.,(4,4),(-3.74288791289666,-1.64517776111404),
 .UNSPECIFIED.);
#654=CIRCLE('',#2886,1.);
#655=CIRCLE('',#2887,41.5);
#656=CIRCLE('',#2889,41.5);
#657=CIRCLE('',#2890,41.5);
#658=CIRCLE('',#2892,31.0441335713546);
#659=CIRCLE('',#2894,44.5);
#660=CIRCLE('',#2895,44.5);
#661=CIRCLE('',#2897,33.839581423438);
#662=CIRCLE('',#2899,18.6540642402637);
#663=CIRCLE('',#2901,15.7571014541428);
#664=CIRCLE('',#2906,44.5);
#665=CIRCLE('',#2907,44.5);
#666=CIRCLE('',#2909,33.839581423438);
#667=CIRCLE('',#2911,18.6540642402637);
#668=CIRCLE('',#2913,31.0441335713546);
#669=CIRCLE('',#2914,15.7571014541428);
#670=CIRCLE('',#2916,41.5);
#671=CIRCLE('',#2918,41.5);
#672=CIRCLE('',#2923,44.5);
#673=CIRCLE('',#2924,44.5);
#674=CIRCLE('',#2926,33.839581423438);
#675=CIRCLE('',#2928,18.6540642402637);
#676=CIRCLE('',#2930,31.0441335713546);
#677=CIRCLE('',#2931,15.7571014541428);
#678=CIRCLE('',#2933,41.5000000000001);
#679=CIRCLE('',#2935,41.5000000000001);
#680=CIRCLE('',#2940,44.5);
#681=CIRCLE('',#2941,44.5);
#682=CIRCLE('',#2943,33.839581423438);
#683=CIRCLE('',#2945,18.6540642402637);
#684=CIRCLE('',#2947,31.0441335713546);
#685=CIRCLE('',#2948,15.7571014541428);
#686=CIRCLE('',#2950,41.5);
#687=CIRCLE('',#2952,41.5);
#688=CIRCLE('',#2957,44.5);
#689=CIRCLE('',#2958,44.5);
#690=CIRCLE('',#2960,33.839581423438);
#691=CIRCLE('',#2962,18.6540642402637);
#692=CIRCLE('',#2964,31.0441335713546);
#693=CIRCLE('',#2965,15.7571014541428);
#694=CIRCLE('',#2967,41.5);
#695=CIRCLE('',#2969,41.5);
#696=CIRCLE('',#2974,44.5);
#697=CIRCLE('',#2975,44.5);
#698=CIRCLE('',#2977,33.839581423438);
#699=CIRCLE('',#2979,18.6540642402637);
#700=CIRCLE('',#2981,31.0441335713546);
#701=CIRCLE('',#2982,15.7571014541428);
#702=CIRCLE('',#2984,41.5);
#703=CIRCLE('',#2986,41.5);
#704=CIRCLE('',#2991,47.);
#705=CIRCLE('',#2992,40.);
#706=CIRCLE('',#2994,47.);
#707=CIRCLE('',#2996,36.1691213001741);
#708=CIRCLE('',#2998,21.0681998953646);
#709=CIRCLE('',#3000,14.3086200610823);
#710=CIRCLE('',#3002,29.6464096453129);
#711=CIRCLE('',#3004,40.);
#712=CIRCLE('',#3007,0.5);
#713=CIRCLE('',#3008,0.5);
#714=CIRCLE('',#3010,0.5);
#715=CIRCLE('',#3011,0.5);
#716=CIRCLE('',#3013,0.499999999999999);
#717=CIRCLE('',#3014,0.499999999999999);
#718=CIRCLE('',#3016,0.5);
#719=CIRCLE('',#3017,0.5);
#720=CIRCLE('',#3019,0.499999999999999);
#721=CIRCLE('',#3020,0.499999999999999);
#722=CIRCLE('',#3022,0.5);
#723=CIRCLE('',#3023,0.5);
#724=CIRCLE('',#3025,0.5);
#725=CIRCLE('',#3026,0.5);
#726=CIRCLE('',#3028,0.5);
#727=CIRCLE('',#3029,0.5);
#728=CIRCLE('',#3031,0.5);
#729=CIRCLE('',#3032,0.5);
#730=CIRCLE('',#3034,0.5);
#731=CIRCLE('',#3035,0.5);
#732=CIRCLE('',#3037,0.5);
#733=CIRCLE('',#3038,0.5);
#734=CIRCLE('',#3040,0.5);
#735=CIRCLE('',#3041,0.5);
#736=CIRCLE('',#3043,0.5);
#737=CIRCLE('',#3044,0.5);
#738=CIRCLE('',#3046,0.5);
#739=CIRCLE('',#3047,0.5);
#740=CIRCLE('',#3049,0.5);
#741=CIRCLE('',#3050,0.5);
#742=CIRCLE('',#3052,0.5);
#743=CIRCLE('',#3053,0.5);
#744=CIRCLE('',#3055,0.5);
#745=CIRCLE('',#3056,0.5);
#746=CIRCLE('',#3058,0.5);
#747=CIRCLE('',#3059,0.5);
#748=CIRCLE('',#3061,0.5);
#749=CIRCLE('',#3062,0.5);
#750=CIRCLE('',#3064,0.5);
#751=CIRCLE('',#3065,0.5);
#752=CIRCLE('',#3067,0.5);
#753=CIRCLE('',#3068,0.5);
#754=CIRCLE('',#3070,0.5);
#755=CIRCLE('',#3071,0.5);
#756=CIRCLE('',#3073,0.5);
#757=CIRCLE('',#3074,0.5);
#758=CIRCLE('',#3076,0.5);
#759=CIRCLE('',#3077,0.5);
#760=CIRCLE('',#3079,0.5);
#761=CIRCLE('',#3080,0.5);
#762=CIRCLE('',#3082,0.5);
#763=CIRCLE('',#3083,0.5);
#764=CIRCLE('',#3085,0.5);
#765=CIRCLE('',#3086,0.5);
#766=CIRCLE('',#3088,0.5);
#767=CIRCLE('',#3089,0.5);
#768=CIRCLE('',#3091,0.5);
#769=CIRCLE('',#3092,0.5);
#770=CIRCLE('',#3094,0.5);
#771=CIRCLE('',#3095,0.5);
#772=CIRCLE('',#3097,0.5);
#773=CIRCLE('',#3098,0.5);
#774=CIRCLE('',#3100,0.5);
#775=CIRCLE('',#3101,0.5);
#776=CIRCLE('',#3103,0.5);
#777=CIRCLE('',#3104,0.5);
#778=CIRCLE('',#3106,0.5);
#779=CIRCLE('',#3107,0.5);
#780=CIRCLE('',#3109,0.5);
#781=CIRCLE('',#3110,0.5);
#782=CIRCLE('',#3112,0.5);
#783=CIRCLE('',#3113,0.5);
#784=CIRCLE('',#3115,0.5);
#785=CIRCLE('',#3116,0.5);
#786=CIRCLE('',#3118,0.5);
#787=CIRCLE('',#3119,0.5);
#788=CIRCLE('',#3121,0.5);
#789=CIRCLE('',#3122,0.5);
#790=CIRCLE('',#3124,0.5);
#791=CIRCLE('',#3125,0.5);
#792=CIRCLE('',#3127,0.5);
#793=CIRCLE('',#3128,0.5);
#794=CIRCLE('',#3130,0.5);
#795=CIRCLE('',#3131,0.5);
#796=CIRCLE('',#3133,0.5);
#797=CIRCLE('',#3134,0.5);
#798=CIRCLE('',#3136,0.5);
#799=CIRCLE('',#3137,0.5);
#800=CIRCLE('',#3139,0.5);
#801=CIRCLE('',#3140,0.5);
#802=CIRCLE('',#3142,0.500000000000001);
#803=CIRCLE('',#3143,0.500000000000001);
#804=CIRCLE('',#3145,0.5);
#805=CIRCLE('',#3146,0.5);
#806=CIRCLE('',#3148,0.5);
#807=CIRCLE('',#3149,0.5);
#808=CIRCLE('',#3151,0.5);
#809=CIRCLE('',#3152,0.5);
#810=CIRCLE('',#3154,0.500000000000001);
#811=CIRCLE('',#3155,0.500000000000001);
#812=CIRCLE('',#3157,0.5);
#813=CIRCLE('',#3158,0.5);
#814=CIRCLE('',#3160,0.5);
#815=CIRCLE('',#3161,0.5);
#816=CIRCLE('',#3163,0.5);
#817=CIRCLE('',#3164,0.5);
#818=CIRCLE('',#3166,0.5);
#819=CIRCLE('',#3167,0.5);
#820=CIRCLE('',#3169,0.5);
#821=CIRCLE('',#3170,0.5);
#822=CIRCLE('',#3172,0.5);
#823=CIRCLE('',#3173,0.5);
#824=CIRCLE('',#3175,0.5);
#825=CIRCLE('',#3176,0.5);
#826=CIRCLE('',#3178,0.5);
#827=CIRCLE('',#3179,0.5);
#828=CIRCLE('',#3181,0.5);
#829=CIRCLE('',#3182,0.5);
#830=CIRCLE('',#3184,0.5);
#831=CIRCLE('',#3185,0.5);
#832=CIRCLE('',#3187,0.5);
#833=CIRCLE('',#3188,0.5);
#834=CIRCLE('',#3190,0.5);
#835=CIRCLE('',#3191,0.5);
#836=CIRCLE('',#3193,0.5);
#837=CIRCLE('',#3194,0.5);
#838=CIRCLE('',#3196,0.5);
#839=CIRCLE('',#3197,0.5);
#840=CIRCLE('',#3199,0.5);
#841=CIRCLE('',#3200,0.5);
#842=CIRCLE('',#3202,0.500000000000001);
#843=CIRCLE('',#3203,0.500000000000001);
#844=CIRCLE('',#3205,0.5);
#845=CIRCLE('',#3206,0.5);
#846=CIRCLE('',#3208,0.5);
#847=CIRCLE('',#3209,0.5);
#848=CIRCLE('',#3211,0.5);
#849=CIRCLE('',#3212,0.5);
#850=CIRCLE('',#3214,0.5);
#851=CIRCLE('',#3215,0.5);
#852=CIRCLE('',#3217,0.499999999999999);
#853=CIRCLE('',#3218,0.499999999999999);
#854=CIRCLE('',#3220,0.5);
#855=CIRCLE('',#3221,0.5);
#856=CIRCLE('',#3223,0.499999999999999);
#857=CIRCLE('',#3224,0.499999999999999);
#858=CIRCLE('',#3226,29.6464096453129);
#859=CIRCLE('',#3227,29.6464096453129);
#860=LINE('',#4105,#1039);
#861=LINE('',#4109,#1040);
#862=LINE('',#4200,#1041);
#863=LINE('',#4205,#1042);
#864=LINE('',#4209,#1043);
#865=LINE('',#4213,#1044);
#866=LINE('',#4217,#1045);
#867=LINE('',#4220,#1046);
#868=LINE('',#4223,#1047);
#869=LINE('',#4226,#1048);
#870=LINE('',#4229,#1049);
#871=LINE('',#4232,#1050);
#872=LINE('',#4234,#1051);
#873=LINE('',#4235,#1052);
#874=LINE('',#4237,#1053);
#875=LINE('',#4239,#1054);
#876=LINE('',#4243,#1055);
#877=LINE('',#4247,#1056);
#878=LINE('',#4251,#1057);
#879=LINE('',#4254,#1058);
#880=LINE('',#4257,#1059);
#881=LINE('',#4260,#1060);
#882=LINE('',#4264,#1061);
#883=LINE('',#4268,#1062);
#884=LINE('',#4272,#1063);
#885=LINE('',#4275,#1064);
#886=LINE('',#4278,#1065);
#887=LINE('',#4281,#1066);
#888=LINE('',#4283,#1067);
#889=LINE('',#4284,#1068);
#890=LINE('',#4286,#1069);
#891=LINE('',#4288,#1070);
#892=LINE('',#4292,#1071);
#893=LINE('',#4296,#1072);
#894=LINE('',#4300,#1073);
#895=LINE('',#4303,#1074);
#896=LINE('',#4306,#1075);
#897=LINE('',#4309,#1076);
#898=LINE('',#4313,#1077);
#899=LINE('',#4317,#1078);
#900=LINE('',#4321,#1079);
#901=LINE('',#4324,#1080);
#902=LINE('',#4327,#1081);
#903=LINE('',#4330,#1082);
#904=LINE('',#4332,#1083);
#905=LINE('',#4333,#1084);
#906=LINE('',#4335,#1085);
#907=LINE('',#4337,#1086);
#908=LINE('',#4341,#1087);
#909=LINE('',#4345,#1088);
#910=LINE('',#4349,#1089);
#911=LINE('',#4352,#1090);
#912=LINE('',#4355,#1091);
#913=LINE('',#4358,#1092);
#914=LINE('',#4362,#1093);
#915=LINE('',#4366,#1094);
#916=LINE('',#4370,#1095);
#917=LINE('',#4373,#1096);
#918=LINE('',#4376,#1097);
#919=LINE('',#4379,#1098);
#920=LINE('',#4381,#1099);
#921=LINE('',#4382,#1100);
#922=LINE('',#4384,#1101);
#923=LINE('',#4386,#1102);
#924=LINE('',#4390,#1103);
#925=LINE('',#4394,#1104);
#926=LINE('',#4398,#1105);
#927=LINE('',#4401,#1106);
#928=LINE('',#4404,#1107);
#929=LINE('',#4407,#1108);
#930=LINE('',#4411,#1109);
#931=LINE('',#4415,#1110);
#932=LINE('',#4419,#1111);
#933=LINE('',#4422,#1112);
#934=LINE('',#4425,#1113);
#935=LINE('',#4428,#1114);
#936=LINE('',#4430,#1115);
#937=LINE('',#4431,#1116);
#938=LINE('',#4433,#1117);
#939=LINE('',#4435,#1118);
#940=LINE('',#4439,#1119);
#941=LINE('',#4443,#1120);
#942=LINE('',#4447,#1121);
#943=LINE('',#4450,#1122);
#944=LINE('',#4453,#1123);
#945=LINE('',#4456,#1124);
#946=LINE('',#4460,#1125);
#947=LINE('',#4464,#1126);
#948=LINE('',#4468,#1127);
#949=LINE('',#4471,#1128);
#950=LINE('',#4474,#1129);
#951=LINE('',#4477,#1130);
#952=LINE('',#4479,#1131);
#953=LINE('',#4480,#1132);
#954=LINE('',#4482,#1133);
#955=LINE('',#4484,#1134);
#956=LINE('',#4489,#1135);
#957=LINE('',#4494,#1136);
#958=LINE('',#4498,#1137);
#959=LINE('',#4502,#1138);
#960=LINE('',#4504,#1139);
#961=LINE('',#4506,#1140);
#962=LINE('',#4510,#1141);
#963=LINE('',#4514,#1142);
#964=LINE('',#4517,#1143);
#965=LINE('',#4522,#1144);
#966=LINE('',#4528,#1145);
#967=LINE('',#4534,#1146);
#968=LINE('',#4540,#1147);
#969=LINE('',#4546,#1148);
#970=LINE('',#4552,#1149);
#971=LINE('',#4558,#1150);
#972=LINE('',#4564,#1151);
#973=LINE('',#4570,#1152);
#974=LINE('',#4576,#1153);
#975=LINE('',#4582,#1154);
#976=LINE('',#4588,#1155);
#977=LINE('',#4594,#1156);
#978=LINE('',#4600,#1157);
#979=LINE('',#4606,#1158);
#980=LINE('',#4612,#1159);
#981=LINE('',#4618,#1160);
#982=LINE('',#4624,#1161);
#983=LINE('',#4630,#1162);
#984=LINE('',#4636,#1163);
#985=LINE('',#4642,#1164);
#986=LINE('',#4648,#1165);
#987=LINE('',#4654,#1166);
#988=LINE('',#4660,#1167);
#989=LINE('',#4666,#1168);
#990=LINE('',#4672,#1169);
#991=LINE('',#4678,#1170);
#992=LINE('',#4684,#1171);
#993=LINE('',#4690,#1172);
#994=LINE('',#4696,#1173);
#995=LINE('',#4702,#1174);
#996=LINE('',#4708,#1175);
#997=LINE('',#4714,#1176);
#998=LINE('',#4720,#1177);
#999=LINE('',#4726,#1178);
#1000=LINE('',#4732,#1179);
#1001=LINE('',#4738,#1180);
#1002=LINE('',#4744,#1181);
#1003=LINE('',#4750,#1182);
#1004=LINE('',#4756,#1183);
#1005=LINE('',#4762,#1184);
#1006=LINE('',#4768,#1185);
#1007=LINE('',#4774,#1186);
#1008=LINE('',#4780,#1187);
#1009=LINE('',#4786,#1188);
#1010=LINE('',#4792,#1189);
#1011=LINE('',#4798,#1190);
#1012=LINE('',#4804,#1191);
#1013=LINE('',#4810,#1192);
#1014=LINE('',#4816,#1193);
#1015=LINE('',#4822,#1194);
#1016=LINE('',#4828,#1195);
#1017=LINE('',#4834,#1196);
#1018=LINE('',#4840,#1197);
#1019=LINE('',#4846,#1198);
#1020=LINE('',#4852,#1199);
#1021=LINE('',#4858,#1200);
#1022=LINE('',#4864,#1201);
#1023=LINE('',#4870,#1202);
#1024=LINE('',#4876,#1203);
#1025=LINE('',#4882,#1204);
#1026=LINE('',#4888,#1205);
#1027=LINE('',#4894,#1206);
#1028=LINE('',#4900,#1207);
#1029=LINE('',#4906,#1208);
#1030=LINE('',#4912,#1209);
#1031=LINE('',#4918,#1210);
#1032=LINE('',#4924,#1211);
#1033=LINE('',#4930,#1212);
#1034=LINE('',#4936,#1213);
#1035=LINE('',#4942,#1214);
#1036=LINE('',#4948,#1215);
#1037=LINE('',#4954,#1216);
#1038=LINE('',#4960,#1217);
#1039=VECTOR('',#3234,10.);
#1040=VECTOR('',#3237,10.);
#1041=VECTOR('',#3244,10.);
#1042=VECTOR('',#3251,10.);
#1043=VECTOR('',#3254,10.);
#1044=VECTOR('',#3257,10.);
#1045=VECTOR('',#3262,10.);
#1046=VECTOR('',#3265,10.);
#1047=VECTOR('',#3268,10.);
#1048=VECTOR('',#3271,10.);
#1049=VECTOR('',#3274,10.);
#1050=VECTOR('',#3277,10.);
#1051=VECTOR('',#3280,10.);
#1052=VECTOR('',#3281,10.);
#1053=VECTOR('',#3284,10.);
#1054=VECTOR('',#3287,10.);
#1055=VECTOR('',#3290,10.);
#1056=VECTOR('',#3293,10.);
#1057=VECTOR('',#3298,10.);
#1058=VECTOR('',#3301,10.);
#1059=VECTOR('',#3304,10.);
#1060=VECTOR('',#3307,10.);
#1061=VECTOR('',#3310,10.);
#1062=VECTOR('',#3313,10.);
#1063=VECTOR('',#3318,10.);
#1064=VECTOR('',#3321,10.);
#1065=VECTOR('',#3324,10.);
#1066=VECTOR('',#3327,10.);
#1067=VECTOR('',#3330,10.);
#1068=VECTOR('',#3331,10.);
#1069=VECTOR('',#3334,10.);
#1070=VECTOR('',#3337,10.);
#1071=VECTOR('',#3340,10.);
#1072=VECTOR('',#3343,10.);
#1073=VECTOR('',#3348,10.);
#1074=VECTOR('',#3351,10.);
#1075=VECTOR('',#3354,10.);
#1076=VECTOR('',#3357,10.);
#1077=VECTOR('',#3360,10.);
#1078=VECTOR('',#3363,10.);
#1079=VECTOR('',#3368,10.);
#1080=VECTOR('',#3371,10.);
#1081=VECTOR('',#3374,10.);
#1082=VECTOR('',#3377,10.);
#1083=VECTOR('',#3380,10.);
#1084=VECTOR('',#3381,10.);
#1085=VECTOR('',#3384,10.);
#1086=VECTOR('',#3387,10.);
#1087=VECTOR('',#3390,10.);
#1088=VECTOR('',#3393,10.);
#1089=VECTOR('',#3398,10.);
#1090=VECTOR('',#3401,10.);
#1091=VECTOR('',#3404,10.);
#1092=VECTOR('',#3407,10.);
#1093=VECTOR('',#3410,10.);
#1094=VECTOR('',#3413,10.);
#1095=VECTOR('',#3418,10.);
#1096=VECTOR('',#3421,10.);
#1097=VECTOR('',#3424,10.);
#1098=VECTOR('',#3427,10.);
#1099=VECTOR('',#3430,10.);
#1100=VECTOR('',#3431,10.);
#1101=VECTOR('',#3434,10.);
#1102=VECTOR('',#3437,10.);
#1103=VECTOR('',#3440,10.);
#1104=VECTOR('',#3443,10.);
#1105=VECTOR('',#3448,10.);
#1106=VECTOR('',#3451,10.);
#1107=VECTOR('',#3454,10.);
#1108=VECTOR('',#3457,10.);
#1109=VECTOR('',#3460,10.);
#1110=VECTOR('',#3463,10.);
#1111=VECTOR('',#3468,10.);
#1112=VECTOR('',#3471,10.);
#1113=VECTOR('',#3474,10.);
#1114=VECTOR('',#3477,10.);
#1115=VECTOR('',#3480,10.);
#1116=VECTOR('',#3481,10.);
#1117=VECTOR('',#3484,10.);
#1118=VECTOR('',#3487,10.);
#1119=VECTOR('',#3490,10.);
#1120=VECTOR('',#3493,10.);
#1121=VECTOR('',#3498,10.);
#1122=VECTOR('',#3501,10.);
#1123=VECTOR('',#3504,10.);
#1124=VECTOR('',#3507,10.);
#1125=VECTOR('',#3510,10.);
#1126=VECTOR('',#3513,10.);
#1127=VECTOR('',#3518,10.);
#1128=VECTOR('',#3521,10.);
#1129=VECTOR('',#3524,10.);
#1130=VECTOR('',#3527,10.);
#1131=VECTOR('',#3530,10.);
#1132=VECTOR('',#3531,10.);
#1133=VECTOR('',#3534,10.);
#1134=VECTOR('',#3537,10.);
#1135=VECTOR('',#3542,43.5);
#1136=VECTOR('',#3549,47.);
#1137=VECTOR('',#3554,41.5845606500871);
#1138=VECTOR('',#3559,28.6186605977693);
#1139=VECTOR('',#3562,17.6884099782234);
#1140=VECTOR('',#3563,17.6884099782234);
#1141=VECTOR('',#3568,21.9775148531976);
#1142=VECTOR('',#3573,34.8232048226565);
#1143=VECTOR('',#3578,40.);
#1144=VECTOR('',#3583,0.5);
#1145=VECTOR('',#3590,0.5);
#1146=VECTOR('',#3597,0.499999999999999);
#1147=VECTOR('',#3604,0.5);
#1148=VECTOR('',#3611,0.499999999999999);
#1149=VECTOR('',#3618,0.5);
#1150=VECTOR('',#3625,0.5);
#1151=VECTOR('',#3632,0.5);
#1152=VECTOR('',#3639,0.5);
#1153=VECTOR('',#3646,0.5);
#1154=VECTOR('',#3653,0.5);
#1155=VECTOR('',#3660,0.5);
#1156=VECTOR('',#3667,0.5);
#1157=VECTOR('',#3674,0.5);
#1158=VECTOR('',#3681,0.5);
#1159=VECTOR('',#3688,0.5);
#1160=VECTOR('',#3695,0.5);
#1161=VECTOR('',#3702,0.5);
#1162=VECTOR('',#3709,0.5);
#1163=VECTOR('',#3716,0.5);
#1164=VECTOR('',#3723,0.5);
#1165=VECTOR('',#3730,0.5);
#1166=VECTOR('',#3737,0.5);
#1167=VECTOR('',#3744,0.5);
#1168=VECTOR('',#3751,0.5);
#1169=VECTOR('',#3758,0.5);
#1170=VECTOR('',#3765,0.5);
#1171=VECTOR('',#3772,0.5);
#1172=VECTOR('',#3779,0.5);
#1173=VECTOR('',#3786,0.5);
#1174=VECTOR('',#3793,0.5);
#1175=VECTOR('',#3800,0.5);
#1176=VECTOR('',#3807,0.5);
#1177=VECTOR('',#3814,0.5);
#1178=VECTOR('',#3821,0.5);
#1179=VECTOR('',#3828,0.5);
#1180=VECTOR('',#3835,0.5);
#1181=VECTOR('',#3842,0.5);
#1182=VECTOR('',#3849,0.5);
#1183=VECTOR('',#3856,0.5);
#1184=VECTOR('',#3863,0.5);
#1185=VECTOR('',#3870,0.5);
#1186=VECTOR('',#3877,0.5);
#1187=VECTOR('',#3884,0.5);
#1188=VECTOR('',#3891,0.5);
#1189=VECTOR('',#3898,0.500000000000001);
#1190=VECTOR('',#3905,0.5);
#1191=VECTOR('',#3912,0.5);
#1192=VECTOR('',#3919,0.5);
#1193=VECTOR('',#3926,0.500000000000001);
#1194=VECTOR('',#3933,0.5);
#1195=VECTOR('',#3940,0.5);
#1196=VECTOR('',#3947,0.5);
#1197=VECTOR('',#3954,0.5);
#1198=VECTOR('',#3961,0.5);
#1199=VECTOR('',#3968,0.5);
#1200=VECTOR('',#3975,0.5);
#1201=VECTOR('',#3982,0.5);
#1202=VECTOR('',#3989,0.5);
#1203=VECTOR('',#3996,0.5);
#1204=VECTOR('',#4003,0.5);
#1205=VECTOR('',#4010,0.5);
#1206=VECTOR('',#4017,0.5);
#1207=VECTOR('',#4024,0.5);
#1208=VECTOR('',#4031,0.5);
#1209=VECTOR('',#4038,0.500000000000001);
#1210=VECTOR('',#4045,0.5);
#1211=VECTOR('',#4052,0.5);
#1212=VECTOR('',#4059,0.5);
#1213=VECTOR('',#4066,0.5);
#1214=VECTOR('',#4073,0.499999999999999);
#1215=VECTOR('',#4080,0.5);
#1216=VECTOR('',#4087,0.499999999999999);
#1217=VECTOR('',#4094,29.6464096453129);
#1218=VERTEX_POINT('',#4103);
#1219=VERTEX_POINT('',#4104);
#1220=VERTEX_POINT('',#4106);
#1221=VERTEX_POINT('',#4108);
#1222=VERTEX_POINT('',#4170);
#1223=VERTEX_POINT('',#4175);
#1224=VERTEX_POINT('',#4190);
#1225=VERTEX_POINT('',#4197);
#1226=VERTEX_POINT('',#4199);
#1227=VERTEX_POINT('',#4203);
#1228=VERTEX_POINT('',#4207);
#1229=VERTEX_POINT('',#4208);
#1230=VERTEX_POINT('',#4210);
#1231=VERTEX_POINT('',#4212);
#1232=VERTEX_POINT('',#4216);
#1233=VERTEX_POINT('',#4218);
#1234=VERTEX_POINT('',#4222);
#1235=VERTEX_POINT('',#4224);
#1236=VERTEX_POINT('',#4228);
#1237=VERTEX_POINT('',#4230);
#1238=VERTEX_POINT('',#4241);
#1239=VERTEX_POINT('',#4242);
#1240=VERTEX_POINT('',#4244);
#1241=VERTEX_POINT('',#4246);
#1242=VERTEX_POINT('',#4250);
#1243=VERTEX_POINT('',#4252);
#1244=VERTEX_POINT('',#4256);
#1245=VERTEX_POINT('',#4258);
#1246=VERTEX_POINT('',#4262);
#1247=VERTEX_POINT('',#4263);
#1248=VERTEX_POINT('',#4265);
#1249=VERTEX_POINT('',#4267);
#1250=VERTEX_POINT('',#4271);
#1251=VERTEX_POINT('',#4273);
#1252=VERTEX_POINT('',#4277);
#1253=VERTEX_POINT('',#4279);
#1254=VERTEX_POINT('',#4290);
#1255=VERTEX_POINT('',#4291);
#1256=VERTEX_POINT('',#4293);
#1257=VERTEX_POINT('',#4295);
#1258=VERTEX_POINT('',#4299);
#1259=VERTEX_POINT('',#4301);
#1260=VERTEX_POINT('',#4305);
#1261=VERTEX_POINT('',#4307);
#1262=VERTEX_POINT('',#4311);
#1263=VERTEX_POINT('',#4312);
#1264=VERTEX_POINT('',#4314);
#1265=VERTEX_POINT('',#4316);
#1266=VERTEX_POINT('',#4320);
#1267=VERTEX_POINT('',#4322);
#1268=VERTEX_POINT('',#4326);
#1269=VERTEX_POINT('',#4328);
#1270=VERTEX_POINT('',#4339);
#1271=VERTEX_POINT('',#4340);
#1272=VERTEX_POINT('',#4342);
#1273=VERTEX_POINT('',#4344);
#1274=VERTEX_POINT('',#4348);
#1275=VERTEX_POINT('',#4350);
#1276=VERTEX_POINT('',#4354);
#1277=VERTEX_POINT('',#4356);
#1278=VERTEX_POINT('',#4360);
#1279=VERTEX_POINT('',#4361);
#1280=VERTEX_POINT('',#4363);
#1281=VERTEX_POINT('',#4365);
#1282=VERTEX_POINT('',#4369);
#1283=VERTEX_POINT('',#4371);
#1284=VERTEX_POINT('',#4375);
#1285=VERTEX_POINT('',#4377);
#1286=VERTEX_POINT('',#4388);
#1287=VERTEX_POINT('',#4389);
#1288=VERTEX_POINT('',#4391);
#1289=VERTEX_POINT('',#4393);
#1290=VERTEX_POINT('',#4397);
#1291=VERTEX_POINT('',#4399);
#1292=VERTEX_POINT('',#4403);
#1293=VERTEX_POINT('',#4405);
#1294=VERTEX_POINT('',#4409);
#1295=VERTEX_POINT('',#4410);
#1296=VERTEX_POINT('',#4412);
#1297=VERTEX_POINT('',#4414);
#1298=VERTEX_POINT('',#4418);
#1299=VERTEX_POINT('',#4420);
#1300=VERTEX_POINT('',#4424);
#1301=VERTEX_POINT('',#4426);
#1302=VERTEX_POINT('',#4437);
#1303=VERTEX_POINT('',#4438);
#1304=VERTEX_POINT('',#4440);
#1305=VERTEX_POINT('',#4442);
#1306=VERTEX_POINT('',#4446);
#1307=VERTEX_POINT('',#4448);
#1308=VERTEX_POINT('',#4452);
#1309=VERTEX_POINT('',#4454);
#1310=VERTEX_POINT('',#4458);
#1311=VERTEX_POINT('',#4459);
#1312=VERTEX_POINT('',#4461);
#1313=VERTEX_POINT('',#4463);
#1314=VERTEX_POINT('',#4467);
#1315=VERTEX_POINT('',#4469);
#1316=VERTEX_POINT('',#4473);
#1317=VERTEX_POINT('',#4475);
#1318=VERTEX_POINT('',#4486);
#1319=VERTEX_POINT('',#4488);
#1320=VERTEX_POINT('',#4492);
#1321=VERTEX_POINT('',#4496);
#1322=VERTEX_POINT('',#4500);
#1323=VERTEX_POINT('',#4505);
#1324=VERTEX_POINT('',#4509);
#1325=VERTEX_POINT('',#4513);
#1326=VERTEX_POINT('',#4519);
#1327=VERTEX_POINT('',#4521);
#1328=VERTEX_POINT('',#4525);
#1329=VERTEX_POINT('',#4527);
#1330=VERTEX_POINT('',#4531);
#1331=VERTEX_POINT('',#4533);
#1332=VERTEX_POINT('',#4537);
#1333=VERTEX_POINT('',#4539);
#1334=VERTEX_POINT('',#4543);
#1335=VERTEX_POINT('',#4545);
#1336=VERTEX_POINT('',#4549);
#1337=VERTEX_POINT('',#4551);
#1338=VERTEX_POINT('',#4555);
#1339=VERTEX_POINT('',#4557);
#1340=VERTEX_POINT('',#4561);
#1341=VERTEX_POINT('',#4563);
#1342=VERTEX_POINT('',#4567);
#1343=VERTEX_POINT('',#4569);
#1344=VERTEX_POINT('',#4573);
#1345=VERTEX_POINT('',#4575);
#1346=VERTEX_POINT('',#4579);
#1347=VERTEX_POINT('',#4581);
#1348=VERTEX_POINT('',#4585);
#1349=VERTEX_POINT('',#4587);
#1350=VERTEX_POINT('',#4591);
#1351=VERTEX_POINT('',#4593);
#1352=VERTEX_POINT('',#4597);
#1353=VERTEX_POINT('',#4599);
#1354=VERTEX_POINT('',#4603);
#1355=VERTEX_POINT('',#4605);
#1356=VERTEX_POINT('',#4609);
#1357=VERTEX_POINT('',#4611);
#1358=VERTEX_POINT('',#4615);
#1359=VERTEX_POINT('',#4617);
#1360=VERTEX_POINT('',#4621);
#1361=VERTEX_POINT('',#4623);
#1362=VERTEX_POINT('',#4627);
#1363=VERTEX_POINT('',#4629);
#1364=VERTEX_POINT('',#4633);
#1365=VERTEX_POINT('',#4635);
#1366=VERTEX_POINT('',#4639);
#1367=VERTEX_POINT('',#4641);
#1368=VERTEX_POINT('',#4645);
#1369=VERTEX_POINT('',#4647);
#1370=VERTEX_POINT('',#4651);
#1371=VERTEX_POINT('',#4653);
#1372=VERTEX_POINT('',#4657);
#1373=VERTEX_POINT('',#4659);
#1374=VERTEX_POINT('',#4663);
#1375=VERTEX_POINT('',#4665);
#1376=VERTEX_POINT('',#4669);
#1377=VERTEX_POINT('',#4671);
#1378=VERTEX_POINT('',#4675);
#1379=VERTEX_POINT('',#4677);
#1380=VERTEX_POINT('',#4681);
#1381=VERTEX_POINT('',#4683);
#1382=VERTEX_POINT('',#4687);
#1383=VERTEX_POINT('',#4689);
#1384=VERTEX_POINT('',#4693);
#1385=VERTEX_POINT('',#4695);
#1386=VERTEX_POINT('',#4699);
#1387=VERTEX_POINT('',#4701);
#1388=VERTEX_POINT('',#4705);
#1389=VERTEX_POINT('',#4707);
#1390=VERTEX_POINT('',#4711);
#1391=VERTEX_POINT('',#4713);
#1392=VERTEX_POINT('',#4717);
#1393=VERTEX_POINT('',#4719);
#1394=VERTEX_POINT('',#4723);
#1395=VERTEX_POINT('',#4725);
#1396=VERTEX_POINT('',#4729);
#1397=VERTEX_POINT('',#4731);
#1398=VERTEX_POINT('',#4735);
#1399=VERTEX_POINT('',#4737);
#1400=VERTEX_POINT('',#4741);
#1401=VERTEX_POINT('',#4743);
#1402=VERTEX_POINT('',#4747);
#1403=VERTEX_POINT('',#4749);
#1404=VERTEX_POINT('',#4753);
#1405=VERTEX_POINT('',#4755);
#1406=VERTEX_POINT('',#4759);
#1407=VERTEX_POINT('',#4761);
#1408=VERTEX_POINT('',#4765);
#1409=VERTEX_POINT('',#4767);
#1410=VERTEX_POINT('',#4771);
#1411=VERTEX_POINT('',#4773);
#1412=VERTEX_POINT('',#4777);
#1413=VERTEX_POINT('',#4779);
#1414=VERTEX_POINT('',#4783);
#1415=VERTEX_POINT('',#4785);
#1416=VERTEX_POINT('',#4789);
#1417=VERTEX_POINT('',#4791);
#1418=VERTEX_POINT('',#4795);
#1419=VERTEX_POINT('',#4797);
#1420=VERTEX_POINT('',#4801);
#1421=VERTEX_POINT('',#4803);
#1422=VERTEX_POINT('',#4807);
#1423=VERTEX_POINT('',#4809);
#1424=VERTEX_POINT('',#4813);
#1425=VERTEX_POINT('',#4815);
#1426=VERTEX_POINT('',#4819);
#1427=VERTEX_POINT('',#4821);
#1428=VERTEX_POINT('',#4825);
#1429=VERTEX_POINT('',#4827);
#1430=VERTEX_POINT('',#4831);
#1431=VERTEX_POINT('',#4833);
#1432=VERTEX_POINT('',#4837);
#1433=VERTEX_POINT('',#4839);
#1434=VERTEX_POINT('',#4843);
#1435=VERTEX_POINT('',#4845);
#1436=VERTEX_POINT('',#4849);
#1437=VERTEX_POINT('',#4851);
#1438=VERTEX_POINT('',#4855);
#1439=VERTEX_POINT('',#4857);
#1440=VERTEX_POINT('',#4861);
#1441=VERTEX_POINT('',#4863);
#1442=VERTEX_POINT('',#4867);
#1443=VERTEX_POINT('',#4869);
#1444=VERTEX_POINT('',#4873);
#1445=VERTEX_POINT('',#4875);
#1446=VERTEX_POINT('',#4879);
#1447=VERTEX_POINT('',#4881);
#1448=VERTEX_POINT('',#4885);
#1449=VERTEX_POINT('',#4887);
#1450=VERTEX_POINT('',#4891);
#1451=VERTEX_POINT('',#4893);
#1452=VERTEX_POINT('',#4897);
#1453=VERTEX_POINT('',#4899);
#1454=VERTEX_POINT('',#4903);
#1455=VERTEX_POINT('',#4905);
#1456=VERTEX_POINT('',#4909);
#1457=VERTEX_POINT('',#4911);
#1458=VERTEX_POINT('',#4915);
#1459=VERTEX_POINT('',#4917);
#1460=VERTEX_POINT('',#4921);
#1461=VERTEX_POINT('',#4923);
#1462=VERTEX_POINT('',#4927);
#1463=VERTEX_POINT('',#4929);
#1464=VERTEX_POINT('',#4933);
#1465=VERTEX_POINT('',#4935);
#1466=VERTEX_POINT('',#4939);
#1467=VERTEX_POINT('',#4941);
#1468=VERTEX_POINT('',#4945);
#1469=VERTEX_POINT('',#4947);
#1470=VERTEX_POINT('',#4951);
#1471=VERTEX_POINT('',#4953);
#1472=VERTEX_POINT('',#4957);
#1473=VERTEX_POINT('',#4959);
#1474=EDGE_CURVE('',#1218,#1219,#860,.T.);
#1475=EDGE_CURVE('',#1220,#1219,#654,.T.);
#1476=EDGE_CURVE('',#1220,#1221,#861,.T.);
#1477=EDGE_CURVE('',#1221,#1218,#650,.T.);
#1478=EDGE_CURVE('',#1221,#1222,#651,.T.);
#1479=EDGE_CURVE('',#1223,#1222,#652,.T.);
#1480=EDGE_CURVE('',#1223,#1224,#653,.T.);
#1481=EDGE_CURVE('',#1224,#1218,#655,.T.);
#1482=EDGE_CURVE('',#1225,#1224,#656,.T.);
#1483=EDGE_CURVE('',#1226,#1225,#862,.T.);
#1484=EDGE_CURVE('',#1226,#1219,#657,.T.);
#1485=EDGE_CURVE('',#1227,#1223,#658,.T.);
#1486=EDGE_CURVE('',#1225,#1227,#863,.T.);
#1487=EDGE_CURVE('',#1228,#1229,#864,.T.);
#1488=EDGE_CURVE('',#1229,#1230,#659,.T.);
#1489=EDGE_CURVE('',#1230,#1231,#865,.T.);
#1490=EDGE_CURVE('',#1228,#1231,#660,.T.);
#1491=EDGE_CURVE('',#1229,#1232,#866,.T.);
#1492=EDGE_CURVE('',#1232,#1233,#661,.T.);
#1493=EDGE_CURVE('',#1233,#1230,#867,.T.);
#1494=EDGE_CURVE('',#1232,#1234,#868,.T.);
#1495=EDGE_CURVE('',#1235,#1234,#662,.T.);
#1496=EDGE_CURVE('',#1235,#1233,#869,.T.);
#1497=EDGE_CURVE('',#1222,#1236,#870,.T.);
#1498=EDGE_CURVE('',#1237,#1236,#663,.T.);
#1499=EDGE_CURVE('',#1227,#1237,#871,.T.);
#1500=EDGE_CURVE('',#1228,#1226,#872,.T.);
#1501=EDGE_CURVE('',#1231,#1220,#873,.T.);
#1502=EDGE_CURVE('',#1236,#1235,#874,.T.);
#1503=EDGE_CURVE('',#1234,#1237,#875,.T.);
#1504=EDGE_CURVE('',#1238,#1239,#876,.T.);
#1505=EDGE_CURVE('',#1239,#1240,#664,.T.);
#1506=EDGE_CURVE('',#1240,#1241,#877,.T.);
#1507=EDGE_CURVE('',#1238,#1241,#665,.T.);
#1508=EDGE_CURVE('',#1239,#1242,#878,.T.);
#1509=EDGE_CURVE('',#1242,#1243,#666,.T.);
#1510=EDGE_CURVE('',#1243,#1240,#879,.T.);
#1511=EDGE_CURVE('',#1242,#1244,#880,.T.);
#1512=EDGE_CURVE('',#1245,#1244,#667,.T.);
#1513=EDGE_CURVE('',#1245,#1243,#881,.T.);
#1514=EDGE_CURVE('',#1246,#1247,#882,.T.);
#1515=EDGE_CURVE('',#1246,#1248,#668,.T.);
#1516=EDGE_CURVE('',#1248,#1249,#883,.T.);
#1517=EDGE_CURVE('',#1247,#1249,#669,.T.);
#1518=EDGE_CURVE('',#1250,#1246,#884,.T.);
#1519=EDGE_CURVE('',#1250,#1251,#670,.T.);
#1520=EDGE_CURVE('',#1251,#1248,#885,.T.);
#1521=EDGE_CURVE('',#1252,#1250,#886,.T.);
#1522=EDGE_CURVE('',#1252,#1253,#671,.T.);
#1523=EDGE_CURVE('',#1253,#1251,#887,.T.);
#1524=EDGE_CURVE('',#1238,#1252,#888,.T.);
#1525=EDGE_CURVE('',#1241,#1253,#889,.T.);
#1526=EDGE_CURVE('',#1249,#1245,#890,.T.);
#1527=EDGE_CURVE('',#1244,#1247,#891,.T.);
#1528=EDGE_CURVE('',#1254,#1255,#892,.T.);
#1529=EDGE_CURVE('',#1255,#1256,#672,.T.);
#1530=EDGE_CURVE('',#1256,#1257,#893,.T.);
#1531=EDGE_CURVE('',#1254,#1257,#673,.T.);
#1532=EDGE_CURVE('',#1255,#1258,#894,.T.);
#1533=EDGE_CURVE('',#1258,#1259,#674,.T.);
#1534=EDGE_CURVE('',#1259,#1256,#895,.T.);
#1535=EDGE_CURVE('',#1258,#1260,#896,.T.);
#1536=EDGE_CURVE('',#1261,#1260,#675,.T.);
#1537=EDGE_CURVE('',#1261,#1259,#897,.T.);
#1538=EDGE_CURVE('',#1262,#1263,#898,.T.);
#1539=EDGE_CURVE('',#1262,#1264,#676,.T.);
#1540=EDGE_CURVE('',#1264,#1265,#899,.T.);
#1541=EDGE_CURVE('',#1263,#1265,#677,.T.);
#1542=EDGE_CURVE('',#1266,#1262,#900,.T.);
#1543=EDGE_CURVE('',#1266,#1267,#678,.T.);
#1544=EDGE_CURVE('',#1267,#1264,#901,.T.);
#1545=EDGE_CURVE('',#1268,#1266,#902,.T.);
#1546=EDGE_CURVE('',#1268,#1269,#679,.T.);
#1547=EDGE_CURVE('',#1269,#1267,#903,.T.);
#1548=EDGE_CURVE('',#1254,#1268,#904,.T.);
#1549=EDGE_CURVE('',#1257,#1269,#905,.T.);
#1550=EDGE_CURVE('',#1265,#1261,#906,.T.);
#1551=EDGE_CURVE('',#1260,#1263,#907,.T.);
#1552=EDGE_CURVE('',#1270,#1271,#908,.T.);
#1553=EDGE_CURVE('',#1271,#1272,#680,.T.);
#1554=EDGE_CURVE('',#1272,#1273,#909,.T.);
#1555=EDGE_CURVE('',#1270,#1273,#681,.T.);
#1556=EDGE_CURVE('',#1271,#1274,#910,.T.);
#1557=EDGE_CURVE('',#1274,#1275,#682,.T.);
#1558=EDGE_CURVE('',#1275,#1272,#911,.T.);
#1559=EDGE_CURVE('',#1274,#1276,#912,.T.);
#1560=EDGE_CURVE('',#1277,#1276,#683,.T.);
#1561=EDGE_CURVE('',#1277,#1275,#913,.T.);
#1562=EDGE_CURVE('',#1278,#1279,#914,.T.);
#1563=EDGE_CURVE('',#1278,#1280,#684,.T.);
#1564=EDGE_CURVE('',#1280,#1281,#915,.T.);
#1565=EDGE_CURVE('',#1279,#1281,#685,.T.);
#1566=EDGE_CURVE('',#1282,#1278,#916,.T.);
#1567=EDGE_CURVE('',#1282,#1283,#686,.T.);
#1568=EDGE_CURVE('',#1283,#1280,#917,.T.);
#1569=EDGE_CURVE('',#1284,#1282,#918,.T.);
#1570=EDGE_CURVE('',#1284,#1285,#687,.T.);
#1571=EDGE_CURVE('',#1285,#1283,#919,.T.);
#1572=EDGE_CURVE('',#1270,#1284,#920,.T.);
#1573=EDGE_CURVE('',#1273,#1285,#921,.T.);
#1574=EDGE_CURVE('',#1281,#1277,#922,.T.);
#1575=EDGE_CURVE('',#1276,#1279,#923,.T.);
#1576=EDGE_CURVE('',#1286,#1287,#924,.T.);
#1577=EDGE_CURVE('',#1287,#1288,#688,.T.);
#1578=EDGE_CURVE('',#1288,#1289,#925,.T.);
#1579=EDGE_CURVE('',#1286,#1289,#689,.T.);
#1580=EDGE_CURVE('',#1287,#1290,#926,.T.);
#1581=EDGE_CURVE('',#1290,#1291,#690,.T.);
#1582=EDGE_CURVE('',#1291,#1288,#927,.T.);
#1583=EDGE_CURVE('',#1290,#1292,#928,.T.);
#1584=EDGE_CURVE('',#1293,#1292,#691,.T.);
#1585=EDGE_CURVE('',#1293,#1291,#929,.T.);
#1586=EDGE_CURVE('',#1294,#1295,#930,.T.);
#1587=EDGE_CURVE('',#1294,#1296,#692,.T.);
#1588=EDGE_CURVE('',#1296,#1297,#931,.T.);
#1589=EDGE_CURVE('',#1295,#1297,#693,.T.);
#1590=EDGE_CURVE('',#1298,#1294,#932,.T.);
#1591=EDGE_CURVE('',#1298,#1299,#694,.T.);
#1592=EDGE_CURVE('',#1299,#1296,#933,.T.);
#1593=EDGE_CURVE('',#1300,#1298,#934,.T.);
#1594=EDGE_CURVE('',#1300,#1301,#695,.T.);
#1595=EDGE_CURVE('',#1301,#1299,#935,.T.);
#1596=EDGE_CURVE('',#1286,#1300,#936,.T.);
#1597=EDGE_CURVE('',#1289,#1301,#937,.T.);
#1598=EDGE_CURVE('',#1297,#1293,#938,.T.);
#1599=EDGE_CURVE('',#1292,#1295,#939,.T.);
#1600=EDGE_CURVE('',#1302,#1303,#940,.T.);
#1601=EDGE_CURVE('',#1303,#1304,#696,.T.);
#1602=EDGE_CURVE('',#1304,#1305,#941,.T.);
#1603=EDGE_CURVE('',#1302,#1305,#697,.T.);
#1604=EDGE_CURVE('',#1303,#1306,#942,.T.);
#1605=EDGE_CURVE('',#1306,#1307,#698,.T.);
#1606=EDGE_CURVE('',#1307,#1304,#943,.T.);
#1607=EDGE_CURVE('',#1306,#1308,#944,.T.);
#1608=EDGE_CURVE('',#1309,#1308,#699,.T.);
#1609=EDGE_CURVE('',#1309,#1307,#945,.T.);
#1610=EDGE_CURVE('',#1310,#1311,#946,.T.);
#1611=EDGE_CURVE('',#1310,#1312,#700,.T.);
#1612=EDGE_CURVE('',#1312,#1313,#947,.T.);
#1613=EDGE_CURVE('',#1311,#1313,#701,.T.);
#1614=EDGE_CURVE('',#1314,#1310,#948,.T.);
#1615=EDGE_CURVE('',#1314,#1315,#702,.T.);
#1616=EDGE_CURVE('',#1315,#1312,#949,.T.);
#1617=EDGE_CURVE('',#1316,#1314,#950,.T.);
#1618=EDGE_CURVE('',#1316,#1317,#703,.T.);
#1619=EDGE_CURVE('',#1317,#1315,#951,.T.);
#1620=EDGE_CURVE('',#1302,#1316,#952,.T.);
#1621=EDGE_CURVE('',#1305,#1317,#953,.T.);
#1622=EDGE_CURVE('',#1313,#1309,#954,.T.);
#1623=EDGE_CURVE('',#1308,#1311,#955,.T.);
#1624=EDGE_CURVE('',#1318,#1318,#704,.T.);
#1625=EDGE_CURVE('',#1318,#1319,#956,.T.);
#1626=EDGE_CURVE('',#1319,#1319,#705,.T.);
#1627=EDGE_CURVE('',#1320,#1320,#706,.T.);
#1628=EDGE_CURVE('',#1320,#1318,#957,.T.);
#1629=EDGE_CURVE('',#1321,#1321,#707,.T.);
#1630=EDGE_CURVE('',#1321,#1320,#958,.T.);
#1631=EDGE_CURVE('',#1322,#1322,#708,.T.);
#1632=EDGE_CURVE('',#1322,#1321,#959,.T.);
#1633=EDGE_CURVE('',#1322,#1260,#960,.T.);
#1634=EDGE_CURVE('',#1263,#1323,#961,.T.);
#1635=EDGE_CURVE('',#1323,#1323,#709,.T.);
#1636=EDGE_CURVE('',#1323,#1324,#962,.T.);
#1637=EDGE_CURVE('',#1324,#1324,#710,.T.);
#1638=EDGE_CURVE('',#1324,#1325,#963,.T.);
#1639=EDGE_CURVE('',#1325,#1325,#711,.T.);
#1640=EDGE_CURVE('',#1325,#1319,#964,.T.);
#1641=EDGE_CURVE('',#1326,#1326,#712,.T.);
#1642=EDGE_CURVE('',#1326,#1327,#965,.T.);
#1643=EDGE_CURVE('',#1327,#1327,#713,.F.);
#1644=EDGE_CURVE('',#1328,#1328,#714,.T.);
#1645=EDGE_CURVE('',#1328,#1329,#966,.T.);
#1646=EDGE_CURVE('',#1329,#1329,#715,.F.);
#1647=EDGE_CURVE('',#1330,#1330,#716,.T.);
#1648=EDGE_CURVE('',#1330,#1331,#967,.T.);
#1649=EDGE_CURVE('',#1331,#1331,#717,.F.);
#1650=EDGE_CURVE('',#1332,#1332,#718,.T.);
#1651=EDGE_CURVE('',#1332,#1333,#968,.T.);
#1652=EDGE_CURVE('',#1333,#1333,#719,.F.);
#1653=EDGE_CURVE('',#1334,#1334,#720,.T.);
#1654=EDGE_CURVE('',#1334,#1335,#969,.T.);
#1655=EDGE_CURVE('',#1335,#1335,#721,.F.);
#1656=EDGE_CURVE('',#1336,#1336,#722,.T.);
#1657=EDGE_CURVE('',#1336,#1337,#970,.T.);
#1658=EDGE_CURVE('',#1337,#1337,#723,.F.);
#1659=EDGE_CURVE('',#1338,#1338,#724,.T.);
#1660=EDGE_CURVE('',#1338,#1339,#971,.T.);
#1661=EDGE_CURVE('',#1339,#1339,#725,.F.);
#1662=EDGE_CURVE('',#1340,#1340,#726,.T.);
#1663=EDGE_CURVE('',#1340,#1341,#972,.T.);
#1664=EDGE_CURVE('',#1341,#1341,#727,.F.);
#1665=EDGE_CURVE('',#1342,#1342,#728,.T.);
#1666=EDGE_CURVE('',#1342,#1343,#973,.T.);
#1667=EDGE_CURVE('',#1343,#1343,#729,.F.);
#1668=EDGE_CURVE('',#1344,#1344,#730,.T.);
#1669=EDGE_CURVE('',#1344,#1345,#974,.T.);
#1670=EDGE_CURVE('',#1345,#1345,#731,.F.);
#1671=EDGE_CURVE('',#1346,#1346,#732,.T.);
#1672=EDGE_CURVE('',#1346,#1347,#975,.T.);
#1673=EDGE_CURVE('',#1347,#1347,#733,.F.);
#1674=EDGE_CURVE('',#1348,#1348,#734,.T.);
#1675=EDGE_CURVE('',#1348,#1349,#976,.T.);
#1676=EDGE_CURVE('',#1349,#1349,#735,.F.);
#1677=EDGE_CURVE('',#1350,#1350,#736,.T.);
#1678=EDGE_CURVE('',#1350,#1351,#977,.T.);
#1679=EDGE_CURVE('',#1351,#1351,#737,.F.);
#1680=EDGE_CURVE('',#1352,#1352,#738,.T.);
#1681=EDGE_CURVE('',#1352,#1353,#978,.T.);
#1682=EDGE_CURVE('',#1353,#1353,#739,.F.);
#1683=EDGE_CURVE('',#1354,#1354,#740,.T.);
#1684=EDGE_CURVE('',#1354,#1355,#979,.T.);
#1685=EDGE_CURVE('',#1355,#1355,#741,.F.);
#1686=EDGE_CURVE('',#1356,#1356,#742,.T.);
#1687=EDGE_CURVE('',#1356,#1357,#980,.T.);
#1688=EDGE_CURVE('',#1357,#1357,#743,.F.);
#1689=EDGE_CURVE('',#1358,#1358,#744,.T.);
#1690=EDGE_CURVE('',#1358,#1359,#981,.T.);
#1691=EDGE_CURVE('',#1359,#1359,#745,.F.);
#1692=EDGE_CURVE('',#1360,#1360,#746,.T.);
#1693=EDGE_CURVE('',#1360,#1361,#982,.T.);
#1694=EDGE_CURVE('',#1361,#1361,#747,.F.);
#1695=EDGE_CURVE('',#1362,#1362,#748,.T.);
#1696=EDGE_CURVE('',#1362,#1363,#983,.T.);
#1697=EDGE_CURVE('',#1363,#1363,#749,.F.);
#1698=EDGE_CURVE('',#1364,#1364,#750,.T.);
#1699=EDGE_CURVE('',#1364,#1365,#984,.T.);
#1700=EDGE_CURVE('',#1365,#1365,#751,.F.);
#1701=EDGE_CURVE('',#1366,#1366,#752,.T.);
#1702=EDGE_CURVE('',#1366,#1367,#985,.T.);
#1703=EDGE_CURVE('',#1367,#1367,#753,.F.);
#1704=EDGE_CURVE('',#1368,#1368,#754,.T.);
#1705=EDGE_CURVE('',#1368,#1369,#986,.T.);
#1706=EDGE_CURVE('',#1369,#1369,#755,.F.);
#1707=EDGE_CURVE('',#1370,#1370,#756,.T.);
#1708=EDGE_CURVE('',#1370,#1371,#987,.T.);
#1709=EDGE_CURVE('',#1371,#1371,#757,.F.);
#1710=EDGE_CURVE('',#1372,#1372,#758,.T.);
#1711=EDGE_CURVE('',#1372,#1373,#988,.T.);
#1712=EDGE_CURVE('',#1373,#1373,#759,.F.);
#1713=EDGE_CURVE('',#1374,#1374,#760,.T.);
#1714=EDGE_CURVE('',#1374,#1375,#989,.T.);
#1715=EDGE_CURVE('',#1375,#1375,#761,.F.);
#1716=EDGE_CURVE('',#1376,#1376,#762,.T.);
#1717=EDGE_CURVE('',#1376,#1377,#990,.T.);
#1718=EDGE_CURVE('',#1377,#1377,#763,.F.);
#1719=EDGE_CURVE('',#1378,#1378,#764,.T.);
#1720=EDGE_CURVE('',#1378,#1379,#991,.T.);
#1721=EDGE_CURVE('',#1379,#1379,#765,.F.);
#1722=EDGE_CURVE('',#1380,#1380,#766,.T.);
#1723=EDGE_CURVE('',#1380,#1381,#992,.T.);
#1724=EDGE_CURVE('',#1381,#1381,#767,.F.);
#1725=EDGE_CURVE('',#1382,#1382,#768,.T.);
#1726=EDGE_CURVE('',#1382,#1383,#993,.T.);
#1727=EDGE_CURVE('',#1383,#1383,#769,.F.);
#1728=EDGE_CURVE('',#1384,#1384,#770,.T.);
#1729=EDGE_CURVE('',#1384,#1385,#994,.T.);
#1730=EDGE_CURVE('',#1385,#1385,#771,.F.);
#1731=EDGE_CURVE('',#1386,#1386,#772,.T.);
#1732=EDGE_CURVE('',#1386,#1387,#995,.T.);
#1733=EDGE_CURVE('',#1387,#1387,#773,.F.);
#1734=EDGE_CURVE('',#1388,#1388,#774,.T.);
#1735=EDGE_CURVE('',#1388,#1389,#996,.T.);
#1736=EDGE_CURVE('',#1389,#1389,#775,.F.);
#1737=EDGE_CURVE('',#1390,#1390,#776,.T.);
#1738=EDGE_CURVE('',#1390,#1391,#997,.T.);
#1739=EDGE_CURVE('',#1391,#1391,#777,.F.);
#1740=EDGE_CURVE('',#1392,#1392,#778,.T.);
#1741=EDGE_CURVE('',#1392,#1393,#998,.T.);
#1742=EDGE_CURVE('',#1393,#1393,#779,.F.);
#1743=EDGE_CURVE('',#1394,#1394,#780,.T.);
#1744=EDGE_CURVE('',#1394,#1395,#999,.T.);
#1745=EDGE_CURVE('',#1395,#1395,#781,.F.);
#1746=EDGE_CURVE('',#1396,#1396,#782,.T.);
#1747=EDGE_CURVE('',#1396,#1397,#1000,.T.);
#1748=EDGE_CURVE('',#1397,#1397,#783,.F.);
#1749=EDGE_CURVE('',#1398,#1398,#784,.T.);
#1750=EDGE_CURVE('',#1398,#1399,#1001,.T.);
#1751=EDGE_CURVE('',#1399,#1399,#785,.F.);
#1752=EDGE_CURVE('',#1400,#1400,#786,.T.);
#1753=EDGE_CURVE('',#1400,#1401,#1002,.T.);
#1754=EDGE_CURVE('',#1401,#1401,#787,.F.);
#1755=EDGE_CURVE('',#1402,#1402,#788,.T.);
#1756=EDGE_CURVE('',#1402,#1403,#1003,.T.);
#1757=EDGE_CURVE('',#1403,#1403,#789,.F.);
#1758=EDGE_CURVE('',#1404,#1404,#790,.T.);
#1759=EDGE_CURVE('',#1404,#1405,#1004,.T.);
#1760=EDGE_CURVE('',#1405,#1405,#791,.F.);
#1761=EDGE_CURVE('',#1406,#1406,#792,.T.);
#1762=EDGE_CURVE('',#1406,#1407,#1005,.T.);
#1763=EDGE_CURVE('',#1407,#1407,#793,.F.);
#1764=EDGE_CURVE('',#1408,#1408,#794,.T.);
#1765=EDGE_CURVE('',#1408,#1409,#1006,.T.);
#1766=EDGE_CURVE('',#1409,#1409,#795,.F.);
#1767=EDGE_CURVE('',#1410,#1410,#796,.T.);
#1768=EDGE_CURVE('',#1410,#1411,#1007,.T.);
#1769=EDGE_CURVE('',#1411,#1411,#797,.F.);
#1770=EDGE_CURVE('',#1412,#1412,#798,.T.);
#1771=EDGE_CURVE('',#1412,#1413,#1008,.T.);
#1772=EDGE_CURVE('',#1413,#1413,#799,.F.);
#1773=EDGE_CURVE('',#1414,#1414,#800,.T.);
#1774=EDGE_CURVE('',#1414,#1415,#1009,.T.);
#1775=EDGE_CURVE('',#1415,#1415,#801,.F.);
#1776=EDGE_CURVE('',#1416,#1416,#802,.T.);
#1777=EDGE_CURVE('',#1416,#1417,#1010,.T.);
#1778=EDGE_CURVE('',#1417,#1417,#803,.F.);
#1779=EDGE_CURVE('',#1418,#1418,#804,.T.);
#1780=EDGE_CURVE('',#1418,#1419,#1011,.T.);
#1781=EDGE_CURVE('',#1419,#1419,#805,.F.);
#1782=EDGE_CURVE('',#1420,#1420,#806,.T.);
#1783=EDGE_CURVE('',#1420,#1421,#1012,.T.);
#1784=EDGE_CURVE('',#1421,#1421,#807,.F.);
#1785=EDGE_CURVE('',#1422,#1422,#808,.T.);
#1786=EDGE_CURVE('',#1422,#1423,#1013,.T.);
#1787=EDGE_CURVE('',#1423,#1423,#809,.F.);
#1788=EDGE_CURVE('',#1424,#1424,#810,.T.);
#1789=EDGE_CURVE('',#1424,#1425,#1014,.T.);
#1790=EDGE_CURVE('',#1425,#1425,#811,.F.);
#1791=EDGE_CURVE('',#1426,#1426,#812,.T.);
#1792=EDGE_CURVE('',#1426,#1427,#1015,.T.);
#1793=EDGE_CURVE('',#1427,#1427,#813,.F.);
#1794=EDGE_CURVE('',#1428,#1428,#814,.T.);
#1795=EDGE_CURVE('',#1428,#1429,#1016,.T.);
#1796=EDGE_CURVE('',#1429,#1429,#815,.F.);
#1797=EDGE_CURVE('',#1430,#1430,#816,.T.);
#1798=EDGE_CURVE('',#1430,#1431,#1017,.T.);
#1799=EDGE_CURVE('',#1431,#1431,#817,.F.);
#1800=EDGE_CURVE('',#1432,#1432,#818,.T.);
#1801=EDGE_CURVE('',#1432,#1433,#1018,.T.);
#1802=EDGE_CURVE('',#1433,#1433,#819,.F.);
#1803=EDGE_CURVE('',#1434,#1434,#820,.T.);
#1804=EDGE_CURVE('',#1434,#1435,#1019,.T.);
#1805=EDGE_CURVE('',#1435,#1435,#821,.F.);
#1806=EDGE_CURVE('',#1436,#1436,#822,.T.);
#1807=EDGE_CURVE('',#1436,#1437,#1020,.T.);
#1808=EDGE_CURVE('',#1437,#1437,#823,.F.);
#1809=EDGE_CURVE('',#1438,#1438,#824,.T.);
#1810=EDGE_CURVE('',#1438,#1439,#1021,.T.);
#1811=EDGE_CURVE('',#1439,#1439,#825,.F.);
#1812=EDGE_CURVE('',#1440,#1440,#826,.T.);
#1813=EDGE_CURVE('',#1440,#1441,#1022,.T.);
#1814=EDGE_CURVE('',#1441,#1441,#827,.F.);
#1815=EDGE_CURVE('',#1442,#1442,#828,.T.);
#1816=EDGE_CURVE('',#1442,#1443,#1023,.T.);
#1817=EDGE_CURVE('',#1443,#1443,#829,.F.);
#1818=EDGE_CURVE('',#1444,#1444,#830,.T.);
#1819=EDGE_CURVE('',#1444,#1445,#1024,.T.);
#1820=EDGE_CURVE('',#1445,#1445,#831,.F.);
#1821=EDGE_CURVE('',#1446,#1446,#832,.T.);
#1822=EDGE_CURVE('',#1446,#1447,#1025,.T.);
#1823=EDGE_CURVE('',#1447,#1447,#833,.F.);
#1824=EDGE_CURVE('',#1448,#1448,#834,.T.);
#1825=EDGE_CURVE('',#1448,#1449,#1026,.T.);
#1826=EDGE_CURVE('',#1449,#1449,#835,.F.);
#1827=EDGE_CURVE('',#1450,#1450,#836,.T.);
#1828=EDGE_CURVE('',#1450,#1451,#1027,.T.);
#1829=EDGE_CURVE('',#1451,#1451,#837,.F.);
#1830=EDGE_CURVE('',#1452,#1452,#838,.T.);
#1831=EDGE_CURVE('',#1452,#1453,#1028,.T.);
#1832=EDGE_CURVE('',#1453,#1453,#839,.F.);
#1833=EDGE_CURVE('',#1454,#1454,#840,.T.);
#1834=EDGE_CURVE('',#1454,#1455,#1029,.T.);
#1835=EDGE_CURVE('',#1455,#1455,#841,.F.);
#1836=EDGE_CURVE('',#1456,#1456,#842,.T.);
#1837=EDGE_CURVE('',#1456,#1457,#1030,.T.);
#1838=EDGE_CURVE('',#1457,#1457,#843,.F.);
#1839=EDGE_CURVE('',#1458,#1458,#844,.T.);
#1840=EDGE_CURVE('',#1458,#1459,#1031,.T.);
#1841=EDGE_CURVE('',#1459,#1459,#845,.F.);
#1842=EDGE_CURVE('',#1460,#1460,#846,.T.);
#1843=EDGE_CURVE('',#1460,#1461,#1032,.T.);
#1844=EDGE_CURVE('',#1461,#1461,#847,.F.);
#1845=EDGE_CURVE('',#1462,#1462,#848,.T.);
#1846=EDGE_CURVE('',#1462,#1463,#1033,.T.);
#1847=EDGE_CURVE('',#1463,#1463,#849,.F.);
#1848=EDGE_CURVE('',#1464,#1464,#850,.T.);
#1849=EDGE_CURVE('',#1464,#1465,#1034,.T.);
#1850=EDGE_CURVE('',#1465,#1465,#851,.F.);
#1851=EDGE_CURVE('',#1466,#1466,#852,.T.);
#1852=EDGE_CURVE('',#1466,#1467,#1035,.T.);
#1853=EDGE_CURVE('',#1467,#1467,#853,.F.);
#1854=EDGE_CURVE('',#1468,#1468,#854,.T.);
#1855=EDGE_CURVE('',#1468,#1469,#1036,.T.);
#1856=EDGE_CURVE('',#1469,#1469,#855,.F.);
#1857=EDGE_CURVE('',#1470,#1470,#856,.T.);
#1858=EDGE_CURVE('',#1470,#1471,#1037,.T.);
#1859=EDGE_CURVE('',#1471,#1471,#857,.F.);
#1860=EDGE_CURVE('',#1472,#1472,#858,.T.);
#1861=EDGE_CURVE('',#1472,#1473,#1038,.T.);
#1862=EDGE_CURVE('',#1473,#1473,#859,.T.);
#1863=ORIENTED_EDGE('',*,*,#1474,.T.);
#1864=ORIENTED_EDGE('',*,*,#1475,.F.);
#1865=ORIENTED_EDGE('',*,*,#1476,.T.);
#1866=ORIENTED_EDGE('',*,*,#1477,.T.);
#1867=ORIENTED_EDGE('',*,*,#1478,.T.);
#1868=ORIENTED_EDGE('',*,*,#1479,.F.);
#1869=ORIENTED_EDGE('',*,*,#1480,.T.);
#1870=ORIENTED_EDGE('',*,*,#1481,.T.);
#1871=ORIENTED_EDGE('',*,*,#1477,.F.);
#1872=ORIENTED_EDGE('',*,*,#1474,.F.);
#1873=ORIENTED_EDGE('',*,*,#1481,.F.);
#1874=ORIENTED_EDGE('',*,*,#1482,.F.);
#1875=ORIENTED_EDGE('',*,*,#1483,.F.);
#1876=ORIENTED_EDGE('',*,*,#1484,.T.);
#1877=ORIENTED_EDGE('',*,*,#1480,.F.);
#1878=ORIENTED_EDGE('',*,*,#1485,.F.);
#1879=ORIENTED_EDGE('',*,*,#1486,.F.);
#1880=ORIENTED_EDGE('',*,*,#1482,.T.);
#1881=ORIENTED_EDGE('',*,*,#1487,.T.);
#1882=ORIENTED_EDGE('',*,*,#1488,.T.);
#1883=ORIENTED_EDGE('',*,*,#1489,.T.);
#1884=ORIENTED_EDGE('',*,*,#1490,.F.);
#1885=ORIENTED_EDGE('',*,*,#1491,.T.);
#1886=ORIENTED_EDGE('',*,*,#1492,.T.);
#1887=ORIENTED_EDGE('',*,*,#1493,.T.);
#1888=ORIENTED_EDGE('',*,*,#1488,.F.);
#1889=ORIENTED_EDGE('',*,*,#1494,.T.);
#1890=ORIENTED_EDGE('',*,*,#1495,.F.);
#1891=ORIENTED_EDGE('',*,*,#1496,.T.);
#1892=ORIENTED_EDGE('',*,*,#1492,.F.);
#1893=ORIENTED_EDGE('',*,*,#1479,.T.);
#1894=ORIENTED_EDGE('',*,*,#1497,.T.);
#1895=ORIENTED_EDGE('',*,*,#1498,.F.);
#1896=ORIENTED_EDGE('',*,*,#1499,.F.);
#1897=ORIENTED_EDGE('',*,*,#1485,.T.);
#1898=ORIENTED_EDGE('',*,*,#1475,.T.);
#1899=ORIENTED_EDGE('',*,*,#1484,.F.);
#1900=ORIENTED_EDGE('',*,*,#1500,.F.);
#1901=ORIENTED_EDGE('',*,*,#1490,.T.);
#1902=ORIENTED_EDGE('',*,*,#1501,.T.);
#1903=ORIENTED_EDGE('',*,*,#1476,.F.);
#1904=ORIENTED_EDGE('',*,*,#1501,.F.);
#1905=ORIENTED_EDGE('',*,*,#1489,.F.);
#1906=ORIENTED_EDGE('',*,*,#1493,.F.);
#1907=ORIENTED_EDGE('',*,*,#1496,.F.);
#1908=ORIENTED_EDGE('',*,*,#1502,.F.);
#1909=ORIENTED_EDGE('',*,*,#1497,.F.);
#1910=ORIENTED_EDGE('',*,*,#1478,.F.);
#1911=ORIENTED_EDGE('',*,*,#1500,.T.);
#1912=ORIENTED_EDGE('',*,*,#1483,.T.);
#1913=ORIENTED_EDGE('',*,*,#1486,.T.);
#1914=ORIENTED_EDGE('',*,*,#1499,.T.);
#1915=ORIENTED_EDGE('',*,*,#1503,.F.);
#1916=ORIENTED_EDGE('',*,*,#1494,.F.);
#1917=ORIENTED_EDGE('',*,*,#1491,.F.);
#1918=ORIENTED_EDGE('',*,*,#1487,.F.);
#1919=ORIENTED_EDGE('',*,*,#1504,.T.);
#1920=ORIENTED_EDGE('',*,*,#1505,.T.);
#1921=ORIENTED_EDGE('',*,*,#1506,.T.);
#1922=ORIENTED_EDGE('',*,*,#1507,.F.);
#1923=ORIENTED_EDGE('',*,*,#1508,.T.);
#1924=ORIENTED_EDGE('',*,*,#1509,.T.);
#1925=ORIENTED_EDGE('',*,*,#1510,.T.);
#1926=ORIENTED_EDGE('',*,*,#1505,.F.);
#1927=ORIENTED_EDGE('',*,*,#1511,.T.);
#1928=ORIENTED_EDGE('',*,*,#1512,.F.);
#1929=ORIENTED_EDGE('',*,*,#1513,.T.);
#1930=ORIENTED_EDGE('',*,*,#1509,.F.);
#1931=ORIENTED_EDGE('',*,*,#1514,.F.);
#1932=ORIENTED_EDGE('',*,*,#1515,.T.);
#1933=ORIENTED_EDGE('',*,*,#1516,.T.);
#1934=ORIENTED_EDGE('',*,*,#1517,.F.);
#1935=ORIENTED_EDGE('',*,*,#1518,.F.);
#1936=ORIENTED_EDGE('',*,*,#1519,.T.);
#1937=ORIENTED_EDGE('',*,*,#1520,.T.);
#1938=ORIENTED_EDGE('',*,*,#1515,.F.);
#1939=ORIENTED_EDGE('',*,*,#1521,.F.);
#1940=ORIENTED_EDGE('',*,*,#1522,.T.);
#1941=ORIENTED_EDGE('',*,*,#1523,.T.);
#1942=ORIENTED_EDGE('',*,*,#1519,.F.);
#1943=ORIENTED_EDGE('',*,*,#1524,.F.);
#1944=ORIENTED_EDGE('',*,*,#1507,.T.);
#1945=ORIENTED_EDGE('',*,*,#1525,.T.);
#1946=ORIENTED_EDGE('',*,*,#1522,.F.);
#1947=ORIENTED_EDGE('',*,*,#1525,.F.);
#1948=ORIENTED_EDGE('',*,*,#1506,.F.);
#1949=ORIENTED_EDGE('',*,*,#1510,.F.);
#1950=ORIENTED_EDGE('',*,*,#1513,.F.);
#1951=ORIENTED_EDGE('',*,*,#1526,.F.);
#1952=ORIENTED_EDGE('',*,*,#1516,.F.);
#1953=ORIENTED_EDGE('',*,*,#1520,.F.);
#1954=ORIENTED_EDGE('',*,*,#1523,.F.);
#1955=ORIENTED_EDGE('',*,*,#1524,.T.);
#1956=ORIENTED_EDGE('',*,*,#1521,.T.);
#1957=ORIENTED_EDGE('',*,*,#1518,.T.);
#1958=ORIENTED_EDGE('',*,*,#1514,.T.);
#1959=ORIENTED_EDGE('',*,*,#1527,.F.);
#1960=ORIENTED_EDGE('',*,*,#1511,.F.);
#1961=ORIENTED_EDGE('',*,*,#1508,.F.);
#1962=ORIENTED_EDGE('',*,*,#1504,.F.);
#1963=ORIENTED_EDGE('',*,*,#1528,.T.);
#1964=ORIENTED_EDGE('',*,*,#1529,.T.);
#1965=ORIENTED_EDGE('',*,*,#1530,.T.);
#1966=ORIENTED_EDGE('',*,*,#1531,.F.);
#1967=ORIENTED_EDGE('',*,*,#1532,.T.);
#1968=ORIENTED_EDGE('',*,*,#1533,.T.);
#1969=ORIENTED_EDGE('',*,*,#1534,.T.);
#1970=ORIENTED_EDGE('',*,*,#1529,.F.);
#1971=ORIENTED_EDGE('',*,*,#1535,.T.);
#1972=ORIENTED_EDGE('',*,*,#1536,.F.);
#1973=ORIENTED_EDGE('',*,*,#1537,.T.);
#1974=ORIENTED_EDGE('',*,*,#1533,.F.);
#1975=ORIENTED_EDGE('',*,*,#1538,.F.);
#1976=ORIENTED_EDGE('',*,*,#1539,.T.);
#1977=ORIENTED_EDGE('',*,*,#1540,.T.);
#1978=ORIENTED_EDGE('',*,*,#1541,.F.);
#1979=ORIENTED_EDGE('',*,*,#1542,.F.);
#1980=ORIENTED_EDGE('',*,*,#1543,.T.);
#1981=ORIENTED_EDGE('',*,*,#1544,.T.);
#1982=ORIENTED_EDGE('',*,*,#1539,.F.);
#1983=ORIENTED_EDGE('',*,*,#1545,.F.);
#1984=ORIENTED_EDGE('',*,*,#1546,.T.);
#1985=ORIENTED_EDGE('',*,*,#1547,.T.);
#1986=ORIENTED_EDGE('',*,*,#1543,.F.);
#1987=ORIENTED_EDGE('',*,*,#1548,.F.);
#1988=ORIENTED_EDGE('',*,*,#1531,.T.);
#1989=ORIENTED_EDGE('',*,*,#1549,.T.);
#1990=ORIENTED_EDGE('',*,*,#1546,.F.);
#1991=ORIENTED_EDGE('',*,*,#1549,.F.);
#1992=ORIENTED_EDGE('',*,*,#1530,.F.);
#1993=ORIENTED_EDGE('',*,*,#1534,.F.);
#1994=ORIENTED_EDGE('',*,*,#1537,.F.);
#1995=ORIENTED_EDGE('',*,*,#1550,.F.);
#1996=ORIENTED_EDGE('',*,*,#1540,.F.);
#1997=ORIENTED_EDGE('',*,*,#1544,.F.);
#1998=ORIENTED_EDGE('',*,*,#1547,.F.);
#1999=ORIENTED_EDGE('',*,*,#1548,.T.);
#2000=ORIENTED_EDGE('',*,*,#1545,.T.);
#2001=ORIENTED_EDGE('',*,*,#1542,.T.);
#2002=ORIENTED_EDGE('',*,*,#1538,.T.);
#2003=ORIENTED_EDGE('',*,*,#1551,.F.);
#2004=ORIENTED_EDGE('',*,*,#1535,.F.);
#2005=ORIENTED_EDGE('',*,*,#1532,.F.);
#2006=ORIENTED_EDGE('',*,*,#1528,.F.);
#2007=ORIENTED_EDGE('',*,*,#1552,.T.);
#2008=ORIENTED_EDGE('',*,*,#1553,.T.);
#2009=ORIENTED_EDGE('',*,*,#1554,.T.);
#2010=ORIENTED_EDGE('',*,*,#1555,.F.);
#2011=ORIENTED_EDGE('',*,*,#1556,.T.);
#2012=ORIENTED_EDGE('',*,*,#1557,.T.);
#2013=ORIENTED_EDGE('',*,*,#1558,.T.);
#2014=ORIENTED_EDGE('',*,*,#1553,.F.);
#2015=ORIENTED_EDGE('',*,*,#1559,.T.);
#2016=ORIENTED_EDGE('',*,*,#1560,.F.);
#2017=ORIENTED_EDGE('',*,*,#1561,.T.);
#2018=ORIENTED_EDGE('',*,*,#1557,.F.);
#2019=ORIENTED_EDGE('',*,*,#1562,.F.);
#2020=ORIENTED_EDGE('',*,*,#1563,.T.);
#2021=ORIENTED_EDGE('',*,*,#1564,.T.);
#2022=ORIENTED_EDGE('',*,*,#1565,.F.);
#2023=ORIENTED_EDGE('',*,*,#1566,.F.);
#2024=ORIENTED_EDGE('',*,*,#1567,.T.);
#2025=ORIENTED_EDGE('',*,*,#1568,.T.);
#2026=ORIENTED_EDGE('',*,*,#1563,.F.);
#2027=ORIENTED_EDGE('',*,*,#1569,.F.);
#2028=ORIENTED_EDGE('',*,*,#1570,.T.);
#2029=ORIENTED_EDGE('',*,*,#1571,.T.);
#2030=ORIENTED_EDGE('',*,*,#1567,.F.);
#2031=ORIENTED_EDGE('',*,*,#1572,.F.);
#2032=ORIENTED_EDGE('',*,*,#1555,.T.);
#2033=ORIENTED_EDGE('',*,*,#1573,.T.);
#2034=ORIENTED_EDGE('',*,*,#1570,.F.);
#2035=ORIENTED_EDGE('',*,*,#1573,.F.);
#2036=ORIENTED_EDGE('',*,*,#1554,.F.);
#2037=ORIENTED_EDGE('',*,*,#1558,.F.);
#2038=ORIENTED_EDGE('',*,*,#1561,.F.);
#2039=ORIENTED_EDGE('',*,*,#1574,.F.);
#2040=ORIENTED_EDGE('',*,*,#1564,.F.);
#2041=ORIENTED_EDGE('',*,*,#1568,.F.);
#2042=ORIENTED_EDGE('',*,*,#1571,.F.);
#2043=ORIENTED_EDGE('',*,*,#1572,.T.);
#2044=ORIENTED_EDGE('',*,*,#1569,.T.);
#2045=ORIENTED_EDGE('',*,*,#1566,.T.);
#2046=ORIENTED_EDGE('',*,*,#1562,.T.);
#2047=ORIENTED_EDGE('',*,*,#1575,.F.);
#2048=ORIENTED_EDGE('',*,*,#1559,.F.);
#2049=ORIENTED_EDGE('',*,*,#1556,.F.);
#2050=ORIENTED_EDGE('',*,*,#1552,.F.);
#2051=ORIENTED_EDGE('',*,*,#1576,.T.);
#2052=ORIENTED_EDGE('',*,*,#1577,.T.);
#2053=ORIENTED_EDGE('',*,*,#1578,.T.);
#2054=ORIENTED_EDGE('',*,*,#1579,.F.);
#2055=ORIENTED_EDGE('',*,*,#1580,.T.);
#2056=ORIENTED_EDGE('',*,*,#1581,.T.);
#2057=ORIENTED_EDGE('',*,*,#1582,.T.);
#2058=ORIENTED_EDGE('',*,*,#1577,.F.);
#2059=ORIENTED_EDGE('',*,*,#1583,.T.);
#2060=ORIENTED_EDGE('',*,*,#1584,.F.);
#2061=ORIENTED_EDGE('',*,*,#1585,.T.);
#2062=ORIENTED_EDGE('',*,*,#1581,.F.);
#2063=ORIENTED_EDGE('',*,*,#1586,.F.);
#2064=ORIENTED_EDGE('',*,*,#1587,.T.);
#2065=ORIENTED_EDGE('',*,*,#1588,.T.);
#2066=ORIENTED_EDGE('',*,*,#1589,.F.);
#2067=ORIENTED_EDGE('',*,*,#1590,.F.);
#2068=ORIENTED_EDGE('',*,*,#1591,.T.);
#2069=ORIENTED_EDGE('',*,*,#1592,.T.);
#2070=ORIENTED_EDGE('',*,*,#1587,.F.);
#2071=ORIENTED_EDGE('',*,*,#1593,.F.);
#2072=ORIENTED_EDGE('',*,*,#1594,.T.);
#2073=ORIENTED_EDGE('',*,*,#1595,.T.);
#2074=ORIENTED_EDGE('',*,*,#1591,.F.);
#2075=ORIENTED_EDGE('',*,*,#1596,.F.);
#2076=ORIENTED_EDGE('',*,*,#1579,.T.);
#2077=ORIENTED_EDGE('',*,*,#1597,.T.);
#2078=ORIENTED_EDGE('',*,*,#1594,.F.);
#2079=ORIENTED_EDGE('',*,*,#1597,.F.);
#2080=ORIENTED_EDGE('',*,*,#1578,.F.);
#2081=ORIENTED_EDGE('',*,*,#1582,.F.);
#2082=ORIENTED_EDGE('',*,*,#1585,.F.);
#2083=ORIENTED_EDGE('',*,*,#1598,.F.);
#2084=ORIENTED_EDGE('',*,*,#1588,.F.);
#2085=ORIENTED_EDGE('',*,*,#1592,.F.);
#2086=ORIENTED_EDGE('',*,*,#1595,.F.);
#2087=ORIENTED_EDGE('',*,*,#1596,.T.);
#2088=ORIENTED_EDGE('',*,*,#1593,.T.);
#2089=ORIENTED_EDGE('',*,*,#1590,.T.);
#2090=ORIENTED_EDGE('',*,*,#1586,.T.);
#2091=ORIENTED_EDGE('',*,*,#1599,.F.);
#2092=ORIENTED_EDGE('',*,*,#1583,.F.);
#2093=ORIENTED_EDGE('',*,*,#1580,.F.);
#2094=ORIENTED_EDGE('',*,*,#1576,.F.);
#2095=ORIENTED_EDGE('',*,*,#1600,.T.);
#2096=ORIENTED_EDGE('',*,*,#1601,.T.);
#2097=ORIENTED_EDGE('',*,*,#1602,.T.);
#2098=ORIENTED_EDGE('',*,*,#1603,.F.);
#2099=ORIENTED_EDGE('',*,*,#1604,.T.);
#2100=ORIENTED_EDGE('',*,*,#1605,.T.);
#2101=ORIENTED_EDGE('',*,*,#1606,.T.);
#2102=ORIENTED_EDGE('',*,*,#1601,.F.);
#2103=ORIENTED_EDGE('',*,*,#1607,.T.);
#2104=ORIENTED_EDGE('',*,*,#1608,.F.);
#2105=ORIENTED_EDGE('',*,*,#1609,.T.);
#2106=ORIENTED_EDGE('',*,*,#1605,.F.);
#2107=ORIENTED_EDGE('',*,*,#1610,.F.);
#2108=ORIENTED_EDGE('',*,*,#1611,.T.);
#2109=ORIENTED_EDGE('',*,*,#1612,.T.);
#2110=ORIENTED_EDGE('',*,*,#1613,.F.);
#2111=ORIENTED_EDGE('',*,*,#1614,.F.);
#2112=ORIENTED_EDGE('',*,*,#1615,.T.);
#2113=ORIENTED_EDGE('',*,*,#1616,.T.);
#2114=ORIENTED_EDGE('',*,*,#1611,.F.);
#2115=ORIENTED_EDGE('',*,*,#1617,.F.);
#2116=ORIENTED_EDGE('',*,*,#1618,.T.);
#2117=ORIENTED_EDGE('',*,*,#1619,.T.);
#2118=ORIENTED_EDGE('',*,*,#1615,.F.);
#2119=ORIENTED_EDGE('',*,*,#1620,.F.);
#2120=ORIENTED_EDGE('',*,*,#1603,.T.);
#2121=ORIENTED_EDGE('',*,*,#1621,.T.);
#2122=ORIENTED_EDGE('',*,*,#1618,.F.);
#2123=ORIENTED_EDGE('',*,*,#1621,.F.);
#2124=ORIENTED_EDGE('',*,*,#1602,.F.);
#2125=ORIENTED_EDGE('',*,*,#1606,.F.);
#2126=ORIENTED_EDGE('',*,*,#1609,.F.);
#2127=ORIENTED_EDGE('',*,*,#1622,.F.);
#2128=ORIENTED_EDGE('',*,*,#1612,.F.);
#2129=ORIENTED_EDGE('',*,*,#1616,.F.);
#2130=ORIENTED_EDGE('',*,*,#1619,.F.);
#2131=ORIENTED_EDGE('',*,*,#1620,.T.);
#2132=ORIENTED_EDGE('',*,*,#1617,.T.);
#2133=ORIENTED_EDGE('',*,*,#1614,.T.);
#2134=ORIENTED_EDGE('',*,*,#1610,.T.);
#2135=ORIENTED_EDGE('',*,*,#1623,.F.);
#2136=ORIENTED_EDGE('',*,*,#1607,.F.);
#2137=ORIENTED_EDGE('',*,*,#1604,.F.);
#2138=ORIENTED_EDGE('',*,*,#1600,.F.);
#2139=ORIENTED_EDGE('',*,*,#1624,.F.);
#2140=ORIENTED_EDGE('',*,*,#1625,.T.);
#2141=ORIENTED_EDGE('',*,*,#1626,.T.);
#2142=ORIENTED_EDGE('',*,*,#1625,.F.);
#2143=ORIENTED_EDGE('',*,*,#1627,.F.);
#2144=ORIENTED_EDGE('',*,*,#1628,.T.);
#2145=ORIENTED_EDGE('',*,*,#1624,.T.);
#2146=ORIENTED_EDGE('',*,*,#1628,.F.);
#2147=ORIENTED_EDGE('',*,*,#1629,.F.);
#2148=ORIENTED_EDGE('',*,*,#1630,.T.);
#2149=ORIENTED_EDGE('',*,*,#1627,.T.);
#2150=ORIENTED_EDGE('',*,*,#1630,.F.);
#2151=ORIENTED_EDGE('',*,*,#1631,.F.);
#2152=ORIENTED_EDGE('',*,*,#1632,.T.);
#2153=ORIENTED_EDGE('',*,*,#1629,.T.);
#2154=ORIENTED_EDGE('',*,*,#1632,.F.);
#2155=ORIENTED_EDGE('',*,*,#1631,.T.);
#2156=ORIENTED_EDGE('',*,*,#1633,.T.);
#2157=ORIENTED_EDGE('',*,*,#1551,.T.);
#2158=ORIENTED_EDGE('',*,*,#1634,.T.);
#2159=ORIENTED_EDGE('',*,*,#1635,.F.);
#2160=ORIENTED_EDGE('',*,*,#1634,.F.);
#2161=ORIENTED_EDGE('',*,*,#1541,.T.);
#2162=ORIENTED_EDGE('',*,*,#1550,.T.);
#2163=ORIENTED_EDGE('',*,*,#1536,.T.);
#2164=ORIENTED_EDGE('',*,*,#1633,.F.);
#2165=ORIENTED_EDGE('',*,*,#1498,.T.);
#2166=ORIENTED_EDGE('',*,*,#1502,.T.);
#2167=ORIENTED_EDGE('',*,*,#1495,.T.);
#2168=ORIENTED_EDGE('',*,*,#1503,.T.);
#2169=ORIENTED_EDGE('',*,*,#1517,.T.);
#2170=ORIENTED_EDGE('',*,*,#1526,.T.);
#2171=ORIENTED_EDGE('',*,*,#1512,.T.);
#2172=ORIENTED_EDGE('',*,*,#1527,.T.);
#2173=ORIENTED_EDGE('',*,*,#1565,.T.);
#2174=ORIENTED_EDGE('',*,*,#1574,.T.);
#2175=ORIENTED_EDGE('',*,*,#1560,.T.);
#2176=ORIENTED_EDGE('',*,*,#1575,.T.);
#2177=ORIENTED_EDGE('',*,*,#1589,.T.);
#2178=ORIENTED_EDGE('',*,*,#1598,.T.);
#2179=ORIENTED_EDGE('',*,*,#1584,.T.);
#2180=ORIENTED_EDGE('',*,*,#1599,.T.);
#2181=ORIENTED_EDGE('',*,*,#1613,.T.);
#2182=ORIENTED_EDGE('',*,*,#1622,.T.);
#2183=ORIENTED_EDGE('',*,*,#1608,.T.);
#2184=ORIENTED_EDGE('',*,*,#1623,.T.);
#2185=ORIENTED_EDGE('',*,*,#1635,.T.);
#2186=ORIENTED_EDGE('',*,*,#1636,.T.);
#2187=ORIENTED_EDGE('',*,*,#1637,.F.);
#2188=ORIENTED_EDGE('',*,*,#1636,.F.);
#2189=ORIENTED_EDGE('',*,*,#1637,.T.);
#2190=ORIENTED_EDGE('',*,*,#1638,.T.);
#2191=ORIENTED_EDGE('',*,*,#1639,.F.);
#2192=ORIENTED_EDGE('',*,*,#1638,.F.);
#2193=ORIENTED_EDGE('',*,*,#1639,.T.);
#2194=ORIENTED_EDGE('',*,*,#1640,.T.);
#2195=ORIENTED_EDGE('',*,*,#1626,.F.);
#2196=ORIENTED_EDGE('',*,*,#1640,.F.);
#2197=ORIENTED_EDGE('',*,*,#1641,.F.);
#2198=ORIENTED_EDGE('',*,*,#1642,.T.);
#2199=ORIENTED_EDGE('',*,*,#1643,.F.);
#2200=ORIENTED_EDGE('',*,*,#1642,.F.);
#2201=ORIENTED_EDGE('',*,*,#1644,.F.);
#2202=ORIENTED_EDGE('',*,*,#1645,.T.);
#2203=ORIENTED_EDGE('',*,*,#1646,.F.);
#2204=ORIENTED_EDGE('',*,*,#1645,.F.);
#2205=ORIENTED_EDGE('',*,*,#1647,.F.);
#2206=ORIENTED_EDGE('',*,*,#1648,.T.);
#2207=ORIENTED_EDGE('',*,*,#1649,.F.);
#2208=ORIENTED_EDGE('',*,*,#1648,.F.);
#2209=ORIENTED_EDGE('',*,*,#1650,.F.);
#2210=ORIENTED_EDGE('',*,*,#1651,.T.);
#2211=ORIENTED_EDGE('',*,*,#1652,.F.);
#2212=ORIENTED_EDGE('',*,*,#1651,.F.);
#2213=ORIENTED_EDGE('',*,*,#1653,.F.);
#2214=ORIENTED_EDGE('',*,*,#1654,.T.);
#2215=ORIENTED_EDGE('',*,*,#1655,.F.);
#2216=ORIENTED_EDGE('',*,*,#1654,.F.);
#2217=ORIENTED_EDGE('',*,*,#1656,.F.);
#2218=ORIENTED_EDGE('',*,*,#1657,.T.);
#2219=ORIENTED_EDGE('',*,*,#1658,.F.);
#2220=ORIENTED_EDGE('',*,*,#1657,.F.);
#2221=ORIENTED_EDGE('',*,*,#1659,.F.);
#2222=ORIENTED_EDGE('',*,*,#1660,.T.);
#2223=ORIENTED_EDGE('',*,*,#1661,.F.);
#2224=ORIENTED_EDGE('',*,*,#1660,.F.);
#2225=ORIENTED_EDGE('',*,*,#1662,.F.);
#2226=ORIENTED_EDGE('',*,*,#1663,.T.);
#2227=ORIENTED_EDGE('',*,*,#1664,.F.);
#2228=ORIENTED_EDGE('',*,*,#1663,.F.);
#2229=ORIENTED_EDGE('',*,*,#1665,.F.);
#2230=ORIENTED_EDGE('',*,*,#1666,.T.);
#2231=ORIENTED_EDGE('',*,*,#1667,.F.);
#2232=ORIENTED_EDGE('',*,*,#1666,.F.);
#2233=ORIENTED_EDGE('',*,*,#1668,.F.);
#2234=ORIENTED_EDGE('',*,*,#1669,.T.);
#2235=ORIENTED_EDGE('',*,*,#1670,.F.);
#2236=ORIENTED_EDGE('',*,*,#1669,.F.);
#2237=ORIENTED_EDGE('',*,*,#1671,.F.);
#2238=ORIENTED_EDGE('',*,*,#1672,.T.);
#2239=ORIENTED_EDGE('',*,*,#1673,.F.);
#2240=ORIENTED_EDGE('',*,*,#1672,.F.);
#2241=ORIENTED_EDGE('',*,*,#1674,.F.);
#2242=ORIENTED_EDGE('',*,*,#1675,.T.);
#2243=ORIENTED_EDGE('',*,*,#1676,.F.);
#2244=ORIENTED_EDGE('',*,*,#1675,.F.);
#2245=ORIENTED_EDGE('',*,*,#1677,.F.);
#2246=ORIENTED_EDGE('',*,*,#1678,.T.);
#2247=ORIENTED_EDGE('',*,*,#1679,.F.);
#2248=ORIENTED_EDGE('',*,*,#1678,.F.);
#2249=ORIENTED_EDGE('',*,*,#1680,.F.);
#2250=ORIENTED_EDGE('',*,*,#1681,.T.);
#2251=ORIENTED_EDGE('',*,*,#1682,.F.);
#2252=ORIENTED_EDGE('',*,*,#1681,.F.);
#2253=ORIENTED_EDGE('',*,*,#1683,.F.);
#2254=ORIENTED_EDGE('',*,*,#1684,.T.);
#2255=ORIENTED_EDGE('',*,*,#1685,.F.);
#2256=ORIENTED_EDGE('',*,*,#1684,.F.);
#2257=ORIENTED_EDGE('',*,*,#1686,.F.);
#2258=ORIENTED_EDGE('',*,*,#1687,.T.);
#2259=ORIENTED_EDGE('',*,*,#1688,.F.);
#2260=ORIENTED_EDGE('',*,*,#1687,.F.);
#2261=ORIENTED_EDGE('',*,*,#1689,.F.);
#2262=ORIENTED_EDGE('',*,*,#1690,.T.);
#2263=ORIENTED_EDGE('',*,*,#1691,.F.);
#2264=ORIENTED_EDGE('',*,*,#1690,.F.);
#2265=ORIENTED_EDGE('',*,*,#1692,.F.);
#2266=ORIENTED_EDGE('',*,*,#1693,.T.);
#2267=ORIENTED_EDGE('',*,*,#1694,.F.);
#2268=ORIENTED_EDGE('',*,*,#1693,.F.);
#2269=ORIENTED_EDGE('',*,*,#1695,.F.);
#2270=ORIENTED_EDGE('',*,*,#1696,.T.);
#2271=ORIENTED_EDGE('',*,*,#1697,.F.);
#2272=ORIENTED_EDGE('',*,*,#1696,.F.);
#2273=ORIENTED_EDGE('',*,*,#1698,.F.);
#2274=ORIENTED_EDGE('',*,*,#1699,.T.);
#2275=ORIENTED_EDGE('',*,*,#1700,.F.);
#2276=ORIENTED_EDGE('',*,*,#1699,.F.);
#2277=ORIENTED_EDGE('',*,*,#1701,.F.);
#2278=ORIENTED_EDGE('',*,*,#1702,.T.);
#2279=ORIENTED_EDGE('',*,*,#1703,.F.);
#2280=ORIENTED_EDGE('',*,*,#1702,.F.);
#2281=ORIENTED_EDGE('',*,*,#1704,.F.);
#2282=ORIENTED_EDGE('',*,*,#1705,.T.);
#2283=ORIENTED_EDGE('',*,*,#1706,.F.);
#2284=ORIENTED_EDGE('',*,*,#1705,.F.);
#2285=ORIENTED_EDGE('',*,*,#1707,.F.);
#2286=ORIENTED_EDGE('',*,*,#1708,.T.);
#2287=ORIENTED_EDGE('',*,*,#1709,.F.);
#2288=ORIENTED_EDGE('',*,*,#1708,.F.);
#2289=ORIENTED_EDGE('',*,*,#1710,.F.);
#2290=ORIENTED_EDGE('',*,*,#1711,.T.);
#2291=ORIENTED_EDGE('',*,*,#1712,.F.);
#2292=ORIENTED_EDGE('',*,*,#1711,.F.);
#2293=ORIENTED_EDGE('',*,*,#1713,.F.);
#2294=ORIENTED_EDGE('',*,*,#1714,.T.);
#2295=ORIENTED_EDGE('',*,*,#1715,.F.);
#2296=ORIENTED_EDGE('',*,*,#1714,.F.);
#2297=ORIENTED_EDGE('',*,*,#1716,.F.);
#2298=ORIENTED_EDGE('',*,*,#1717,.T.);
#2299=ORIENTED_EDGE('',*,*,#1718,.F.);
#2300=ORIENTED_EDGE('',*,*,#1717,.F.);
#2301=ORIENTED_EDGE('',*,*,#1719,.F.);
#2302=ORIENTED_EDGE('',*,*,#1720,.T.);
#2303=ORIENTED_EDGE('',*,*,#1721,.F.);
#2304=ORIENTED_EDGE('',*,*,#1720,.F.);
#2305=ORIENTED_EDGE('',*,*,#1722,.F.);
#2306=ORIENTED_EDGE('',*,*,#1723,.T.);
#2307=ORIENTED_EDGE('',*,*,#1724,.F.);
#2308=ORIENTED_EDGE('',*,*,#1723,.F.);
#2309=ORIENTED_EDGE('',*,*,#1725,.F.);
#2310=ORIENTED_EDGE('',*,*,#1726,.T.);
#2311=ORIENTED_EDGE('',*,*,#1727,.F.);
#2312=ORIENTED_EDGE('',*,*,#1726,.F.);
#2313=ORIENTED_EDGE('',*,*,#1728,.F.);
#2314=ORIENTED_EDGE('',*,*,#1729,.T.);
#2315=ORIENTED_EDGE('',*,*,#1730,.F.);
#2316=ORIENTED_EDGE('',*,*,#1729,.F.);
#2317=ORIENTED_EDGE('',*,*,#1731,.F.);
#2318=ORIENTED_EDGE('',*,*,#1732,.T.);
#2319=ORIENTED_EDGE('',*,*,#1733,.F.);
#2320=ORIENTED_EDGE('',*,*,#1732,.F.);
#2321=ORIENTED_EDGE('',*,*,#1734,.F.);
#2322=ORIENTED_EDGE('',*,*,#1735,.T.);
#2323=ORIENTED_EDGE('',*,*,#1736,.F.);
#2324=ORIENTED_EDGE('',*,*,#1735,.F.);
#2325=ORIENTED_EDGE('',*,*,#1737,.F.);
#2326=ORIENTED_EDGE('',*,*,#1738,.T.);
#2327=ORIENTED_EDGE('',*,*,#1739,.F.);
#2328=ORIENTED_EDGE('',*,*,#1738,.F.);
#2329=ORIENTED_EDGE('',*,*,#1740,.F.);
#2330=ORIENTED_EDGE('',*,*,#1741,.T.);
#2331=ORIENTED_EDGE('',*,*,#1742,.F.);
#2332=ORIENTED_EDGE('',*,*,#1741,.F.);
#2333=ORIENTED_EDGE('',*,*,#1743,.F.);
#2334=ORIENTED_EDGE('',*,*,#1744,.T.);
#2335=ORIENTED_EDGE('',*,*,#1745,.F.);
#2336=ORIENTED_EDGE('',*,*,#1744,.F.);
#2337=ORIENTED_EDGE('',*,*,#1746,.F.);
#2338=ORIENTED_EDGE('',*,*,#1747,.T.);
#2339=ORIENTED_EDGE('',*,*,#1748,.F.);
#2340=ORIENTED_EDGE('',*,*,#1747,.F.);
#2341=ORIENTED_EDGE('',*,*,#1749,.F.);
#2342=ORIENTED_EDGE('',*,*,#1750,.T.);
#2343=ORIENTED_EDGE('',*,*,#1751,.F.);
#2344=ORIENTED_EDGE('',*,*,#1750,.F.);
#2345=ORIENTED_EDGE('',*,*,#1752,.F.);
#2346=ORIENTED_EDGE('',*,*,#1753,.T.);
#2347=ORIENTED_EDGE('',*,*,#1754,.F.);
#2348=ORIENTED_EDGE('',*,*,#1753,.F.);
#2349=ORIENTED_EDGE('',*,*,#1755,.F.);
#2350=ORIENTED_EDGE('',*,*,#1756,.T.);
#2351=ORIENTED_EDGE('',*,*,#1757,.F.);
#2352=ORIENTED_EDGE('',*,*,#1756,.F.);
#2353=ORIENTED_EDGE('',*,*,#1758,.F.);
#2354=ORIENTED_EDGE('',*,*,#1759,.T.);
#2355=ORIENTED_EDGE('',*,*,#1760,.F.);
#2356=ORIENTED_EDGE('',*,*,#1759,.F.);
#2357=ORIENTED_EDGE('',*,*,#1761,.F.);
#2358=ORIENTED_EDGE('',*,*,#1762,.T.);
#2359=ORIENTED_EDGE('',*,*,#1763,.F.);
#2360=ORIENTED_EDGE('',*,*,#1762,.F.);
#2361=ORIENTED_EDGE('',*,*,#1764,.F.);
#2362=ORIENTED_EDGE('',*,*,#1765,.T.);
#2363=ORIENTED_EDGE('',*,*,#1766,.F.);
#2364=ORIENTED_EDGE('',*,*,#1765,.F.);
#2365=ORIENTED_EDGE('',*,*,#1767,.F.);
#2366=ORIENTED_EDGE('',*,*,#1768,.T.);
#2367=ORIENTED_EDGE('',*,*,#1769,.F.);
#2368=ORIENTED_EDGE('',*,*,#1768,.F.);
#2369=ORIENTED_EDGE('',*,*,#1770,.F.);
#2370=ORIENTED_EDGE('',*,*,#1771,.T.);
#2371=ORIENTED_EDGE('',*,*,#1772,.F.);
#2372=ORIENTED_EDGE('',*,*,#1771,.F.);
#2373=ORIENTED_EDGE('',*,*,#1773,.F.);
#2374=ORIENTED_EDGE('',*,*,#1774,.T.);
#2375=ORIENTED_EDGE('',*,*,#1775,.F.);
#2376=ORIENTED_EDGE('',*,*,#1774,.F.);
#2377=ORIENTED_EDGE('',*,*,#1776,.F.);
#2378=ORIENTED_EDGE('',*,*,#1777,.T.);
#2379=ORIENTED_EDGE('',*,*,#1778,.F.);
#2380=ORIENTED_EDGE('',*,*,#1777,.F.);
#2381=ORIENTED_EDGE('',*,*,#1779,.F.);
#2382=ORIENTED_EDGE('',*,*,#1780,.T.);
#2383=ORIENTED_EDGE('',*,*,#1781,.F.);
#2384=ORIENTED_EDGE('',*,*,#1780,.F.);
#2385=ORIENTED_EDGE('',*,*,#1782,.F.);
#2386=ORIENTED_EDGE('',*,*,#1783,.T.);
#2387=ORIENTED_EDGE('',*,*,#1784,.F.);
#2388=ORIENTED_EDGE('',*,*,#1783,.F.);
#2389=ORIENTED_EDGE('',*,*,#1785,.F.);
#2390=ORIENTED_EDGE('',*,*,#1786,.T.);
#2391=ORIENTED_EDGE('',*,*,#1787,.F.);
#2392=ORIENTED_EDGE('',*,*,#1786,.F.);
#2393=ORIENTED_EDGE('',*,*,#1788,.F.);
#2394=ORIENTED_EDGE('',*,*,#1789,.T.);
#2395=ORIENTED_EDGE('',*,*,#1790,.F.);
#2396=ORIENTED_EDGE('',*,*,#1789,.F.);
#2397=ORIENTED_EDGE('',*,*,#1791,.F.);
#2398=ORIENTED_EDGE('',*,*,#1792,.T.);
#2399=ORIENTED_EDGE('',*,*,#1793,.F.);
#2400=ORIENTED_EDGE('',*,*,#1792,.F.);
#2401=ORIENTED_EDGE('',*,*,#1794,.F.);
#2402=ORIENTED_EDGE('',*,*,#1795,.T.);
#2403=ORIENTED_EDGE('',*,*,#1796,.F.);
#2404=ORIENTED_EDGE('',*,*,#1795,.F.);
#2405=ORIENTED_EDGE('',*,*,#1797,.F.);
#2406=ORIENTED_EDGE('',*,*,#1798,.T.);
#2407=ORIENTED_EDGE('',*,*,#1799,.F.);
#2408=ORIENTED_EDGE('',*,*,#1798,.F.);
#2409=ORIENTED_EDGE('',*,*,#1800,.F.);
#2410=ORIENTED_EDGE('',*,*,#1801,.T.);
#2411=ORIENTED_EDGE('',*,*,#1802,.F.);
#2412=ORIENTED_EDGE('',*,*,#1801,.F.);
#2413=ORIENTED_EDGE('',*,*,#1803,.F.);
#2414=ORIENTED_EDGE('',*,*,#1804,.T.);
#2415=ORIENTED_EDGE('',*,*,#1805,.F.);
#2416=ORIENTED_EDGE('',*,*,#1804,.F.);
#2417=ORIENTED_EDGE('',*,*,#1806,.F.);
#2418=ORIENTED_EDGE('',*,*,#1807,.T.);
#2419=ORIENTED_EDGE('',*,*,#1808,.F.);
#2420=ORIENTED_EDGE('',*,*,#1807,.F.);
#2421=ORIENTED_EDGE('',*,*,#1809,.F.);
#2422=ORIENTED_EDGE('',*,*,#1810,.T.);
#2423=ORIENTED_EDGE('',*,*,#1811,.F.);
#2424=ORIENTED_EDGE('',*,*,#1810,.F.);
#2425=ORIENTED_EDGE('',*,*,#1812,.F.);
#2426=ORIENTED_EDGE('',*,*,#1813,.T.);
#2427=ORIENTED_EDGE('',*,*,#1814,.F.);
#2428=ORIENTED_EDGE('',*,*,#1813,.F.);
#2429=ORIENTED_EDGE('',*,*,#1815,.F.);
#2430=ORIENTED_EDGE('',*,*,#1816,.T.);
#2431=ORIENTED_EDGE('',*,*,#1817,.F.);
#2432=ORIENTED_EDGE('',*,*,#1816,.F.);
#2433=ORIENTED_EDGE('',*,*,#1818,.F.);
#2434=ORIENTED_EDGE('',*,*,#1819,.T.);
#2435=ORIENTED_EDGE('',*,*,#1820,.F.);
#2436=ORIENTED_EDGE('',*,*,#1819,.F.);
#2437=ORIENTED_EDGE('',*,*,#1821,.F.);
#2438=ORIENTED_EDGE('',*,*,#1822,.T.);
#2439=ORIENTED_EDGE('',*,*,#1823,.F.);
#2440=ORIENTED_EDGE('',*,*,#1822,.F.);
#2441=ORIENTED_EDGE('',*,*,#1824,.F.);
#2442=ORIENTED_EDGE('',*,*,#1825,.T.);
#2443=ORIENTED_EDGE('',*,*,#1826,.F.);
#2444=ORIENTED_EDGE('',*,*,#1825,.F.);
#2445=ORIENTED_EDGE('',*,*,#1827,.F.);
#2446=ORIENTED_EDGE('',*,*,#1828,.T.);
#2447=ORIENTED_EDGE('',*,*,#1829,.F.);
#2448=ORIENTED_EDGE('',*,*,#1828,.F.);
#2449=ORIENTED_EDGE('',*,*,#1830,.F.);
#2450=ORIENTED_EDGE('',*,*,#1831,.T.);
#2451=ORIENTED_EDGE('',*,*,#1832,.F.);
#2452=ORIENTED_EDGE('',*,*,#1831,.F.);
#2453=ORIENTED_EDGE('',*,*,#1833,.F.);
#2454=ORIENTED_EDGE('',*,*,#1834,.T.);
#2455=ORIENTED_EDGE('',*,*,#1835,.F.);
#2456=ORIENTED_EDGE('',*,*,#1834,.F.);
#2457=ORIENTED_EDGE('',*,*,#1836,.F.);
#2458=ORIENTED_EDGE('',*,*,#1837,.T.);
#2459=ORIENTED_EDGE('',*,*,#1838,.F.);
#2460=ORIENTED_EDGE('',*,*,#1837,.F.);
#2461=ORIENTED_EDGE('',*,*,#1839,.F.);
#2462=ORIENTED_EDGE('',*,*,#1840,.T.);
#2463=ORIENTED_EDGE('',*,*,#1841,.F.);
#2464=ORIENTED_EDGE('',*,*,#1840,.F.);
#2465=ORIENTED_EDGE('',*,*,#1842,.F.);
#2466=ORIENTED_EDGE('',*,*,#1843,.T.);
#2467=ORIENTED_EDGE('',*,*,#1844,.F.);
#2468=ORIENTED_EDGE('',*,*,#1843,.F.);
#2469=ORIENTED_EDGE('',*,*,#1845,.F.);
#2470=ORIENTED_EDGE('',*,*,#1846,.T.);
#2471=ORIENTED_EDGE('',*,*,#1847,.F.);
#2472=ORIENTED_EDGE('',*,*,#1846,.F.);
#2473=ORIENTED_EDGE('',*,*,#1848,.F.);
#2474=ORIENTED_EDGE('',*,*,#1849,.T.);
#2475=ORIENTED_EDGE('',*,*,#1850,.F.);
#2476=ORIENTED_EDGE('',*,*,#1849,.F.);
#2477=ORIENTED_EDGE('',*,*,#1851,.F.);
#2478=ORIENTED_EDGE('',*,*,#1852,.T.);
#2479=ORIENTED_EDGE('',*,*,#1853,.F.);
#2480=ORIENTED_EDGE('',*,*,#1852,.F.);
#2481=ORIENTED_EDGE('',*,*,#1854,.F.);
#2482=ORIENTED_EDGE('',*,*,#1855,.T.);
#2483=ORIENTED_EDGE('',*,*,#1856,.F.);
#2484=ORIENTED_EDGE('',*,*,#1855,.F.);
#2485=ORIENTED_EDGE('',*,*,#1857,.F.);
#2486=ORIENTED_EDGE('',*,*,#1858,.T.);
#2487=ORIENTED_EDGE('',*,*,#1859,.F.);
#2488=ORIENTED_EDGE('',*,*,#1858,.F.);
#2489=ORIENTED_EDGE('',*,*,#1860,.F.);
#2490=ORIENTED_EDGE('',*,*,#1861,.T.);
#2491=ORIENTED_EDGE('',*,*,#1862,.T.);
#2492=ORIENTED_EDGE('',*,*,#1861,.F.);
#2493=ORIENTED_EDGE('',*,*,#1860,.T.);
#2494=ORIENTED_EDGE('',*,*,#1859,.T.);
#2495=ORIENTED_EDGE('',*,*,#1856,.T.);
#2496=ORIENTED_EDGE('',*,*,#1853,.T.);
#2497=ORIENTED_EDGE('',*,*,#1850,.T.);
#2498=ORIENTED_EDGE('',*,*,#1847,.T.);
#2499=ORIENTED_EDGE('',*,*,#1844,.T.);
#2500=ORIENTED_EDGE('',*,*,#1841,.T.);
#2501=ORIENTED_EDGE('',*,*,#1838,.T.);
#2502=ORIENTED_EDGE('',*,*,#1835,.T.);
#2503=ORIENTED_EDGE('',*,*,#1832,.T.);
#2504=ORIENTED_EDGE('',*,*,#1829,.T.);
#2505=ORIENTED_EDGE('',*,*,#1826,.T.);
#2506=ORIENTED_EDGE('',*,*,#1823,.T.);
#2507=ORIENTED_EDGE('',*,*,#1820,.T.);
#2508=ORIENTED_EDGE('',*,*,#1817,.T.);
#2509=ORIENTED_EDGE('',*,*,#1814,.T.);
#2510=ORIENTED_EDGE('',*,*,#1811,.T.);
#2511=ORIENTED_EDGE('',*,*,#1808,.T.);
#2512=ORIENTED_EDGE('',*,*,#1805,.T.);
#2513=ORIENTED_EDGE('',*,*,#1802,.T.);
#2514=ORIENTED_EDGE('',*,*,#1799,.T.);
#2515=ORIENTED_EDGE('',*,*,#1796,.T.);
#2516=ORIENTED_EDGE('',*,*,#1793,.T.);
#2517=ORIENTED_EDGE('',*,*,#1790,.T.);
#2518=ORIENTED_EDGE('',*,*,#1787,.T.);
#2519=ORIENTED_EDGE('',*,*,#1784,.T.);
#2520=ORIENTED_EDGE('',*,*,#1781,.T.);
#2521=ORIENTED_EDGE('',*,*,#1778,.T.);
#2522=ORIENTED_EDGE('',*,*,#1775,.T.);
#2523=ORIENTED_EDGE('',*,*,#1772,.T.);
#2524=ORIENTED_EDGE('',*,*,#1769,.T.);
#2525=ORIENTED_EDGE('',*,*,#1766,.T.);
#2526=ORIENTED_EDGE('',*,*,#1763,.T.);
#2527=ORIENTED_EDGE('',*,*,#1760,.T.);
#2528=ORIENTED_EDGE('',*,*,#1757,.T.);
#2529=ORIENTED_EDGE('',*,*,#1754,.T.);
#2530=ORIENTED_EDGE('',*,*,#1751,.T.);
#2531=ORIENTED_EDGE('',*,*,#1748,.T.);
#2532=ORIENTED_EDGE('',*,*,#1745,.T.);
#2533=ORIENTED_EDGE('',*,*,#1742,.T.);
#2534=ORIENTED_EDGE('',*,*,#1739,.T.);
#2535=ORIENTED_EDGE('',*,*,#1736,.T.);
#2536=ORIENTED_EDGE('',*,*,#1733,.T.);
#2537=ORIENTED_EDGE('',*,*,#1730,.T.);
#2538=ORIENTED_EDGE('',*,*,#1727,.T.);
#2539=ORIENTED_EDGE('',*,*,#1724,.T.);
#2540=ORIENTED_EDGE('',*,*,#1721,.T.);
#2541=ORIENTED_EDGE('',*,*,#1718,.T.);
#2542=ORIENTED_EDGE('',*,*,#1715,.T.);
#2543=ORIENTED_EDGE('',*,*,#1712,.T.);
#2544=ORIENTED_EDGE('',*,*,#1709,.T.);
#2545=ORIENTED_EDGE('',*,*,#1706,.T.);
#2546=ORIENTED_EDGE('',*,*,#1703,.T.);
#2547=ORIENTED_EDGE('',*,*,#1700,.T.);
#2548=ORIENTED_EDGE('',*,*,#1697,.T.);
#2549=ORIENTED_EDGE('',*,*,#1694,.T.);
#2550=ORIENTED_EDGE('',*,*,#1691,.T.);
#2551=ORIENTED_EDGE('',*,*,#1688,.T.);
#2552=ORIENTED_EDGE('',*,*,#1685,.T.);
#2553=ORIENTED_EDGE('',*,*,#1682,.T.);
#2554=ORIENTED_EDGE('',*,*,#1679,.T.);
#2555=ORIENTED_EDGE('',*,*,#1676,.T.);
#2556=ORIENTED_EDGE('',*,*,#1673,.T.);
#2557=ORIENTED_EDGE('',*,*,#1670,.T.);
#2558=ORIENTED_EDGE('',*,*,#1667,.T.);
#2559=ORIENTED_EDGE('',*,*,#1664,.T.);
#2560=ORIENTED_EDGE('',*,*,#1661,.T.);
#2561=ORIENTED_EDGE('',*,*,#1658,.T.);
#2562=ORIENTED_EDGE('',*,*,#1655,.T.);
#2563=ORIENTED_EDGE('',*,*,#1652,.T.);
#2564=ORIENTED_EDGE('',*,*,#1649,.T.);
#2565=ORIENTED_EDGE('',*,*,#1646,.T.);
#2566=ORIENTED_EDGE('',*,*,#1643,.T.);
#2567=ORIENTED_EDGE('',*,*,#1862,.F.);
#2568=ORIENTED_EDGE('',*,*,#1857,.T.);
#2569=ORIENTED_EDGE('',*,*,#1854,.T.);
#2570=ORIENTED_EDGE('',*,*,#1851,.T.);
#2571=ORIENTED_EDGE('',*,*,#1848,.T.);
#2572=ORIENTED_EDGE('',*,*,#1845,.T.);
#2573=ORIENTED_EDGE('',*,*,#1842,.T.);
#2574=ORIENTED_EDGE('',*,*,#1839,.T.);
#2575=ORIENTED_EDGE('',*,*,#1836,.T.);
#2576=ORIENTED_EDGE('',*,*,#1833,.T.);
#2577=ORIENTED_EDGE('',*,*,#1830,.T.);
#2578=ORIENTED_EDGE('',*,*,#1827,.T.);
#2579=ORIENTED_EDGE('',*,*,#1824,.T.);
#2580=ORIENTED_EDGE('',*,*,#1821,.T.);
#2581=ORIENTED_EDGE('',*,*,#1818,.T.);
#2582=ORIENTED_EDGE('',*,*,#1815,.T.);
#2583=ORIENTED_EDGE('',*,*,#1812,.T.);
#2584=ORIENTED_EDGE('',*,*,#1809,.T.);
#2585=ORIENTED_EDGE('',*,*,#1806,.T.);
#2586=ORIENTED_EDGE('',*,*,#1803,.T.);
#2587=ORIENTED_EDGE('',*,*,#1800,.T.);
#2588=ORIENTED_EDGE('',*,*,#1797,.T.);
#2589=ORIENTED_EDGE('',*,*,#1794,.T.);
#2590=ORIENTED_EDGE('',*,*,#1791,.T.);
#2591=ORIENTED_EDGE('',*,*,#1788,.T.);
#2592=ORIENTED_EDGE('',*,*,#1785,.T.);
#2593=ORIENTED_EDGE('',*,*,#1782,.T.);
#2594=ORIENTED_EDGE('',*,*,#1779,.T.);
#2595=ORIENTED_EDGE('',*,*,#1776,.T.);
#2596=ORIENTED_EDGE('',*,*,#1773,.T.);
#2597=ORIENTED_EDGE('',*,*,#1770,.T.);
#2598=ORIENTED_EDGE('',*,*,#1767,.T.);
#2599=ORIENTED_EDGE('',*,*,#1764,.T.);
#2600=ORIENTED_EDGE('',*,*,#1761,.T.);
#2601=ORIENTED_EDGE('',*,*,#1758,.T.);
#2602=ORIENTED_EDGE('',*,*,#1755,.T.);
#2603=ORIENTED_EDGE('',*,*,#1752,.T.);
#2604=ORIENTED_EDGE('',*,*,#1749,.T.);
#2605=ORIENTED_EDGE('',*,*,#1746,.T.);
#2606=ORIENTED_EDGE('',*,*,#1743,.T.);
#2607=ORIENTED_EDGE('',*,*,#1740,.T.);
#2608=ORIENTED_EDGE('',*,*,#1737,.T.);
#2609=ORIENTED_EDGE('',*,*,#1734,.T.);
#2610=ORIENTED_EDGE('',*,*,#1731,.T.);
#2611=ORIENTED_EDGE('',*,*,#1728,.T.);
#2612=ORIENTED_EDGE('',*,*,#1725,.T.);
#2613=ORIENTED_EDGE('',*,*,#1722,.T.);
#2614=ORIENTED_EDGE('',*,*,#1719,.T.);
#2615=ORIENTED_EDGE('',*,*,#1716,.T.);
#2616=ORIENTED_EDGE('',*,*,#1713,.T.);
#2617=ORIENTED_EDGE('',*,*,#1710,.T.);
#2618=ORIENTED_EDGE('',*,*,#1707,.T.);
#2619=ORIENTED_EDGE('',*,*,#1704,.T.);
#2620=ORIENTED_EDGE('',*,*,#1701,.T.);
#2621=ORIENTED_EDGE('',*,*,#1698,.T.);
#2622=ORIENTED_EDGE('',*,*,#1695,.T.);
#2623=ORIENTED_EDGE('',*,*,#1692,.T.);
#2624=ORIENTED_EDGE('',*,*,#1689,.T.);
#2625=ORIENTED_EDGE('',*,*,#1686,.T.);
#2626=ORIENTED_EDGE('',*,*,#1683,.T.);
#2627=ORIENTED_EDGE('',*,*,#1680,.T.);
#2628=ORIENTED_EDGE('',*,*,#1677,.T.);
#2629=ORIENTED_EDGE('',*,*,#1674,.T.);
#2630=ORIENTED_EDGE('',*,*,#1671,.T.);
#2631=ORIENTED_EDGE('',*,*,#1668,.T.);
#2632=ORIENTED_EDGE('',*,*,#1665,.T.);
#2633=ORIENTED_EDGE('',*,*,#1662,.T.);
#2634=ORIENTED_EDGE('',*,*,#1659,.T.);
#2635=ORIENTED_EDGE('',*,*,#1656,.T.);
#2636=ORIENTED_EDGE('',*,*,#1653,.T.);
#2637=ORIENTED_EDGE('',*,*,#1650,.T.);
#2638=ORIENTED_EDGE('',*,*,#1647,.T.);
#2639=ORIENTED_EDGE('',*,*,#1644,.T.);
#2640=ORIENTED_EDGE('',*,*,#1641,.T.);
#2641=CYLINDRICAL_SURFACE('',#2885,1.);
#2642=CYLINDRICAL_SURFACE('',#2888,41.5);
#2643=CYLINDRICAL_SURFACE('',#2893,44.5);
#2644=CYLINDRICAL_SURFACE('',#2905,44.5);
#2645=CYLINDRICAL_SURFACE('',#2917,41.5);
#2646=CYLINDRICAL_SURFACE('',#2922,44.5);
#2647=CYLINDRICAL_SURFACE('',#2934,41.5);
#2648=CYLINDRICAL_SURFACE('',#2939,44.5);
#2649=CYLINDRICAL_SURFACE('',#2951,41.5);
#2650=CYLINDRICAL_SURFACE('',#2956,44.5);
#2651=CYLINDRICAL_SURFACE('',#2968,41.5);
#2652=CYLINDRICAL_SURFACE('',#2973,44.5);
#2653=CYLINDRICAL_SURFACE('',#2985,41.5);
#2654=CYLINDRICAL_SURFACE('',#2993,47.);
#2655=CYLINDRICAL_SURFACE('',#3005,40.);
#2656=CYLINDRICAL_SURFACE('',#3006,0.5);
#2657=CYLINDRICAL_SURFACE('',#3009,0.5);
#2658=CYLINDRICAL_SURFACE('',#3012,0.499999999999999);
#2659=CYLINDRICAL_SURFACE('',#3015,0.5);
#2660=CYLINDRICAL_SURFACE('',#3018,0.499999999999999);
#2661=CYLINDRICAL_SURFACE('',#3021,0.5);
#2662=CYLINDRICAL_SURFACE('',#3024,0.5);
#2663=CYLINDRICAL_SURFACE('',#3027,0.5);
#2664=CYLINDRICAL_SURFACE('',#3030,0.5);
#2665=CYLINDRICAL_SURFACE('',#3033,0.5);
#2666=CYLINDRICAL_SURFACE('',#3036,0.5);
#2667=CYLINDRICAL_SURFACE('',#3039,0.5);
#2668=CYLINDRICAL_SURFACE('',#3042,0.5);
#2669=CYLINDRICAL_SURFACE('',#3045,0.5);
#2670=CYLINDRICAL_SURFACE('',#3048,0.5);
#2671=CYLINDRICAL_SURFACE('',#3051,0.5);
#2672=CYLINDRICAL_SURFACE('',#3054,0.5);
#2673=CYLINDRICAL_SURFACE('',#3057,0.5);
#2674=CYLINDRICAL_SURFACE('',#3060,0.5);
#2675=CYLINDRICAL_SURFACE('',#3063,0.5);
#2676=CYLINDRICAL_SURFACE('',#3066,0.5);
#2677=CYLINDRICAL_SURFACE('',#3069,0.5);
#2678=CYLINDRICAL_SURFACE('',#3072,0.5);
#2679=CYLINDRICAL_SURFACE('',#3075,0.5);
#2680=CYLINDRICAL_SURFACE('',#3078,0.5);
#2681=CYLINDRICAL_SURFACE('',#3081,0.5);
#2682=CYLINDRICAL_SURFACE('',#3084,0.5);
#2683=CYLINDRICAL_SURFACE('',#3087,0.5);
#2684=CYLINDRICAL_SURFACE('',#3090,0.5);
#2685=CYLINDRICAL_SURFACE('',#3093,0.5);
#2686=CYLINDRICAL_SURFACE('',#3096,0.5);
#2687=CYLINDRICAL_SURFACE('',#3099,0.5);
#2688=CYLINDRICAL_SURFACE('',#3102,0.5);
#2689=CYLINDRICAL_SURFACE('',#3105,0.5);
#2690=CYLINDRICAL_SURFACE('',#3108,0.5);
#2691=CYLINDRICAL_SURFACE('',#3111,0.5);
#2692=CYLINDRICAL_SURFACE('',#3114,0.5);
#2693=CYLINDRICAL_SURFACE('',#3117,0.5);
#2694=CYLINDRICAL_SURFACE('',#3120,0.5);
#2695=CYLINDRICAL_SURFACE('',#3123,0.5);
#2696=CYLINDRICAL_SURFACE('',#3126,0.5);
#2697=CYLINDRICAL_SURFACE('',#3129,0.5);
#2698=CYLINDRICAL_SURFACE('',#3132,0.5);
#2699=CYLINDRICAL_SURFACE('',#3135,0.5);
#2700=CYLINDRICAL_SURFACE('',#3138,0.5);
#2701=CYLINDRICAL_SURFACE('',#3141,0.500000000000001);
#2702=CYLINDRICAL_SURFACE('',#3144,0.5);
#2703=CYLINDRICAL_SURFACE('',#3147,0.5);
#2704=CYLINDRICAL_SURFACE('',#3150,0.5);
#2705=CYLINDRICAL_SURFACE('',#3153,0.500000000000001);
#2706=CYLINDRICAL_SURFACE('',#3156,0.5);
#2707=CYLINDRICAL_SURFACE('',#3159,0.5);
#2708=CYLINDRICAL_SURFACE('',#3162,0.5);
#2709=CYLINDRICAL_SURFACE('',#3165,0.5);
#2710=CYLINDRICAL_SURFACE('',#3168,0.5);
#2711=CYLINDRICAL_SURFACE('',#3171,0.5);
#2712=CYLINDRICAL_SURFACE('',#3174,0.5);
#2713=CYLINDRICAL_SURFACE('',#3177,0.5);
#2714=CYLINDRICAL_SURFACE('',#3180,0.5);
#2715=CYLINDRICAL_SURFACE('',#3183,0.5);
#2716=CYLINDRICAL_SURFACE('',#3186,0.5);
#2717=CYLINDRICAL_SURFACE('',#3189,0.5);
#2718=CYLINDRICAL_SURFACE('',#3192,0.5);
#2719=CYLINDRICAL_SURFACE('',#3195,0.5);
#2720=CYLINDRICAL_SURFACE('',#3198,0.5);
#2721=CYLINDRICAL_SURFACE('',#3201,0.500000000000001);
#2722=CYLINDRICAL_SURFACE('',#3204,0.5);
#2723=CYLINDRICAL_SURFACE('',#3207,0.5);
#2724=CYLINDRICAL_SURFACE('',#3210,0.5);
#2725=CYLINDRICAL_SURFACE('',#3213,0.5);
#2726=CYLINDRICAL_SURFACE('',#3216,0.499999999999999);
#2727=CYLINDRICAL_SURFACE('',#3219,0.5);
#2728=CYLINDRICAL_SURFACE('',#3222,0.499999999999999);
#2729=CYLINDRICAL_SURFACE('',#3225,29.6464096453129);
#2730=ADVANCED_FACE('',(#219),#2641,.F.);
#2731=ADVANCED_FACE('',(#220),#218,.T.);
#2732=ADVANCED_FACE('',(#221),#2642,.T.);
#2733=ADVANCED_FACE('',(#222),#188,.T.);
#2734=ADVANCED_FACE('',(#223),#2643,.F.);
#2735=ADVANCED_FACE('',(#224),#189,.F.);
#2736=ADVANCED_FACE('',(#225),#190,.F.);
#2737=ADVANCED_FACE('',(#226),#191,.T.);
#2738=ADVANCED_FACE('',(#227),#168,.F.);
#2739=ADVANCED_FACE('',(#228),#169,.F.);
#2740=ADVANCED_FACE('',(#229),#170,.T.);
#2741=ADVANCED_FACE('',(#230),#2644,.F.);
#2742=ADVANCED_FACE('',(#231),#192,.F.);
#2743=ADVANCED_FACE('',(#232),#193,.F.);
#2744=ADVANCED_FACE('',(#233),#194,.T.);
#2745=ADVANCED_FACE('',(#234),#195,.T.);
#2746=ADVANCED_FACE('',(#235),#2645,.T.);
#2747=ADVANCED_FACE('',(#236),#171,.F.);
#2748=ADVANCED_FACE('',(#237),#172,.F.);
#2749=ADVANCED_FACE('',(#238),#173,.T.);
#2750=ADVANCED_FACE('',(#239),#2646,.F.);
#2751=ADVANCED_FACE('',(#240),#196,.F.);
#2752=ADVANCED_FACE('',(#241),#197,.F.);
#2753=ADVANCED_FACE('',(#242),#198,.T.);
#2754=ADVANCED_FACE('',(#243),#199,.T.);
#2755=ADVANCED_FACE('',(#244),#2647,.T.);
#2756=ADVANCED_FACE('',(#245),#174,.F.);
#2757=ADVANCED_FACE('',(#246),#175,.F.);
#2758=ADVANCED_FACE('',(#247),#176,.T.);
#2759=ADVANCED_FACE('',(#248),#2648,.F.);
#2760=ADVANCED_FACE('',(#249),#200,.F.);
#2761=ADVANCED_FACE('',(#250),#201,.F.);
#2762=ADVANCED_FACE('',(#251),#202,.T.);
#2763=ADVANCED_FACE('',(#252),#203,.T.);
#2764=ADVANCED_FACE('',(#253),#2649,.T.);
#2765=ADVANCED_FACE('',(#254),#177,.F.);
#2766=ADVANCED_FACE('',(#255),#178,.F.);
#2767=ADVANCED_FACE('',(#256),#179,.T.);
#2768=ADVANCED_FACE('',(#257),#2650,.F.);
#2769=ADVANCED_FACE('',(#258),#204,.F.);
#2770=ADVANCED_FACE('',(#259),#205,.F.);
#2771=ADVANCED_FACE('',(#260),#206,.T.);
#2772=ADVANCED_FACE('',(#261),#207,.T.);
#2773=ADVANCED_FACE('',(#262),#2651,.T.);
#2774=ADVANCED_FACE('',(#263),#180,.F.);
#2775=ADVANCED_FACE('',(#264),#181,.F.);
#2776=ADVANCED_FACE('',(#265),#182,.T.);
#2777=ADVANCED_FACE('',(#266),#2652,.F.);
#2778=ADVANCED_FACE('',(#267),#208,.F.);
#2779=ADVANCED_FACE('',(#268),#209,.F.);
#2780=ADVANCED_FACE('',(#269),#210,.T.);
#2781=ADVANCED_FACE('',(#270),#211,.T.);
#2782=ADVANCED_FACE('',(#271),#2653,.T.);
#2783=ADVANCED_FACE('',(#272),#183,.F.);
#2784=ADVANCED_FACE('',(#273),#184,.F.);
#2785=ADVANCED_FACE('',(#274),#185,.T.);
#2786=ADVANCED_FACE('',(#275),#212,.T.);
#2787=ADVANCED_FACE('',(#276),#2654,.T.);
#2788=ADVANCED_FACE('',(#277),#213,.T.);
#2789=ADVANCED_FACE('',(#278),#214,.T.);
#2790=ADVANCED_FACE('',(#279,#17,#18,#19,#20,#21),#215,.F.);
#2791=ADVANCED_FACE('',(#280),#216,.F.);
#2792=ADVANCED_FACE('',(#281),#217,.F.);
#2793=ADVANCED_FACE('',(#282),#2655,.F.);
#2794=ADVANCED_FACE('',(#283),#2656,.F.);
#2795=ADVANCED_FACE('',(#284),#2657,.F.);
#2796=ADVANCED_FACE('',(#285),#2658,.F.);
#2797=ADVANCED_FACE('',(#286),#2659,.F.);
#2798=ADVANCED_FACE('',(#287),#2660,.F.);
#2799=ADVANCED_FACE('',(#288),#2661,.F.);
#2800=ADVANCED_FACE('',(#289),#2662,.F.);
#2801=ADVANCED_FACE('',(#290),#2663,.F.);
#2802=ADVANCED_FACE('',(#291),#2664,.F.);
#2803=ADVANCED_FACE('',(#292),#2665,.F.);
#2804=ADVANCED_FACE('',(#293),#2666,.F.);
#2805=ADVANCED_FACE('',(#294),#2667,.F.);
#2806=ADVANCED_FACE('',(#295),#2668,.F.);
#2807=ADVANCED_FACE('',(#296),#2669,.F.);
#2808=ADVANCED_FACE('',(#297),#2670,.F.);
#2809=ADVANCED_FACE('',(#298),#2671,.F.);
#2810=ADVANCED_FACE('',(#299),#2672,.F.);
#2811=ADVANCED_FACE('',(#300),#2673,.F.);
#2812=ADVANCED_FACE('',(#301),#2674,.F.);
#2813=ADVANCED_FACE('',(#302),#2675,.F.);
#2814=ADVANCED_FACE('',(#303),#2676,.F.);
#2815=ADVANCED_FACE('',(#304),#2677,.F.);
#2816=ADVANCED_FACE('',(#305),#2678,.F.);
#2817=ADVANCED_FACE('',(#306),#2679,.F.);
#2818=ADVANCED_FACE('',(#307),#2680,.F.);
#2819=ADVANCED_FACE('',(#308),#2681,.F.);
#2820=ADVANCED_FACE('',(#309),#2682,.F.);
#2821=ADVANCED_FACE('',(#310),#2683,.F.);
#2822=ADVANCED_FACE('',(#311),#2684,.F.);
#2823=ADVANCED_FACE('',(#312),#2685,.F.);
#2824=ADVANCED_FACE('',(#313),#2686,.F.);
#2825=ADVANCED_FACE('',(#314),#2687,.F.);
#2826=ADVANCED_FACE('',(#315),#2688,.F.);
#2827=ADVANCED_FACE('',(#316),#2689,.F.);
#2828=ADVANCED_FACE('',(#317),#2690,.F.);
#2829=ADVANCED_FACE('',(#318),#2691,.F.);
#2830=ADVANCED_FACE('',(#319),#2692,.F.);
#2831=ADVANCED_FACE('',(#320),#2693,.F.);
#2832=ADVANCED_FACE('',(#321),#2694,.F.);
#2833=ADVANCED_FACE('',(#322),#2695,.F.);
#2834=ADVANCED_FACE('',(#323),#2696,.F.);
#2835=ADVANCED_FACE('',(#324),#2697,.F.);
#2836=ADVANCED_FACE('',(#325),#2698,.F.);
#2837=ADVANCED_FACE('',(#326),#2699,.F.);
#2838=ADVANCED_FACE('',(#327),#2700,.F.);
#2839=ADVANCED_FACE('',(#328),#2701,.F.);
#2840=ADVANCED_FACE('',(#329),#2702,.F.);
#2841=ADVANCED_FACE('',(#330),#2703,.F.);
#2842=ADVANCED_FACE('',(#331),#2704,.F.);
#2843=ADVANCED_FACE('',(#332),#2705,.F.);
#2844=ADVANCED_FACE('',(#333),#2706,.F.);
#2845=ADVANCED_FACE('',(#334),#2707,.F.);
#2846=ADVANCED_FACE('',(#335),#2708,.F.);
#2847=ADVANCED_FACE('',(#336),#2709,.F.);
#2848=ADVANCED_FACE('',(#337),#2710,.F.);
#2849=ADVANCED_FACE('',(#338),#2711,.F.);
#2850=ADVANCED_FACE('',(#339),#2712,.F.);
#2851=ADVANCED_FACE('',(#340),#2713,.F.);
#2852=ADVANCED_FACE('',(#341),#2714,.F.);
#2853=ADVANCED_FACE('',(#342),#2715,.F.);
#2854=ADVANCED_FACE('',(#343),#2716,.F.);
#2855=ADVANCED_FACE('',(#344),#2717,.F.);
#2856=ADVANCED_FACE('',(#345),#2718,.F.);
#2857=ADVANCED_FACE('',(#346),#2719,.F.);
#2858=ADVANCED_FACE('',(#347),#2720,.F.);
#2859=ADVANCED_FACE('',(#348),#2721,.F.);
#2860=ADVANCED_FACE('',(#349),#2722,.F.);
#2861=ADVANCED_FACE('',(#350),#2723,.F.);
#2862=ADVANCED_FACE('',(#351),#2724,.F.);
#2863=ADVANCED_FACE('',(#352),#2725,.F.);
#2864=ADVANCED_FACE('',(#353),#2726,.F.);
#2865=ADVANCED_FACE('',(#354),#2727,.F.);
#2866=ADVANCED_FACE('',(#355),#2728,.F.);
#2867=ADVANCED_FACE('',(#356),#2729,.T.);
#2868=ADVANCED_FACE('',(#357,#22,#23,#24,#25,#26,#27,#28,#29,#30,#31,#32,
#33,#34,#35,#36,#37,#38,#39,#40,#41,#42,#43,#44,#45,#46,#47,#48,#49,#50,
#51,#52,#53,#54,#55,#56,#57,#58,#59,#60,#61,#62,#63,#64,#65,#66,#67,#68,
#69,#70,#71,#72,#73,#74,#75,#76,#77,#78,#79,#80,#81,#82,#83,#84,#85,#86,
#87,#88,#89,#90,#91,#92,#93,#94),#186,.T.);
#2869=ADVANCED_FACE('',(#358,#95,#96,#97,#98,#99,#100,#101,#102,#103,#104,
#105,#106,#107,#108,#109,#110,#111,#112,#113,#114,#115,#116,#117,#118,#119,
#120,#121,#122,#123,#124,#125,#126,#127,#128,#129,#130,#131,#132,#133,#134,
#135,#136,#137,#138,#139,#140,#141,#142,#143,#144,#145,#146,#147,#148,#149,
#150,#151,#152,#153,#154,#155,#156,#157,#158,#159,#160,#161,#162,#163,#164,
#165,#166,#167),#187,.F.);
#2870=CLOSED_SHELL('',(#2730,#2731,#2732,#2733,#2734,#2735,#2736,#2737,
#2738,#2739,#2740,#2741,#2742,#2743,#2744,#2745,#2746,#2747,#2748,#2749,
#2750,#2751,#2752,#2753,#2754,#2755,#2756,#2757,#2758,#2759,#2760,#2761,
#2762,#2763,#2764,#2765,#2766,#2767,#2768,#2769,#2770,#2771,#2772,#2773,
#2774,#2775,#2776,#2777,#2778,#2779,#2780,#2781,#2782,#2783,#2784,#2785,
#2786,#2787,#2788,#2789,#2790,#2791,#2792,#2793));
#2871=CLOSED_SHELL('',(#2794,#2795,#2796,#2797,#2798,#2799,#2800,#2801,
#2802,#2803,#2804,#2805,#2806,#2807,#2808,#2809,#2810,#2811,#2812,#2813,
#2814,#2815,#2816,#2817,#2818,#2819,#2820,#2821,#2822,#2823,#2824,#2825,
#2826,#2827,#2828,#2829,#2830,#2831,#2832,#2833,#2834,#2835,#2836,#2837,
#2838,#2839,#2840,#2841,#2842,#2843,#2844,#2845,#2846,#2847,#2848,#2849,
#2850,#2851,#2852,#2853,#2854,#2855,#2856,#2857,#2858,#2859,#2860,#2861,
#2862,#2863,#2864,#2865,#2866,#2867,#2868,#2869));
#2872=DERIVED_UNIT_ELEMENT(#2874,1.);
#2873=DERIVED_UNIT_ELEMENT(#4969,-3.);
#2874=(
MASS_UNIT()
NAMED_UNIT(*)
SI_UNIT(.KILO.,.GRAM.)
);
#2875=DERIVED_UNIT((#2872,#2873));
#2876=MEASURE_REPRESENTATION_ITEM('density measure',
POSITIVE_RATIO_MEASURE(7850.),#2875);
#2877=PROPERTY_DEFINITION_REPRESENTATION(#2882,#2879);
#2878=PROPERTY_DEFINITION_REPRESENTATION(#2883,#2880);
#2879=REPRESENTATION('material name',(#2881),#4966);
#2880=REPRESENTATION('density',(#2876),#4966);
#2881=DESCRIPTIVE_REPRESENTATION_ITEM('Steel','Steel');
#2882=PROPERTY_DEFINITION('material property','material name',#4976);
#2883=PROPERTY_DEFINITION('material property','density of part',#4976);
#2884=AXIS2_PLACEMENT_3D('',#4101,#3230,#3231);
#2885=AXIS2_PLACEMENT_3D('',#4102,#3232,#3233);
#2886=AXIS2_PLACEMENT_3D('',#4107,#3235,#3236);
#2887=AXIS2_PLACEMENT_3D('',#4195,#3238,#3239);
#2888=AXIS2_PLACEMENT_3D('',#4196,#3240,#3241);
#2889=AXIS2_PLACEMENT_3D('',#4198,#3242,#3243);
#2890=AXIS2_PLACEMENT_3D('',#4201,#3245,#3246);
#2891=AXIS2_PLACEMENT_3D('',#4202,#3247,#3248);
#2892=AXIS2_PLACEMENT_3D('',#4204,#3249,#3250);
#2893=AXIS2_PLACEMENT_3D('',#4206,#3252,#3253);
#2894=AXIS2_PLACEMENT_3D('',#4211,#3255,#3256);
#2895=AXIS2_PLACEMENT_3D('',#4214,#3258,#3259);
#2896=AXIS2_PLACEMENT_3D('',#4215,#3260,#3261);
#2897=AXIS2_PLACEMENT_3D('',#4219,#3263,#3264);
#2898=AXIS2_PLACEMENT_3D('',#4221,#3266,#3267);
#2899=AXIS2_PLACEMENT_3D('',#4225,#3269,#3270);
#2900=AXIS2_PLACEMENT_3D('',#4227,#3272,#3273);
#2901=AXIS2_PLACEMENT_3D('',#4231,#3275,#3276);
#2902=AXIS2_PLACEMENT_3D('',#4233,#3278,#3279);
#2903=AXIS2_PLACEMENT_3D('',#4236,#3282,#3283);
#2904=AXIS2_PLACEMENT_3D('',#4238,#3285,#3286);
#2905=AXIS2_PLACEMENT_3D('',#4240,#3288,#3289);
#2906=AXIS2_PLACEMENT_3D('',#4245,#3291,#3292);
#2907=AXIS2_PLACEMENT_3D('',#4248,#3294,#3295);
#2908=AXIS2_PLACEMENT_3D('',#4249,#3296,#3297);
#2909=AXIS2_PLACEMENT_3D('',#4253,#3299,#3300);
#2910=AXIS2_PLACEMENT_3D('',#4255,#3302,#3303);
#2911=AXIS2_PLACEMENT_3D('',#4259,#3305,#3306);
#2912=AXIS2_PLACEMENT_3D('',#4261,#3308,#3309);
#2913=AXIS2_PLACEMENT_3D('',#4266,#3311,#3312);
#2914=AXIS2_PLACEMENT_3D('',#4269,#3314,#3315);
#2915=AXIS2_PLACEMENT_3D('',#4270,#3316,#3317);
#2916=AXIS2_PLACEMENT_3D('',#4274,#3319,#3320);
#2917=AXIS2_PLACEMENT_3D('',#4276,#3322,#3323);
#2918=AXIS2_PLACEMENT_3D('',#4280,#3325,#3326);
#2919=AXIS2_PLACEMENT_3D('',#4282,#3328,#3329);
#2920=AXIS2_PLACEMENT_3D('',#4285,#3332,#3333);
#2921=AXIS2_PLACEMENT_3D('',#4287,#3335,#3336);
#2922=AXIS2_PLACEMENT_3D('',#4289,#3338,#3339);
#2923=AXIS2_PLACEMENT_3D('',#4294,#3341,#3342);
#2924=AXIS2_PLACEMENT_3D('',#4297,#3344,#3345);
#2925=AXIS2_PLACEMENT_3D('',#4298,#3346,#3347);
#2926=AXIS2_PLACEMENT_3D('',#4302,#3349,#3350);
#2927=AXIS2_PLACEMENT_3D('',#4304,#3352,#3353);
#2928=AXIS2_PLACEMENT_3D('',#4308,#3355,#3356);
#2929=AXIS2_PLACEMENT_3D('',#4310,#3358,#3359);
#2930=AXIS2_PLACEMENT_3D('',#4315,#3361,#3362);
#2931=AXIS2_PLACEMENT_3D('',#4318,#3364,#3365);
#2932=AXIS2_PLACEMENT_3D('',#4319,#3366,#3367);
#2933=AXIS2_PLACEMENT_3D('',#4323,#3369,#3370);
#2934=AXIS2_PLACEMENT_3D('',#4325,#3372,#3373);
#2935=AXIS2_PLACEMENT_3D('',#4329,#3375,#3376);
#2936=AXIS2_PLACEMENT_3D('',#4331,#3378,#3379);
#2937=AXIS2_PLACEMENT_3D('',#4334,#3382,#3383);
#2938=AXIS2_PLACEMENT_3D('',#4336,#3385,#3386);
#2939=AXIS2_PLACEMENT_3D('',#4338,#3388,#3389);
#2940=AXIS2_PLACEMENT_3D('',#4343,#3391,#3392);
#2941=AXIS2_PLACEMENT_3D('',#4346,#3394,#3395);
#2942=AXIS2_PLACEMENT_3D('',#4347,#3396,#3397);
#2943=AXIS2_PLACEMENT_3D('',#4351,#3399,#3400);
#2944=AXIS2_PLACEMENT_3D('',#4353,#3402,#3403);
#2945=AXIS2_PLACEMENT_3D('',#4357,#3405,#3406);
#2946=AXIS2_PLACEMENT_3D('',#4359,#3408,#3409);
#2947=AXIS2_PLACEMENT_3D('',#4364,#3411,#3412);
#2948=AXIS2_PLACEMENT_3D('',#4367,#3414,#3415);
#2949=AXIS2_PLACEMENT_3D('',#4368,#3416,#3417);
#2950=AXIS2_PLACEMENT_3D('',#4372,#3419,#3420);
#2951=AXIS2_PLACEMENT_3D('',#4374,#3422,#3423);
#2952=AXIS2_PLACEMENT_3D('',#4378,#3425,#3426);
#2953=AXIS2_PLACEMENT_3D('',#4380,#3428,#3429);
#2954=AXIS2_PLACEMENT_3D('',#4383,#3432,#3433);
#2955=AXIS2_PLACEMENT_3D('',#4385,#3435,#3436);
#2956=AXIS2_PLACEMENT_3D('',#4387,#3438,#3439);
#2957=AXIS2_PLACEMENT_3D('',#4392,#3441,#3442);
#2958=AXIS2_PLACEMENT_3D('',#4395,#3444,#3445);
#2959=AXIS2_PLACEMENT_3D('',#4396,#3446,#3447);
#2960=AXIS2_PLACEMENT_3D('',#4400,#3449,#3450);
#2961=AXIS2_PLACEMENT_3D('',#4402,#3452,#3453);
#2962=AXIS2_PLACEMENT_3D('',#4406,#3455,#3456);
#2963=AXIS2_PLACEMENT_3D('',#4408,#3458,#3459);
#2964=AXIS2_PLACEMENT_3D('',#4413,#3461,#3462);
#2965=AXIS2_PLACEMENT_3D('',#4416,#3464,#3465);
#2966=AXIS2_PLACEMENT_3D('',#4417,#3466,#3467);
#2967=AXIS2_PLACEMENT_3D('',#4421,#3469,#3470);
#2968=AXIS2_PLACEMENT_3D('',#4423,#3472,#3473);
#2969=AXIS2_PLACEMENT_3D('',#4427,#3475,#3476);
#2970=AXIS2_PLACEMENT_3D('',#4429,#3478,#3479);
#2971=AXIS2_PLACEMENT_3D('',#4432,#3482,#3483);
#2972=AXIS2_PLACEMENT_3D('',#4434,#3485,#3486);
#2973=AXIS2_PLACEMENT_3D('',#4436,#3488,#3489);
#2974=AXIS2_PLACEMENT_3D('',#4441,#3491,#3492);
#2975=AXIS2_PLACEMENT_3D('',#4444,#3494,#3495);
#2976=AXIS2_PLACEMENT_3D('',#4445,#3496,#3497);
#2977=AXIS2_PLACEMENT_3D('',#4449,#3499,#3500);
#2978=AXIS2_PLACEMENT_3D('',#4451,#3502,#3503);
#2979=AXIS2_PLACEMENT_3D('',#4455,#3505,#3506);
#2980=AXIS2_PLACEMENT_3D('',#4457,#3508,#3509);
#2981=AXIS2_PLACEMENT_3D('',#4462,#3511,#3512);
#2982=AXIS2_PLACEMENT_3D('',#4465,#3514,#3515);
#2983=AXIS2_PLACEMENT_3D('',#4466,#3516,#3517);
#2984=AXIS2_PLACEMENT_3D('',#4470,#3519,#3520);
#2985=AXIS2_PLACEMENT_3D('',#4472,#3522,#3523);
#2986=AXIS2_PLACEMENT_3D('',#4476,#3525,#3526);
#2987=AXIS2_PLACEMENT_3D('',#4478,#3528,#3529);
#2988=AXIS2_PLACEMENT_3D('',#4481,#3532,#3533);
#2989=AXIS2_PLACEMENT_3D('',#4483,#3535,#3536);
#2990=AXIS2_PLACEMENT_3D('',#4485,#3538,#3539);
#2991=AXIS2_PLACEMENT_3D('',#4487,#3540,#3541);
#2992=AXIS2_PLACEMENT_3D('',#4490,#3543,#3544);
#2993=AXIS2_PLACEMENT_3D('',#4491,#3545,#3546);
#2994=AXIS2_PLACEMENT_3D('',#4493,#3547,#3548);
#2995=AXIS2_PLACEMENT_3D('',#4495,#3550,#3551);
#2996=AXIS2_PLACEMENT_3D('',#4497,#3552,#3553);
#2997=AXIS2_PLACEMENT_3D('',#4499,#3555,#3556);
#2998=AXIS2_PLACEMENT_3D('',#4501,#3557,#3558);
#2999=AXIS2_PLACEMENT_3D('',#4503,#3560,#3561);
#3000=AXIS2_PLACEMENT_3D('',#4507,#3564,#3565);
#3001=AXIS2_PLACEMENT_3D('',#4508,#3566,#3567);
#3002=AXIS2_PLACEMENT_3D('',#4511,#3569,#3570);
#3003=AXIS2_PLACEMENT_3D('',#4512,#3571,#3572);
#3004=AXIS2_PLACEMENT_3D('',#4515,#3574,#3575);
#3005=AXIS2_PLACEMENT_3D('',#4516,#3576,#3577);
#3006=AXIS2_PLACEMENT_3D('',#4518,#3579,#3580);
#3007=AXIS2_PLACEMENT_3D('',#4520,#3581,#3582);
#3008=AXIS2_PLACEMENT_3D('',#4523,#3584,#3585);
#3009=AXIS2_PLACEMENT_3D('',#4524,#3586,#3587);
#3010=AXIS2_PLACEMENT_3D('',#4526,#3588,#3589);
#3011=AXIS2_PLACEMENT_3D('',#4529,#3591,#3592);
#3012=AXIS2_PLACEMENT_3D('',#4530,#3593,#3594);
#3013=AXIS2_PLACEMENT_3D('',#4532,#3595,#3596);
#3014=AXIS2_PLACEMENT_3D('',#4535,#3598,#3599);
#3015=AXIS2_PLACEMENT_3D('',#4536,#3600,#3601);
#3016=AXIS2_PLACEMENT_3D('',#4538,#3602,#3603);
#3017=AXIS2_PLACEMENT_3D('',#4541,#3605,#3606);
#3018=AXIS2_PLACEMENT_3D('',#4542,#3607,#3608);
#3019=AXIS2_PLACEMENT_3D('',#4544,#3609,#3610);
#3020=AXIS2_PLACEMENT_3D('',#4547,#3612,#3613);
#3021=AXIS2_PLACEMENT_3D('',#4548,#3614,#3615);
#3022=AXIS2_PLACEMENT_3D('',#4550,#3616,#3617);
#3023=AXIS2_PLACEMENT_3D('',#4553,#3619,#3620);
#3024=AXIS2_PLACEMENT_3D('',#4554,#3621,#3622);
#3025=AXIS2_PLACEMENT_3D('',#4556,#3623,#3624);
#3026=AXIS2_PLACEMENT_3D('',#4559,#3626,#3627);
#3027=AXIS2_PLACEMENT_3D('',#4560,#3628,#3629);
#3028=AXIS2_PLACEMENT_3D('',#4562,#3630,#3631);
#3029=AXIS2_PLACEMENT_3D('',#4565,#3633,#3634);
#3030=AXIS2_PLACEMENT_3D('',#4566,#3635,#3636);
#3031=AXIS2_PLACEMENT_3D('',#4568,#3637,#3638);
#3032=AXIS2_PLACEMENT_3D('',#4571,#3640,#3641);
#3033=AXIS2_PLACEMENT_3D('',#4572,#3642,#3643);
#3034=AXIS2_PLACEMENT_3D('',#4574,#3644,#3645);
#3035=AXIS2_PLACEMENT_3D('',#4577,#3647,#3648);
#3036=AXIS2_PLACEMENT_3D('',#4578,#3649,#3650);
#3037=AXIS2_PLACEMENT_3D('',#4580,#3651,#3652);
#3038=AXIS2_PLACEMENT_3D('',#4583,#3654,#3655);
#3039=AXIS2_PLACEMENT_3D('',#4584,#3656,#3657);
#3040=AXIS2_PLACEMENT_3D('',#4586,#3658,#3659);
#3041=AXIS2_PLACEMENT_3D('',#4589,#3661,#3662);
#3042=AXIS2_PLACEMENT_3D('',#4590,#3663,#3664);
#3043=AXIS2_PLACEMENT_3D('',#4592,#3665,#3666);
#3044=AXIS2_PLACEMENT_3D('',#4595,#3668,#3669);
#3045=AXIS2_PLACEMENT_3D('',#4596,#3670,#3671);
#3046=AXIS2_PLACEMENT_3D('',#4598,#3672,#3673);
#3047=AXIS2_PLACEMENT_3D('',#4601,#3675,#3676);
#3048=AXIS2_PLACEMENT_3D('',#4602,#3677,#3678);
#3049=AXIS2_PLACEMENT_3D('',#4604,#3679,#3680);
#3050=AXIS2_PLACEMENT_3D('',#4607,#3682,#3683);
#3051=AXIS2_PLACEMENT_3D('',#4608,#3684,#3685);
#3052=AXIS2_PLACEMENT_3D('',#4610,#3686,#3687);
#3053=AXIS2_PLACEMENT_3D('',#4613,#3689,#3690);
#3054=AXIS2_PLACEMENT_3D('',#4614,#3691,#3692);
#3055=AXIS2_PLACEMENT_3D('',#4616,#3693,#3694);
#3056=AXIS2_PLACEMENT_3D('',#4619,#3696,#3697);
#3057=AXIS2_PLACEMENT_3D('',#4620,#3698,#3699);
#3058=AXIS2_PLACEMENT_3D('',#4622,#3700,#3701);
#3059=AXIS2_PLACEMENT_3D('',#4625,#3703,#3704);
#3060=AXIS2_PLACEMENT_3D('',#4626,#3705,#3706);
#3061=AXIS2_PLACEMENT_3D('',#4628,#3707,#3708);
#3062=AXIS2_PLACEMENT_3D('',#4631,#3710,#3711);
#3063=AXIS2_PLACEMENT_3D('',#4632,#3712,#3713);
#3064=AXIS2_PLACEMENT_3D('',#4634,#3714,#3715);
#3065=AXIS2_PLACEMENT_3D('',#4637,#3717,#3718);
#3066=AXIS2_PLACEMENT_3D('',#4638,#3719,#3720);
#3067=AXIS2_PLACEMENT_3D('',#4640,#3721,#3722);
#3068=AXIS2_PLACEMENT_3D('',#4643,#3724,#3725);
#3069=AXIS2_PLACEMENT_3D('',#4644,#3726,#3727);
#3070=AXIS2_PLACEMENT_3D('',#4646,#3728,#3729);
#3071=AXIS2_PLACEMENT_3D('',#4649,#3731,#3732);
#3072=AXIS2_PLACEMENT_3D('',#4650,#3733,#3734);
#3073=AXIS2_PLACEMENT_3D('',#4652,#3735,#3736);
#3074=AXIS2_PLACEMENT_3D('',#4655,#3738,#3739);
#3075=AXIS2_PLACEMENT_3D('',#4656,#3740,#3741);
#3076=AXIS2_PLACEMENT_3D('',#4658,#3742,#3743);
#3077=AXIS2_PLACEMENT_3D('',#4661,#3745,#3746);
#3078=AXIS2_PLACEMENT_3D('',#4662,#3747,#3748);
#3079=AXIS2_PLACEMENT_3D('',#4664,#3749,#3750);
#3080=AXIS2_PLACEMENT_3D('',#4667,#3752,#3753);
#3081=AXIS2_PLACEMENT_3D('',#4668,#3754,#3755);
#3082=AXIS2_PLACEMENT_3D('',#4670,#3756,#3757);
#3083=AXIS2_PLACEMENT_3D('',#4673,#3759,#3760);
#3084=AXIS2_PLACEMENT_3D('',#4674,#3761,#3762);
#3085=AXIS2_PLACEMENT_3D('',#4676,#3763,#3764);
#3086=AXIS2_PLACEMENT_3D('',#4679,#3766,#3767);
#3087=AXIS2_PLACEMENT_3D('',#4680,#3768,#3769);
#3088=AXIS2_PLACEMENT_3D('',#4682,#3770,#3771);
#3089=AXIS2_PLACEMENT_3D('',#4685,#3773,#3774);
#3090=AXIS2_PLACEMENT_3D('',#4686,#3775,#3776);
#3091=AXIS2_PLACEMENT_3D('',#4688,#3777,#3778);
#3092=AXIS2_PLACEMENT_3D('',#4691,#3780,#3781);
#3093=AXIS2_PLACEMENT_3D('',#4692,#3782,#3783);
#3094=AXIS2_PLACEMENT_3D('',#4694,#3784,#3785);
#3095=AXIS2_PLACEMENT_3D('',#4697,#3787,#3788);
#3096=AXIS2_PLACEMENT_3D('',#4698,#3789,#3790);
#3097=AXIS2_PLACEMENT_3D('',#4700,#3791,#3792);
#3098=AXIS2_PLACEMENT_3D('',#4703,#3794,#3795);
#3099=AXIS2_PLACEMENT_3D('',#4704,#3796,#3797);
#3100=AXIS2_PLACEMENT_3D('',#4706,#3798,#3799);
#3101=AXIS2_PLACEMENT_3D('',#4709,#3801,#3802);
#3102=AXIS2_PLACEMENT_3D('',#4710,#3803,#3804);
#3103=AXIS2_PLACEMENT_3D('',#4712,#3805,#3806);
#3104=AXIS2_PLACEMENT_3D('',#4715,#3808,#3809);
#3105=AXIS2_PLACEMENT_3D('',#4716,#3810,#3811);
#3106=AXIS2_PLACEMENT_3D('',#4718,#3812,#3813);
#3107=AXIS2_PLACEMENT_3D('',#4721,#3815,#3816);
#3108=AXIS2_PLACEMENT_3D('',#4722,#3817,#3818);
#3109=AXIS2_PLACEMENT_3D('',#4724,#3819,#3820);
#3110=AXIS2_PLACEMENT_3D('',#4727,#3822,#3823);
#3111=AXIS2_PLACEMENT_3D('',#4728,#3824,#3825);
#3112=AXIS2_PLACEMENT_3D('',#4730,#3826,#3827);
#3113=AXIS2_PLACEMENT_3D('',#4733,#3829,#3830);
#3114=AXIS2_PLACEMENT_3D('',#4734,#3831,#3832);
#3115=AXIS2_PLACEMENT_3D('',#4736,#3833,#3834);
#3116=AXIS2_PLACEMENT_3D('',#4739,#3836,#3837);
#3117=AXIS2_PLACEMENT_3D('',#4740,#3838,#3839);
#3118=AXIS2_PLACEMENT_3D('',#4742,#3840,#3841);
#3119=AXIS2_PLACEMENT_3D('',#4745,#3843,#3844);
#3120=AXIS2_PLACEMENT_3D('',#4746,#3845,#3846);
#3121=AXIS2_PLACEMENT_3D('',#4748,#3847,#3848);
#3122=AXIS2_PLACEMENT_3D('',#4751,#3850,#3851);
#3123=AXIS2_PLACEMENT_3D('',#4752,#3852,#3853);
#3124=AXIS2_PLACEMENT_3D('',#4754,#3854,#3855);
#3125=AXIS2_PLACEMENT_3D('',#4757,#3857,#3858);
#3126=AXIS2_PLACEMENT_3D('',#4758,#3859,#3860);
#3127=AXIS2_PLACEMENT_3D('',#4760,#3861,#3862);
#3128=AXIS2_PLACEMENT_3D('',#4763,#3864,#3865);
#3129=AXIS2_PLACEMENT_3D('',#4764,#3866,#3867);
#3130=AXIS2_PLACEMENT_3D('',#4766,#3868,#3869);
#3131=AXIS2_PLACEMENT_3D('',#4769,#3871,#3872);
#3132=AXIS2_PLACEMENT_3D('',#4770,#3873,#3874);
#3133=AXIS2_PLACEMENT_3D('',#4772,#3875,#3876);
#3134=AXIS2_PLACEMENT_3D('',#4775,#3878,#3879);
#3135=AXIS2_PLACEMENT_3D('',#4776,#3880,#3881);
#3136=AXIS2_PLACEMENT_3D('',#4778,#3882,#3883);
#3137=AXIS2_PLACEMENT_3D('',#4781,#3885,#3886);
#3138=AXIS2_PLACEMENT_3D('',#4782,#3887,#3888);
#3139=AXIS2_PLACEMENT_3D('',#4784,#3889,#3890);
#3140=AXIS2_PLACEMENT_3D('',#4787,#3892,#3893);
#3141=AXIS2_PLACEMENT_3D('',#4788,#3894,#3895);
#3142=AXIS2_PLACEMENT_3D('',#4790,#3896,#3897);
#3143=AXIS2_PLACEMENT_3D('',#4793,#3899,#3900);
#3144=AXIS2_PLACEMENT_3D('',#4794,#3901,#3902);
#3145=AXIS2_PLACEMENT_3D('',#4796,#3903,#3904);
#3146=AXIS2_PLACEMENT_3D('',#4799,#3906,#3907);
#3147=AXIS2_PLACEMENT_3D('',#4800,#3908,#3909);
#3148=AXIS2_PLACEMENT_3D('',#4802,#3910,#3911);
#3149=AXIS2_PLACEMENT_3D('',#4805,#3913,#3914);
#3150=AXIS2_PLACEMENT_3D('',#4806,#3915,#3916);
#3151=AXIS2_PLACEMENT_3D('',#4808,#3917,#3918);
#3152=AXIS2_PLACEMENT_3D('',#4811,#3920,#3921);
#3153=AXIS2_PLACEMENT_3D('',#4812,#3922,#3923);
#3154=AXIS2_PLACEMENT_3D('',#4814,#3924,#3925);
#3155=AXIS2_PLACEMENT_3D('',#4817,#3927,#3928);
#3156=AXIS2_PLACEMENT_3D('',#4818,#3929,#3930);
#3157=AXIS2_PLACEMENT_3D('',#4820,#3931,#3932);
#3158=AXIS2_PLACEMENT_3D('',#4823,#3934,#3935);
#3159=AXIS2_PLACEMENT_3D('',#4824,#3936,#3937);
#3160=AXIS2_PLACEMENT_3D('',#4826,#3938,#3939);
#3161=AXIS2_PLACEMENT_3D('',#4829,#3941,#3942);
#3162=AXIS2_PLACEMENT_3D('',#4830,#3943,#3944);
#3163=AXIS2_PLACEMENT_3D('',#4832,#3945,#3946);
#3164=AXIS2_PLACEMENT_3D('',#4835,#3948,#3949);
#3165=AXIS2_PLACEMENT_3D('',#4836,#3950,#3951);
#3166=AXIS2_PLACEMENT_3D('',#4838,#3952,#3953);
#3167=AXIS2_PLACEMENT_3D('',#4841,#3955,#3956);
#3168=AXIS2_PLACEMENT_3D('',#4842,#3957,#3958);
#3169=AXIS2_PLACEMENT_3D('',#4844,#3959,#3960);
#3170=AXIS2_PLACEMENT_3D('',#4847,#3962,#3963);
#3171=AXIS2_PLACEMENT_3D('',#4848,#3964,#3965);
#3172=AXIS2_PLACEMENT_3D('',#4850,#3966,#3967);
#3173=AXIS2_PLACEMENT_3D('',#4853,#3969,#3970);
#3174=AXIS2_PLACEMENT_3D('',#4854,#3971,#3972);
#3175=AXIS2_PLACEMENT_3D('',#4856,#3973,#3974);
#3176=AXIS2_PLACEMENT_3D('',#4859,#3976,#3977);
#3177=AXIS2_PLACEMENT_3D('',#4860,#3978,#3979);
#3178=AXIS2_PLACEMENT_3D('',#4862,#3980,#3981);
#3179=AXIS2_PLACEMENT_3D('',#4865,#3983,#3984);
#3180=AXIS2_PLACEMENT_3D('',#4866,#3985,#3986);
#3181=AXIS2_PLACEMENT_3D('',#4868,#3987,#3988);
#3182=AXIS2_PLACEMENT_3D('',#4871,#3990,#3991);
#3183=AXIS2_PLACEMENT_3D('',#4872,#3992,#3993);
#3184=AXIS2_PLACEMENT_3D('',#4874,#3994,#3995);
#3185=AXIS2_PLACEMENT_3D('',#4877,#3997,#3998);
#3186=AXIS2_PLACEMENT_3D('',#4878,#3999,#4000);
#3187=AXIS2_PLACEMENT_3D('',#4880,#4001,#4002);
#3188=AXIS2_PLACEMENT_3D('',#4883,#4004,#4005);
#3189=AXIS2_PLACEMENT_3D('',#4884,#4006,#4007);
#3190=AXIS2_PLACEMENT_3D('',#4886,#4008,#4009);
#3191=AXIS2_PLACEMENT_3D('',#4889,#4011,#4012);
#3192=AXIS2_PLACEMENT_3D('',#4890,#4013,#4014);
#3193=AXIS2_PLACEMENT_3D('',#4892,#4015,#4016);
#3194=AXIS2_PLACEMENT_3D('',#4895,#4018,#4019);
#3195=AXIS2_PLACEMENT_3D('',#4896,#4020,#4021);
#3196=AXIS2_PLACEMENT_3D('',#4898,#4022,#4023);
#3197=AXIS2_PLACEMENT_3D('',#4901,#4025,#4026);
#3198=AXIS2_PLACEMENT_3D('',#4902,#4027,#4028);
#3199=AXIS2_PLACEMENT_3D('',#4904,#4029,#4030);
#3200=AXIS2_PLACEMENT_3D('',#4907,#4032,#4033);
#3201=AXIS2_PLACEMENT_3D('',#4908,#4034,#4035);
#3202=AXIS2_PLACEMENT_3D('',#4910,#4036,#4037);
#3203=AXIS2_PLACEMENT_3D('',#4913,#4039,#4040);
#3204=AXIS2_PLACEMENT_3D('',#4914,#4041,#4042);
#3205=AXIS2_PLACEMENT_3D('',#4916,#4043,#4044);
#3206=AXIS2_PLACEMENT_3D('',#4919,#4046,#4047);
#3207=AXIS2_PLACEMENT_3D('',#4920,#4048,#4049);
#3208=AXIS2_PLACEMENT_3D('',#4922,#4050,#4051);
#3209=AXIS2_PLACEMENT_3D('',#4925,#4053,#4054);
#3210=AXIS2_PLACEMENT_3D('',#4926,#4055,#4056);
#3211=AXIS2_PLACEMENT_3D('',#4928,#4057,#4058);
#3212=AXIS2_PLACEMENT_3D('',#4931,#4060,#4061);
#3213=AXIS2_PLACEMENT_3D('',#4932,#4062,#4063);
#3214=AXIS2_PLACEMENT_3D('',#4934,#4064,#4065);
#3215=AXIS2_PLACEMENT_3D('',#4937,#4067,#4068);
#3216=AXIS2_PLACEMENT_3D('',#4938,#4069,#4070);
#3217=AXIS2_PLACEMENT_3D('',#4940,#4071,#4072);
#3218=AXIS2_PLACEMENT_3D('',#4943,#4074,#4075);
#3219=AXIS2_PLACEMENT_3D('',#4944,#4076,#4077);
#3220=AXIS2_PLACEMENT_3D('',#4946,#4078,#4079);
#3221=AXIS2_PLACEMENT_3D('',#4949,#4081,#4082);
#3222=AXIS2_PLACEMENT_3D('',#4950,#4083,#4084);
#3223=AXIS2_PLACEMENT_3D('',#4952,#4085,#4086);
#3224=AXIS2_PLACEMENT_3D('',#4955,#4088,#4089);
#3225=AXIS2_PLACEMENT_3D('',#4956,#4090,#4091);
#3226=AXIS2_PLACEMENT_3D('',#4958,#4092,#4093);
#3227=AXIS2_PLACEMENT_3D('',#4961,#4095,#4096);
#3228=AXIS2_PLACEMENT_3D('',#4962,#4097,#4098);
#3229=AXIS2_PLACEMENT_3D('',#4963,#4099,#4100);
#3230=DIRECTION('axis',(0.,0.,1.));
#3231=DIRECTION('refdir',(1.,0.,0.));
#3232=DIRECTION('center_axis',(1.,0.,0.));
#3233=DIRECTION('ref_axis',(0.,0.825843770930194,0.563898985648846));
#3234=DIRECTION('',(-1.,0.,0.));
#3235=DIRECTION('center_axis',(1.,0.,0.));
#3236=DIRECTION('ref_axis',(0.,0.825843770930194,0.563898985648846));
#3237=DIRECTION('',(1.,0.,0.));
#3238=DIRECTION('center_axis',(1.,0.,0.));
#3239=DIRECTION('ref_axis',(0.,-0.866025403784439,-0.499999999999999));
#3240=DIRECTION('center_axis',(1.,0.,0.));
#3241=DIRECTION('ref_axis',(0.,-0.866025403784439,-0.499999999999999));
#3242=DIRECTION('center_axis',(1.,0.,0.));
#3243=DIRECTION('ref_axis',(0.,-0.866025403784439,-0.499999999999999));
#3244=DIRECTION('',(1.,0.,0.));
#3245=DIRECTION('center_axis',(1.,0.,0.));
#3246=DIRECTION('ref_axis',(0.,-0.866025403784439,-0.499999999999999));
#3247=DIRECTION('center_axis',(-1.,0.,0.));
#3248=DIRECTION('ref_axis',(0.,-0.866025403784439,-0.499999999999999));
#3249=DIRECTION('center_axis',(1.,0.,0.));
#3250=DIRECTION('ref_axis',(0.,-0.866025403784439,-0.499999999999999));
#3251=DIRECTION('',(0.866896748935603,0.431703046101904,0.249243869876915));
#3252=DIRECTION('center_axis',(1.,0.,0.));
#3253=DIRECTION('ref_axis',(0.,-0.866025403784439,-0.499999999999999));
#3254=DIRECTION('',(1.,0.,0.));
#3255=DIRECTION('center_axis',(1.,0.,0.));
#3256=DIRECTION('ref_axis',(0.,-0.866025403784439,-0.499999999999999));
#3257=DIRECTION('',(-1.,0.,0.));
#3258=DIRECTION('center_axis',(1.,0.,0.));
#3259=DIRECTION('ref_axis',(0.,-0.866025403784439,-0.499999999999999));
#3260=DIRECTION('center_axis',(-1.,0.,0.));
#3261=DIRECTION('ref_axis',(0.,-0.866025403784439,-0.499999999999999));
#3262=DIRECTION('',(0.866896748935603,0.431703046101903,0.249243869876915));
#3263=DIRECTION('center_axis',(1.,0.,0.));
#3264=DIRECTION('ref_axis',(0.,-0.866025403784439,-0.5));
#3265=DIRECTION('',(-0.866896748935603,-0.0865614875975601,-0.490914590891104));
#3266=DIRECTION('center_axis',(-1.,0.,0.));
#3267=DIRECTION('ref_axis',(0.,-0.866025403784439,-0.499999999999999));
#3268=DIRECTION('',(0.96565426204032,0.2250197428061,0.129915209082082));
#3269=DIRECTION('center_axis',(-1.,0.,0.));
#3270=DIRECTION('ref_axis',(0.,-0.866025403784439,-0.499999999999999));
#3271=DIRECTION('',(-0.96565426204032,-0.045119078616644,-0.255883010276473));
#3272=DIRECTION('center_axis',(-1.,0.,0.));
#3273=DIRECTION('ref_axis',(0.,-0.866025403784439,-0.499999999999999));
#3274=DIRECTION('',(0.96565426204032,0.0451190786166439,0.255883010276473));
#3275=DIRECTION('center_axis',(1.,0.,0.));
#3276=DIRECTION('ref_axis',(0.,-0.866025403784439,-0.499999999999999));
#3277=DIRECTION('',(0.96565426204032,0.2250197428061,0.129915209082082));
#3278=DIRECTION('center_axis',(-1.,0.,0.));
#3279=DIRECTION('ref_axis',(0.,0.866025403784439,0.499999999999999));
#3280=DIRECTION('',(0.,0.866025403784439,0.499999999999999));
#3281=DIRECTION('',(0.,0.173648177666931,0.984807753012208));
#3282=DIRECTION('center_axis',(0.,0.984807753012208,-0.173648177666931));
#3283=DIRECTION('ref_axis',(1.,0.,0.));
#3284=DIRECTION('',(0.259830418164166,-0.167684102859607,-0.950983803986589));
#3285=DIRECTION('center_axis',(0.,0.499999999999999,-0.866025403784439));
#3286=DIRECTION('ref_axis',(1.,0.,0.));
#3287=DIRECTION('',(-0.259830418164166,0.836281122199633,0.482827131020159));
#3288=DIRECTION('center_axis',(1.,0.,0.));
#3289=DIRECTION('ref_axis',(0.,-0.866025403784438,0.5));
#3290=DIRECTION('',(1.,0.,0.));
#3291=DIRECTION('center_axis',(1.,0.,0.));
#3292=DIRECTION('ref_axis',(0.,-0.866025403784438,0.5));
#3293=DIRECTION('',(-1.,0.,0.));
#3294=DIRECTION('center_axis',(1.,0.,0.));
#3295=DIRECTION('ref_axis',(0.,-0.866025403784438,0.5));
#3296=DIRECTION('center_axis',(-1.,0.,0.));
#3297=DIRECTION('ref_axis',(0.,-0.866025403784438,0.5));
#3298=DIRECTION('',(0.866896748935603,0.431703046101903,-0.249243869876915));
#3299=DIRECTION('center_axis',(1.,0.,0.));
#3300=DIRECTION('ref_axis',(0.,-0.866025403784438,0.5));
#3301=DIRECTION('',(-0.866896748935603,-0.468425250598921,-0.170492848196693));
#3302=DIRECTION('center_axis',(-1.,0.,0.));
#3303=DIRECTION('ref_axis',(0.,-0.866025403784438,0.5));
#3304=DIRECTION('',(0.96565426204032,0.2250197428061,-0.129915209082082));
#3305=DIRECTION('center_axis',(-1.,0.,0.));
#3306=DIRECTION('ref_axis',(0.,-0.866025403784438,0.5));
#3307=DIRECTION('',(-0.96565426204032,-0.244160726604582,-0.0888672368608758));
#3308=DIRECTION('center_axis',(-1.,0.,0.));
#3309=DIRECTION('ref_axis',(0.,-0.866025403784438,0.5));
#3310=DIRECTION('',(0.96565426204032,0.2250197428061,-0.129915209082082));
#3311=DIRECTION('center_axis',(1.,0.,0.));
#3312=DIRECTION('ref_axis',(0.,-0.866025403784438,0.5));
#3313=DIRECTION('',(0.96565426204032,0.244160726604582,0.0888672368608758));
#3314=DIRECTION('center_axis',(1.,0.,0.));
#3315=DIRECTION('ref_axis',(0.,-0.866025403784438,0.5));
#3316=DIRECTION('center_axis',(-1.,0.,0.));
#3317=DIRECTION('ref_axis',(0.,-0.866025403784438,0.5));
#3318=DIRECTION('',(0.866896748935603,0.431703046101903,-0.249243869876916));
#3319=DIRECTION('center_axis',(1.,0.,0.));
#3320=DIRECTION('ref_axis',(0.,-0.866025403784438,0.5));
#3321=DIRECTION('',(0.866896748935603,0.468425250598921,0.170492848196693));
#3322=DIRECTION('center_axis',(1.,0.,0.));
#3323=DIRECTION('ref_axis',(0.,-0.866025403784438,0.500000000000001));
#3324=DIRECTION('',(1.,0.,0.));
#3325=DIRECTION('center_axis',(1.,0.,0.));
#3326=DIRECTION('ref_axis',(0.,-0.866025403784438,0.5));
#3327=DIRECTION('',(1.,0.,0.));
#3328=DIRECTION('center_axis',(-1.,0.,0.));
#3329=DIRECTION('ref_axis',(0.,0.866025403784438,-0.5));
#3330=DIRECTION('',(0.,0.866025403784438,-0.5));
#3331=DIRECTION('',(0.,0.939692620785909,0.342020143325668));
#3332=DIRECTION('center_axis',(0.,0.342020143325668,-0.939692620785909));
#3333=DIRECTION('ref_axis',(1.,0.,0.));
#3334=DIRECTION('',(0.259830418164166,-0.907418184269751,-0.330273209106072));
#3335=DIRECTION('center_axis',(0.,-0.5,-0.866025403784438));
#3336=DIRECTION('ref_axis',(1.,0.,0.));
#3337=DIRECTION('',(-0.259830418164166,0.836281122199632,-0.48282713102016));
#3338=DIRECTION('center_axis',(1.,0.,0.));
#3339=DIRECTION('ref_axis',(0.,1.49692992084291E-16,1.));
#3340=DIRECTION('',(1.,0.,0.));
#3341=DIRECTION('center_axis',(1.,0.,0.));
#3342=DIRECTION('ref_axis',(0.,1.49692992084291E-16,1.));
#3343=DIRECTION('',(-1.,0.,0.));
#3344=DIRECTION('center_axis',(1.,0.,0.));
#3345=DIRECTION('ref_axis',(0.,1.49692992084291E-16,1.));
#3346=DIRECTION('center_axis',(-1.,0.,0.));
#3347=DIRECTION('ref_axis',(0.,1.70063153943735E-16,1.));
#3348=DIRECTION('',(0.866896748935603,-8.32667268468867E-17,-0.49848773975383));
#3349=DIRECTION('center_axis',(1.,0.,0.));
#3350=DIRECTION('ref_axis',(0.,-1.96850488911105E-16,1.));
#3351=DIRECTION('',(-0.866896748935603,-0.381863763001361,0.32042174269441));
#3352=DIRECTION('center_axis',(-1.,0.,0.));
#3353=DIRECTION('ref_axis',(0.,1.69197320641474E-16,1.));
#3354=DIRECTION('',(0.96565426204032,-4.16333634234434E-17,-0.259830418164165));
#3355=DIRECTION('center_axis',(-1.,0.,0.));
#3356=DIRECTION('ref_axis',(0.,1.69197320641474E-16,1.));
#3357=DIRECTION('',(-0.96565426204032,-0.199041647987939,0.167015773415597));
#3358=DIRECTION('center_axis',(-1.,0.,0.));
#3359=DIRECTION('ref_axis',(0.,9.48883527556745E-17,1.));
#3360=DIRECTION('',(0.96565426204032,-4.16333634234434E-17,-0.259830418164165));
#3361=DIRECTION('center_axis',(1.,0.,0.));
#3362=DIRECTION('ref_axis',(0.,-1.43050927425411E-16,1.));
#3363=DIRECTION('',(0.96565426204032,0.199041647987938,-0.167015773415597));
#3364=DIRECTION('center_axis',(1.,0.,0.));
#3365=DIRECTION('ref_axis',(0.,9.48883527556745E-17,1.));
#3366=DIRECTION('center_axis',(-1.,0.,0.));
#3367=DIRECTION('ref_axis',(0.,1.83649257901711E-16,1.));
#3368=DIRECTION('',(0.866896748935603,-8.32667268468867E-17,-0.498487739753831));
#3369=DIRECTION('center_axis',(1.,0.,0.));
#3370=DIRECTION('ref_axis',(0.,1.60514172234962E-16,1.));
#3371=DIRECTION('',(0.866896748935603,0.381863763001361,-0.320421742694411));
#3372=DIRECTION('center_axis',(1.,0.,0.));
#3373=DIRECTION('ref_axis',(0.,1.60514172234962E-16,1.));
#3374=DIRECTION('',(1.,0.,0.));
#3375=DIRECTION('center_axis',(1.,0.,0.));
#3376=DIRECTION('ref_axis',(0.,1.60514172234962E-16,1.));
#3377=DIRECTION('',(1.,0.,0.));
#3378=DIRECTION('center_axis',(-1.,0.,0.));
#3379=DIRECTION('ref_axis',(0.,-1.66533453693773E-16,-1.));
#3380=DIRECTION('',(0.,-1.66533453693773E-16,-1.));
#3381=DIRECTION('',(0.,0.766044443118978,-0.64278760968654));
#3382=DIRECTION('center_axis',(0.,-0.64278760968654,-0.766044443118978));
#3383=DIRECTION('ref_axis',(1.,0.,0.));
#3384=DIRECTION('',(0.259830418164166,-0.739734081410144,0.620710594880517));
#3385=DIRECTION('center_axis',(0.,-1.,1.66533453693773E-16));
#3386=DIRECTION('ref_axis',(1.,0.,0.));
#3387=DIRECTION('',(-0.259830418164166,-1.60813739331687E-16,-0.96565426204032));
#3388=DIRECTION('center_axis',(1.,0.,0.));
#3389=DIRECTION('ref_axis',(0.,0.866025403784439,0.5));
#3390=DIRECTION('',(1.,0.,0.));
#3391=DIRECTION('center_axis',(1.,0.,0.));
#3392=DIRECTION('ref_axis',(0.,0.866025403784439,0.5));
#3393=DIRECTION('',(-1.,0.,0.));
#3394=DIRECTION('center_axis',(1.,0.,0.));
#3395=DIRECTION('ref_axis',(0.,0.866025403784439,0.5));
#3396=DIRECTION('center_axis',(-1.,0.,0.));
#3397=DIRECTION('ref_axis',(0.,0.866025403784439,0.5));
#3398=DIRECTION('',(0.866896748935603,-0.431703046101903,-0.249243869876915));
#3399=DIRECTION('center_axis',(1.,0.,0.));
#3400=DIRECTION('ref_axis',(0.,0.866025403784439,0.5));
#3401=DIRECTION('',(-0.866896748935603,0.0865614875975599,0.490914590891104));
#3402=DIRECTION('center_axis',(-1.,0.,0.));
#3403=DIRECTION('ref_axis',(0.,0.866025403784439,0.5));
#3404=DIRECTION('',(0.96565426204032,-0.2250197428061,-0.129915209082082));
#3405=DIRECTION('center_axis',(-1.,0.,0.));
#3406=DIRECTION('ref_axis',(0.,0.866025403784439,0.5));
#3407=DIRECTION('',(-0.96565426204032,0.0451190786166438,0.255883010276473));
#3408=DIRECTION('center_axis',(-1.,0.,0.));
#3409=DIRECTION('ref_axis',(0.,0.866025403784439,0.5));
#3410=DIRECTION('',(0.96565426204032,-0.2250197428061,-0.129915209082082));
#3411=DIRECTION('center_axis',(1.,0.,0.));
#3412=DIRECTION('ref_axis',(0.,0.866025403784439,0.5));
#3413=DIRECTION('',(0.96565426204032,-0.0451190786166437,-0.255883010276473));
#3414=DIRECTION('center_axis',(1.,0.,0.));
#3415=DIRECTION('ref_axis',(0.,0.866025403784439,0.5));
#3416=DIRECTION('center_axis',(-1.,0.,0.));
#3417=DIRECTION('ref_axis',(0.,0.866025403784439,0.5));
#3418=DIRECTION('',(0.866896748935603,-0.431703046101903,-0.249243869876915));
#3419=DIRECTION('center_axis',(1.,0.,0.));
#3420=DIRECTION('ref_axis',(0.,0.866025403784439,0.5));
#3421=DIRECTION('',(0.866896748935603,-0.0865614875975599,-0.490914590891104));
#3422=DIRECTION('center_axis',(1.,0.,0.));
#3423=DIRECTION('ref_axis',(0.,0.866025403784439,0.5));
#3424=DIRECTION('',(1.,0.,0.));
#3425=DIRECTION('center_axis',(1.,0.,0.));
#3426=DIRECTION('ref_axis',(0.,0.866025403784439,0.5));
#3427=DIRECTION('',(1.,0.,0.));
#3428=DIRECTION('center_axis',(-1.,0.,0.));
#3429=DIRECTION('ref_axis',(0.,-0.866025403784439,-0.5));
#3430=DIRECTION('',(0.,-0.866025403784439,-0.5));
#3431=DIRECTION('',(0.,-0.173648177666931,-0.984807753012208));
#3432=DIRECTION('center_axis',(0.,-0.984807753012208,0.173648177666931));
#3433=DIRECTION('ref_axis',(1.,0.,0.));
#3434=DIRECTION('',(0.259830418164166,0.167684102859606,0.950983803986589));
#3435=DIRECTION('center_axis',(0.,-0.5,0.866025403784439));
#3436=DIRECTION('ref_axis',(1.,0.,0.));
#3437=DIRECTION('',(-0.259830418164166,-0.836281122199632,-0.48282713102016));
#3438=DIRECTION('center_axis',(1.,0.,0.));
#3439=DIRECTION('ref_axis',(0.,0.866025403784439,-0.5));
#3440=DIRECTION('',(1.,0.,0.));
#3441=DIRECTION('center_axis',(1.,0.,0.));
#3442=DIRECTION('ref_axis',(0.,0.866025403784439,-0.5));
#3443=DIRECTION('',(-1.,0.,0.));
#3444=DIRECTION('center_axis',(1.,0.,0.));
#3445=DIRECTION('ref_axis',(0.,0.866025403784439,-0.5));
#3446=DIRECTION('center_axis',(-1.,0.,0.));
#3447=DIRECTION('ref_axis',(0.,0.866025403784438,-0.5));
#3448=DIRECTION('',(0.866896748935603,-0.431703046101903,0.249243869876915));
#3449=DIRECTION('center_axis',(1.,0.,0.));
#3450=DIRECTION('ref_axis',(0.,0.866025403784439,-0.5));
#3451=DIRECTION('',(-0.866896748935603,0.468425250598921,0.170492848196693));
#3452=DIRECTION('center_axis',(-1.,0.,0.));
#3453=DIRECTION('ref_axis',(0.,0.866025403784439,-0.5));
#3454=DIRECTION('',(0.96565426204032,-0.2250197428061,0.129915209082082));
#3455=DIRECTION('center_axis',(-1.,0.,0.));
#3456=DIRECTION('ref_axis',(0.,0.866025403784439,-0.5));
#3457=DIRECTION('',(-0.96565426204032,0.244160726604582,0.0888672368608759));
#3458=DIRECTION('center_axis',(-1.,0.,0.));
#3459=DIRECTION('ref_axis',(0.,0.866025403784439,-0.5));
#3460=DIRECTION('',(0.96565426204032,-0.2250197428061,0.129915209082082));
#3461=DIRECTION('center_axis',(1.,0.,0.));
#3462=DIRECTION('ref_axis',(0.,0.866025403784439,-0.5));
#3463=DIRECTION('',(0.96565426204032,-0.244160726604582,-0.0888672368608759));
#3464=DIRECTION('center_axis',(1.,0.,0.));
#3465=DIRECTION('ref_axis',(0.,0.866025403784439,-0.5));
#3466=DIRECTION('center_axis',(-1.,0.,0.));
#3467=DIRECTION('ref_axis',(0.,0.866025403784438,-0.5));
#3468=DIRECTION('',(0.866896748935603,-0.431703046101903,0.249243869876915));
#3469=DIRECTION('center_axis',(1.,0.,0.));
#3470=DIRECTION('ref_axis',(0.,0.866025403784439,-0.5));
#3471=DIRECTION('',(0.866896748935603,-0.468425250598921,-0.170492848196694));
#3472=DIRECTION('center_axis',(1.,0.,0.));
#3473=DIRECTION('ref_axis',(0.,0.866025403784439,-0.5));
#3474=DIRECTION('',(1.,0.,0.));
#3475=DIRECTION('center_axis',(1.,0.,0.));
#3476=DIRECTION('ref_axis',(0.,0.866025403784439,-0.5));
#3477=DIRECTION('',(1.,0.,0.));
#3478=DIRECTION('center_axis',(-1.,0.,0.));
#3479=DIRECTION('ref_axis',(0.,-0.866025403784439,0.5));
#3480=DIRECTION('',(0.,-0.866025403784439,0.5));
#3481=DIRECTION('',(0.,-0.939692620785909,-0.342020143325668));
#3482=DIRECTION('center_axis',(0.,-0.342020143325668,0.939692620785909));
#3483=DIRECTION('ref_axis',(1.,0.,0.));
#3484=DIRECTION('',(0.259830418164166,0.907418184269751,0.330273209106073));
#3485=DIRECTION('center_axis',(0.,0.5,0.866025403784439));
#3486=DIRECTION('ref_axis',(1.,0.,0.));
#3487=DIRECTION('',(-0.259830418164166,-0.836281122199632,0.48282713102016));
#3488=DIRECTION('center_axis',(1.,0.,0.));
#3489=DIRECTION('ref_axis',(0.,0.,-1.));
#3490=DIRECTION('',(1.,0.,0.));
#3491=DIRECTION('center_axis',(1.,0.,0.));
#3492=DIRECTION('ref_axis',(0.,4.98976640280969E-17,-1.));
#3493=DIRECTION('',(-1.,0.,0.));
#3494=DIRECTION('center_axis',(1.,0.,0.));
#3495=DIRECTION('ref_axis',(0.,4.98976640280969E-17,-1.));
#3496=DIRECTION('center_axis',(-1.,0.,0.));
#3497=DIRECTION('ref_axis',(0.,0.,-1.));
#3498=DIRECTION('',(0.866896748935603,0.,0.49848773975383));
#3499=DIRECTION('center_axis',(1.,0.,0.));
#3500=DIRECTION('ref_axis',(0.,3.28084148185176E-16,-1.));
#3501=DIRECTION('',(-0.866896748935603,0.381863763001361,-0.32042174269441));
#3502=DIRECTION('center_axis',(-1.,0.,0.));
#3503=DIRECTION('ref_axis',(0.,0.,-1.));
#3504=DIRECTION('',(0.96565426204032,0.,0.259830418164165));
#3505=DIRECTION('center_axis',(-1.,0.,0.));
#3506=DIRECTION('ref_axis',(0.,0.,-1.));
#3507=DIRECTION('',(-0.96565426204032,0.199041647987939,-0.167015773415597));
#3508=DIRECTION('center_axis',(-1.,0.,0.));
#3509=DIRECTION('ref_axis',(0.,0.,-1.));
#3510=DIRECTION('',(0.96565426204032,0.,0.259830418164164));
#3511=DIRECTION('center_axis',(1.,0.,0.));
#3512=DIRECTION('ref_axis',(0.,2.14576391138117E-16,-1.));
#3513=DIRECTION('',(0.96565426204032,-0.199041647987938,0.167015773415597));
#3514=DIRECTION('center_axis',(1.,0.,0.));
#3515=DIRECTION('ref_axis',(0.,0.,-1.));
#3516=DIRECTION('center_axis',(-1.,0.,0.));
#3517=DIRECTION('ref_axis',(0.,0.,-1.));
#3518=DIRECTION('',(0.866896748935603,0.,0.498487739753831));
#3519=DIRECTION('center_axis',(1.,0.,0.));
#3520=DIRECTION('ref_axis',(0.,5.35047240783207E-17,-1.));
#3521=DIRECTION('',(0.866896748935603,-0.381863763001361,0.320421742694411));
#3522=DIRECTION('center_axis',(1.,0.,0.));
#3523=DIRECTION('ref_axis',(0.,0.,-1.));
#3524=DIRECTION('',(1.,0.,0.));
#3525=DIRECTION('center_axis',(1.,0.,0.));
#3526=DIRECTION('ref_axis',(0.,5.35047240783207E-17,-1.));
#3527=DIRECTION('',(1.,0.,0.));
#3528=DIRECTION('center_axis',(-1.,0.,0.));
#3529=DIRECTION('ref_axis',(0.,0.,1.));
#3530=DIRECTION('',(0.,0.,1.));
#3531=DIRECTION('',(0.,-0.766044443118978,0.642787609686539));
#3532=DIRECTION('center_axis',(0.,0.642787609686539,0.766044443118978));
#3533=DIRECTION('ref_axis',(1.,0.,0.));
#3534=DIRECTION('',(0.259830418164166,0.739734081410144,-0.620710594880517));
#3535=DIRECTION('center_axis',(0.,1.,0.));
#3536=DIRECTION('ref_axis',(1.,0.,0.));
#3537=DIRECTION('',(-0.259830418164166,0.,0.96565426204032));
#3538=DIRECTION('center_axis',(1.,0.,0.));
#3539=DIRECTION('ref_axis',(0.,0.,-1.));
#3540=DIRECTION('center_axis',(1.,0.,0.));
#3541=DIRECTION('ref_axis',(0.,0.,-1.));
#3542=DIRECTION('',(-0.969097173922942,3.0209499144554E-17,-0.246679280634931));
#3543=DIRECTION('center_axis',(1.,0.,0.));
#3544=DIRECTION('ref_axis',(0.,0.,-1.));
#3545=DIRECTION('center_axis',(1.,0.,0.));
#3546=DIRECTION('ref_axis',(0.,0.,-1.));
#3547=DIRECTION('center_axis',(1.,0.,0.));
#3548=DIRECTION('ref_axis',(0.,0.,-1.));
#3549=DIRECTION('',(-1.,0.,0.));
#3550=DIRECTION('center_axis',(-1.,0.,0.));
#3551=DIRECTION('ref_axis',(0.,0.,-1.));
#3552=DIRECTION('center_axis',(1.,0.,0.));
#3553=DIRECTION('ref_axis',(0.,0.,-1.));
#3554=DIRECTION('',(-0.866896748935603,-6.10471414903727E-17,0.49848773975383));
#3555=DIRECTION('center_axis',(-1.,0.,0.));
#3556=DIRECTION('ref_axis',(0.,0.,-1.));
#3557=DIRECTION('center_axis',(1.,0.,0.));
#3558=DIRECTION('ref_axis',(0.,0.,-1.));
#3559=DIRECTION('',(-0.96565426204032,-3.18200489925862E-17,0.259830418164165));
#3560=DIRECTION('center_axis',(1.,0.,0.));
#3561=DIRECTION('ref_axis',(0.,0.,-1.));
#3562=DIRECTION('',(-0.259830418164166,1.18258540109068E-16,-0.96565426204032));
#3563=DIRECTION('',(-0.259830418164166,1.18258540109068E-16,-0.96565426204032));
#3564=DIRECTION('center_axis',(1.,0.,0.));
#3565=DIRECTION('ref_axis',(0.,0.,-1.));
#3566=DIRECTION('center_axis',(-1.,0.,0.));
#3567=DIRECTION('ref_axis',(0.,0.,-1.));
#3568=DIRECTION('',(-0.96565426204032,-3.18200489925862E-17,0.259830418164165));
#3569=DIRECTION('center_axis',(1.,0.,0.));
#3570=DIRECTION('ref_axis',(0.,0.,-1.));
#3571=DIRECTION('center_axis',(-1.,0.,0.));
#3572=DIRECTION('ref_axis',(0.,0.,-1.));
#3573=DIRECTION('',(-0.866896748935603,-6.10471414903727E-17,0.49848773975383));
#3574=DIRECTION('center_axis',(1.,0.,0.));
#3575=DIRECTION('ref_axis',(0.,0.,-1.));
#3576=DIRECTION('center_axis',(1.,0.,0.));
#3577=DIRECTION('ref_axis',(0.,0.,-1.));
#3578=DIRECTION('',(-1.,0.,0.));
#3579=DIRECTION('center_axis',(1.,0.,0.));
#3580=DIRECTION('ref_axis',(0.,0.,1.));
#3581=DIRECTION('center_axis',(1.,0.,0.));
#3582=DIRECTION('ref_axis',(0.,0.,1.));
#3583=DIRECTION('',(1.,0.,0.));
#3584=DIRECTION('center_axis',(1.,0.,0.));
#3585=DIRECTION('ref_axis',(0.,0.,1.));
#3586=DIRECTION('center_axis',(1.,0.,0.));
#3587=DIRECTION('ref_axis',(0.,0.,1.));
#3588=DIRECTION('center_axis',(1.,0.,0.));
#3589=DIRECTION('ref_axis',(0.,0.,1.));
#3590=DIRECTION('',(1.,0.,0.));
#3591=DIRECTION('center_axis',(1.,0.,0.));
#3592=DIRECTION('ref_axis',(0.,0.,1.));
#3593=DIRECTION('center_axis',(1.,0.,0.));
#3594=DIRECTION('ref_axis',(0.,0.,1.));
#3595=DIRECTION('center_axis',(1.,0.,0.));
#3596=DIRECTION('ref_axis',(0.,0.,1.));
#3597=DIRECTION('',(1.,0.,0.));
#3598=DIRECTION('center_axis',(1.,0.,0.));
#3599=DIRECTION('ref_axis',(0.,0.,1.));
#3600=DIRECTION('center_axis',(1.,0.,0.));
#3601=DIRECTION('ref_axis',(0.,0.,1.));
#3602=DIRECTION('center_axis',(1.,0.,0.));
#3603=DIRECTION('ref_axis',(0.,0.,1.));
#3604=DIRECTION('',(1.,0.,0.));
#3605=DIRECTION('center_axis',(1.,0.,0.));
#3606=DIRECTION('ref_axis',(0.,0.,1.));
#3607=DIRECTION('center_axis',(1.,0.,0.));
#3608=DIRECTION('ref_axis',(0.,0.,1.));
#3609=DIRECTION('center_axis',(1.,0.,0.));
#3610=DIRECTION('ref_axis',(0.,0.,1.));
#3611=DIRECTION('',(1.,0.,0.));
#3612=DIRECTION('center_axis',(1.,0.,0.));
#3613=DIRECTION('ref_axis',(0.,0.,1.));
#3614=DIRECTION('center_axis',(1.,0.,0.));
#3615=DIRECTION('ref_axis',(0.,0.,1.));
#3616=DIRECTION('center_axis',(1.,0.,0.));
#3617=DIRECTION('ref_axis',(0.,0.,1.));
#3618=DIRECTION('',(1.,0.,0.));
#3619=DIRECTION('center_axis',(1.,0.,0.));
#3620=DIRECTION('ref_axis',(0.,0.,1.));
#3621=DIRECTION('center_axis',(1.,0.,0.));
#3622=DIRECTION('ref_axis',(0.,0.,1.));
#3623=DIRECTION('center_axis',(1.,0.,0.));
#3624=DIRECTION('ref_axis',(0.,0.,1.));
#3625=DIRECTION('',(1.,0.,0.));
#3626=DIRECTION('center_axis',(1.,0.,0.));
#3627=DIRECTION('ref_axis',(0.,0.,1.));
#3628=DIRECTION('center_axis',(1.,0.,0.));
#3629=DIRECTION('ref_axis',(0.,0.,1.));
#3630=DIRECTION('center_axis',(1.,0.,0.));
#3631=DIRECTION('ref_axis',(0.,0.,1.));
#3632=DIRECTION('',(1.,0.,0.));
#3633=DIRECTION('center_axis',(1.,0.,0.));
#3634=DIRECTION('ref_axis',(0.,0.,1.));
#3635=DIRECTION('center_axis',(1.,0.,0.));
#3636=DIRECTION('ref_axis',(0.,0.,1.));
#3637=DIRECTION('center_axis',(1.,0.,0.));
#3638=DIRECTION('ref_axis',(0.,0.,1.));
#3639=DIRECTION('',(1.,0.,0.));
#3640=DIRECTION('center_axis',(1.,0.,0.));
#3641=DIRECTION('ref_axis',(0.,0.,1.));
#3642=DIRECTION('center_axis',(1.,0.,0.));
#3643=DIRECTION('ref_axis',(0.,0.,1.));
#3644=DIRECTION('center_axis',(1.,0.,0.));
#3645=DIRECTION('ref_axis',(0.,0.,1.));
#3646=DIRECTION('',(1.,0.,0.));
#3647=DIRECTION('center_axis',(1.,0.,0.));
#3648=DIRECTION('ref_axis',(0.,0.,1.));
#3649=DIRECTION('center_axis',(1.,0.,0.));
#3650=DIRECTION('ref_axis',(0.,0.,1.));
#3651=DIRECTION('center_axis',(1.,0.,0.));
#3652=DIRECTION('ref_axis',(0.,0.,1.));
#3653=DIRECTION('',(1.,0.,0.));
#3654=DIRECTION('center_axis',(1.,0.,0.));
#3655=DIRECTION('ref_axis',(0.,0.,1.));
#3656=DIRECTION('center_axis',(1.,0.,0.));
#3657=DIRECTION('ref_axis',(0.,0.,1.));
#3658=DIRECTION('center_axis',(1.,0.,0.));
#3659=DIRECTION('ref_axis',(0.,0.,1.));
#3660=DIRECTION('',(1.,0.,0.));
#3661=DIRECTION('center_axis',(1.,0.,0.));
#3662=DIRECTION('ref_axis',(0.,0.,1.));
#3663=DIRECTION('center_axis',(1.,0.,0.));
#3664=DIRECTION('ref_axis',(0.,0.,1.));
#3665=DIRECTION('center_axis',(1.,0.,0.));
#3666=DIRECTION('ref_axis',(0.,0.,1.));
#3667=DIRECTION('',(1.,0.,0.));
#3668=DIRECTION('center_axis',(1.,0.,0.));
#3669=DIRECTION('ref_axis',(0.,0.,1.));
#3670=DIRECTION('center_axis',(1.,0.,0.));
#3671=DIRECTION('ref_axis',(0.,0.,1.));
#3672=DIRECTION('center_axis',(1.,0.,0.));
#3673=DIRECTION('ref_axis',(0.,0.,1.));
#3674=DIRECTION('',(1.,0.,0.));
#3675=DIRECTION('center_axis',(1.,0.,0.));
#3676=DIRECTION('ref_axis',(0.,0.,1.));
#3677=DIRECTION('center_axis',(1.,0.,0.));
#3678=DIRECTION('ref_axis',(0.,0.,1.));
#3679=DIRECTION('center_axis',(1.,0.,0.));
#3680=DIRECTION('ref_axis',(0.,0.,1.));
#3681=DIRECTION('',(1.,0.,0.));
#3682=DIRECTION('center_axis',(1.,0.,0.));
#3683=DIRECTION('ref_axis',(0.,0.,1.));
#3684=DIRECTION('center_axis',(1.,0.,0.));
#3685=DIRECTION('ref_axis',(0.,0.,1.));
#3686=DIRECTION('center_axis',(1.,0.,0.));
#3687=DIRECTION('ref_axis',(0.,0.,1.));
#3688=DIRECTION('',(1.,0.,0.));
#3689=DIRECTION('center_axis',(1.,0.,0.));
#3690=DIRECTION('ref_axis',(0.,0.,1.));
#3691=DIRECTION('center_axis',(1.,0.,0.));
#3692=DIRECTION('ref_axis',(0.,0.,1.));
#3693=DIRECTION('center_axis',(1.,0.,0.));
#3694=DIRECTION('ref_axis',(0.,0.,1.));
#3695=DIRECTION('',(1.,0.,0.));
#3696=DIRECTION('center_axis',(1.,0.,0.));
#3697=DIRECTION('ref_axis',(0.,0.,1.));
#3698=DIRECTION('center_axis',(1.,0.,0.));
#3699=DIRECTION('ref_axis',(0.,0.,1.));
#3700=DIRECTION('center_axis',(1.,0.,0.));
#3701=DIRECTION('ref_axis',(0.,0.,1.));
#3702=DIRECTION('',(1.,0.,0.));
#3703=DIRECTION('center_axis',(1.,0.,0.));
#3704=DIRECTION('ref_axis',(0.,0.,1.));
#3705=DIRECTION('center_axis',(1.,0.,0.));
#3706=DIRECTION('ref_axis',(0.,0.,1.));
#3707=DIRECTION('center_axis',(1.,0.,0.));
#3708=DIRECTION('ref_axis',(0.,0.,1.));
#3709=DIRECTION('',(1.,0.,0.));
#3710=DIRECTION('center_axis',(1.,0.,0.));
#3711=DIRECTION('ref_axis',(0.,0.,1.));
#3712=DIRECTION('center_axis',(1.,0.,0.));
#3713=DIRECTION('ref_axis',(0.,0.,1.));
#3714=DIRECTION('center_axis',(1.,0.,0.));
#3715=DIRECTION('ref_axis',(0.,0.,1.));
#3716=DIRECTION('',(1.,0.,0.));
#3717=DIRECTION('center_axis',(1.,0.,0.));
#3718=DIRECTION('ref_axis',(0.,0.,1.));
#3719=DIRECTION('center_axis',(1.,0.,0.));
#3720=DIRECTION('ref_axis',(0.,0.,1.));
#3721=DIRECTION('center_axis',(1.,0.,0.));
#3722=DIRECTION('ref_axis',(0.,0.,1.));
#3723=DIRECTION('',(1.,0.,0.));
#3724=DIRECTION('center_axis',(1.,0.,0.));
#3725=DIRECTION('ref_axis',(0.,0.,1.));
#3726=DIRECTION('center_axis',(1.,0.,0.));
#3727=DIRECTION('ref_axis',(0.,0.,1.));
#3728=DIRECTION('center_axis',(1.,0.,0.));
#3729=DIRECTION('ref_axis',(0.,0.,1.));
#3730=DIRECTION('',(1.,0.,0.));
#3731=DIRECTION('center_axis',(1.,0.,0.));
#3732=DIRECTION('ref_axis',(0.,0.,1.));
#3733=DIRECTION('center_axis',(1.,0.,0.));
#3734=DIRECTION('ref_axis',(0.,0.,1.));
#3735=DIRECTION('center_axis',(1.,0.,0.));
#3736=DIRECTION('ref_axis',(0.,0.,1.));
#3737=DIRECTION('',(1.,0.,0.));
#3738=DIRECTION('center_axis',(1.,0.,0.));
#3739=DIRECTION('ref_axis',(0.,0.,1.));
#3740=DIRECTION('center_axis',(1.,0.,0.));
#3741=DIRECTION('ref_axis',(0.,0.,1.));
#3742=DIRECTION('center_axis',(1.,0.,0.));
#3743=DIRECTION('ref_axis',(0.,0.,1.));
#3744=DIRECTION('',(1.,0.,0.));
#3745=DIRECTION('center_axis',(1.,0.,0.));
#3746=DIRECTION('ref_axis',(0.,0.,1.));
#3747=DIRECTION('center_axis',(1.,0.,0.));
#3748=DIRECTION('ref_axis',(0.,0.,1.));
#3749=DIRECTION('center_axis',(1.,0.,0.));
#3750=DIRECTION('ref_axis',(0.,0.,1.));
#3751=DIRECTION('',(1.,0.,0.));
#3752=DIRECTION('center_axis',(1.,0.,0.));
#3753=DIRECTION('ref_axis',(0.,0.,1.));
#3754=DIRECTION('center_axis',(1.,0.,0.));
#3755=DIRECTION('ref_axis',(0.,0.,1.));
#3756=DIRECTION('center_axis',(1.,0.,0.));
#3757=DIRECTION('ref_axis',(0.,0.,1.));
#3758=DIRECTION('',(1.,0.,0.));
#3759=DIRECTION('center_axis',(1.,0.,0.));
#3760=DIRECTION('ref_axis',(0.,0.,1.));
#3761=DIRECTION('center_axis',(1.,0.,0.));
#3762=DIRECTION('ref_axis',(0.,0.,1.));
#3763=DIRECTION('center_axis',(1.,0.,0.));
#3764=DIRECTION('ref_axis',(0.,0.,1.));
#3765=DIRECTION('',(1.,0.,0.));
#3766=DIRECTION('center_axis',(1.,0.,0.));
#3767=DIRECTION('ref_axis',(0.,0.,1.));
#3768=DIRECTION('center_axis',(1.,0.,0.));
#3769=DIRECTION('ref_axis',(0.,0.,1.));
#3770=DIRECTION('center_axis',(1.,0.,0.));
#3771=DIRECTION('ref_axis',(0.,0.,1.));
#3772=DIRECTION('',(1.,0.,0.));
#3773=DIRECTION('center_axis',(1.,0.,0.));
#3774=DIRECTION('ref_axis',(0.,0.,1.));
#3775=DIRECTION('center_axis',(1.,0.,0.));
#3776=DIRECTION('ref_axis',(0.,0.,1.));
#3777=DIRECTION('center_axis',(1.,0.,0.));
#3778=DIRECTION('ref_axis',(0.,0.,1.));
#3779=DIRECTION('',(1.,0.,0.));
#3780=DIRECTION('center_axis',(1.,0.,0.));
#3781=DIRECTION('ref_axis',(0.,0.,1.));
#3782=DIRECTION('center_axis',(1.,0.,0.));
#3783=DIRECTION('ref_axis',(0.,0.,1.));
#3784=DIRECTION('center_axis',(1.,0.,0.));
#3785=DIRECTION('ref_axis',(0.,0.,1.));
#3786=DIRECTION('',(1.,0.,0.));
#3787=DIRECTION('center_axis',(1.,0.,0.));
#3788=DIRECTION('ref_axis',(0.,0.,1.));
#3789=DIRECTION('center_axis',(1.,0.,0.));
#3790=DIRECTION('ref_axis',(0.,0.,1.));
#3791=DIRECTION('center_axis',(1.,0.,0.));
#3792=DIRECTION('ref_axis',(0.,0.,1.));
#3793=DIRECTION('',(1.,0.,0.));
#3794=DIRECTION('center_axis',(1.,0.,0.));
#3795=DIRECTION('ref_axis',(0.,0.,1.));
#3796=DIRECTION('center_axis',(1.,0.,0.));
#3797=DIRECTION('ref_axis',(0.,0.,1.));
#3798=DIRECTION('center_axis',(1.,0.,0.));
#3799=DIRECTION('ref_axis',(0.,0.,1.));
#3800=DIRECTION('',(1.,0.,0.));
#3801=DIRECTION('center_axis',(1.,0.,0.));
#3802=DIRECTION('ref_axis',(0.,0.,1.));
#3803=DIRECTION('center_axis',(1.,0.,0.));
#3804=DIRECTION('ref_axis',(0.,0.,1.));
#3805=DIRECTION('center_axis',(1.,0.,0.));
#3806=DIRECTION('ref_axis',(0.,0.,1.));
#3807=DIRECTION('',(1.,0.,0.));
#3808=DIRECTION('center_axis',(1.,0.,0.));
#3809=DIRECTION('ref_axis',(0.,0.,1.));
#3810=DIRECTION('center_axis',(1.,0.,0.));
#3811=DIRECTION('ref_axis',(0.,0.,1.));
#3812=DIRECTION('center_axis',(1.,0.,0.));
#3813=DIRECTION('ref_axis',(0.,0.,1.));
#3814=DIRECTION('',(1.,0.,0.));
#3815=DIRECTION('center_axis',(1.,0.,0.));
#3816=DIRECTION('ref_axis',(0.,0.,1.));
#3817=DIRECTION('center_axis',(1.,0.,0.));
#3818=DIRECTION('ref_axis',(0.,0.,1.));
#3819=DIRECTION('center_axis',(1.,0.,0.));
#3820=DIRECTION('ref_axis',(0.,0.,1.));
#3821=DIRECTION('',(1.,0.,0.));
#3822=DIRECTION('center_axis',(1.,0.,0.));
#3823=DIRECTION('ref_axis',(0.,0.,1.));
#3824=DIRECTION('center_axis',(1.,0.,0.));
#3825=DIRECTION('ref_axis',(0.,0.,1.));
#3826=DIRECTION('center_axis',(1.,0.,0.));
#3827=DIRECTION('ref_axis',(0.,0.,1.));
#3828=DIRECTION('',(1.,0.,0.));
#3829=DIRECTION('center_axis',(1.,0.,0.));
#3830=DIRECTION('ref_axis',(0.,0.,1.));
#3831=DIRECTION('center_axis',(1.,0.,0.));
#3832=DIRECTION('ref_axis',(0.,0.,1.));
#3833=DIRECTION('center_axis',(1.,0.,0.));
#3834=DIRECTION('ref_axis',(0.,0.,1.));
#3835=DIRECTION('',(1.,0.,0.));
#3836=DIRECTION('center_axis',(1.,0.,0.));
#3837=DIRECTION('ref_axis',(0.,0.,1.));
#3838=DIRECTION('center_axis',(1.,0.,0.));
#3839=DIRECTION('ref_axis',(0.,0.,1.));
#3840=DIRECTION('center_axis',(1.,0.,0.));
#3841=DIRECTION('ref_axis',(0.,0.,1.));
#3842=DIRECTION('',(1.,0.,0.));
#3843=DIRECTION('center_axis',(1.,0.,0.));
#3844=DIRECTION('ref_axis',(0.,0.,1.));
#3845=DIRECTION('center_axis',(1.,0.,0.));
#3846=DIRECTION('ref_axis',(0.,0.,1.));
#3847=DIRECTION('center_axis',(1.,0.,0.));
#3848=DIRECTION('ref_axis',(0.,0.,1.));
#3849=DIRECTION('',(1.,0.,0.));
#3850=DIRECTION('center_axis',(1.,0.,0.));
#3851=DIRECTION('ref_axis',(0.,0.,1.));
#3852=DIRECTION('center_axis',(1.,0.,0.));
#3853=DIRECTION('ref_axis',(0.,0.,1.));
#3854=DIRECTION('center_axis',(1.,0.,0.));
#3855=DIRECTION('ref_axis',(0.,0.,1.));
#3856=DIRECTION('',(1.,0.,0.));
#3857=DIRECTION('center_axis',(1.,0.,0.));
#3858=DIRECTION('ref_axis',(0.,0.,1.));
#3859=DIRECTION('center_axis',(1.,0.,0.));
#3860=DIRECTION('ref_axis',(0.,0.,1.));
#3861=DIRECTION('center_axis',(1.,0.,0.));
#3862=DIRECTION('ref_axis',(0.,0.,1.));
#3863=DIRECTION('',(1.,0.,0.));
#3864=DIRECTION('center_axis',(1.,0.,0.));
#3865=DIRECTION('ref_axis',(0.,0.,1.));
#3866=DIRECTION('center_axis',(1.,0.,0.));
#3867=DIRECTION('ref_axis',(0.,0.,1.));
#3868=DIRECTION('center_axis',(1.,0.,0.));
#3869=DIRECTION('ref_axis',(0.,0.,1.));
#3870=DIRECTION('',(1.,0.,0.));
#3871=DIRECTION('center_axis',(1.,0.,0.));
#3872=DIRECTION('ref_axis',(0.,0.,1.));
#3873=DIRECTION('center_axis',(1.,0.,0.));
#3874=DIRECTION('ref_axis',(0.,0.,1.));
#3875=DIRECTION('center_axis',(1.,0.,0.));
#3876=DIRECTION('ref_axis',(0.,0.,1.));
#3877=DIRECTION('',(1.,0.,0.));
#3878=DIRECTION('center_axis',(1.,0.,0.));
#3879=DIRECTION('ref_axis',(0.,0.,1.));
#3880=DIRECTION('center_axis',(1.,0.,0.));
#3881=DIRECTION('ref_axis',(0.,0.,1.));
#3882=DIRECTION('center_axis',(1.,0.,0.));
#3883=DIRECTION('ref_axis',(0.,0.,1.));
#3884=DIRECTION('',(1.,0.,0.));
#3885=DIRECTION('center_axis',(1.,0.,0.));
#3886=DIRECTION('ref_axis',(0.,0.,1.));
#3887=DIRECTION('center_axis',(1.,0.,0.));
#3888=DIRECTION('ref_axis',(0.,0.,1.));
#3889=DIRECTION('center_axis',(1.,0.,0.));
#3890=DIRECTION('ref_axis',(0.,0.,1.));
#3891=DIRECTION('',(1.,0.,0.));
#3892=DIRECTION('center_axis',(1.,0.,0.));
#3893=DIRECTION('ref_axis',(0.,0.,1.));
#3894=DIRECTION('center_axis',(1.,0.,0.));
#3895=DIRECTION('ref_axis',(0.,0.,1.));
#3896=DIRECTION('center_axis',(1.,0.,0.));
#3897=DIRECTION('ref_axis',(0.,0.,1.));
#3898=DIRECTION('',(1.,0.,0.));
#3899=DIRECTION('center_axis',(1.,0.,0.));
#3900=DIRECTION('ref_axis',(0.,0.,1.));
#3901=DIRECTION('center_axis',(1.,0.,0.));
#3902=DIRECTION('ref_axis',(0.,0.,1.));
#3903=DIRECTION('center_axis',(1.,0.,0.));
#3904=DIRECTION('ref_axis',(0.,0.,1.));
#3905=DIRECTION('',(1.,0.,0.));
#3906=DIRECTION('center_axis',(1.,0.,0.));
#3907=DIRECTION('ref_axis',(0.,0.,1.));
#3908=DIRECTION('center_axis',(1.,0.,0.));
#3909=DIRECTION('ref_axis',(0.,0.,1.));
#3910=DIRECTION('center_axis',(1.,0.,0.));
#3911=DIRECTION('ref_axis',(0.,0.,1.));
#3912=DIRECTION('',(1.,0.,0.));
#3913=DIRECTION('center_axis',(1.,0.,0.));
#3914=DIRECTION('ref_axis',(0.,0.,1.));
#3915=DIRECTION('center_axis',(1.,0.,0.));
#3916=DIRECTION('ref_axis',(0.,0.,1.));
#3917=DIRECTION('center_axis',(1.,0.,0.));
#3918=DIRECTION('ref_axis',(0.,0.,1.));
#3919=DIRECTION('',(1.,0.,0.));
#3920=DIRECTION('center_axis',(1.,0.,0.));
#3921=DIRECTION('ref_axis',(0.,0.,1.));
#3922=DIRECTION('center_axis',(1.,0.,0.));
#3923=DIRECTION('ref_axis',(0.,0.,1.));
#3924=DIRECTION('center_axis',(1.,0.,0.));
#3925=DIRECTION('ref_axis',(0.,0.,1.));
#3926=DIRECTION('',(1.,0.,0.));
#3927=DIRECTION('center_axis',(1.,0.,0.));
#3928=DIRECTION('ref_axis',(0.,0.,1.));
#3929=DIRECTION('center_axis',(1.,0.,0.));
#3930=DIRECTION('ref_axis',(0.,0.,1.));
#3931=DIRECTION('center_axis',(1.,0.,0.));
#3932=DIRECTION('ref_axis',(0.,0.,1.));
#3933=DIRECTION('',(1.,0.,0.));
#3934=DIRECTION('center_axis',(1.,0.,0.));
#3935=DIRECTION('ref_axis',(0.,0.,1.));
#3936=DIRECTION('center_axis',(1.,0.,0.));
#3937=DIRECTION('ref_axis',(0.,0.,1.));
#3938=DIRECTION('center_axis',(1.,0.,0.));
#3939=DIRECTION('ref_axis',(0.,0.,1.));
#3940=DIRECTION('',(1.,0.,0.));
#3941=DIRECTION('center_axis',(1.,0.,0.));
#3942=DIRECTION('ref_axis',(0.,0.,1.));
#3943=DIRECTION('center_axis',(1.,0.,0.));
#3944=DIRECTION('ref_axis',(0.,0.,1.));
#3945=DIRECTION('center_axis',(1.,0.,0.));
#3946=DIRECTION('ref_axis',(0.,0.,1.));
#3947=DIRECTION('',(1.,0.,0.));
#3948=DIRECTION('center_axis',(1.,0.,0.));
#3949=DIRECTION('ref_axis',(0.,0.,1.));
#3950=DIRECTION('center_axis',(1.,0.,0.));
#3951=DIRECTION('ref_axis',(0.,0.,1.));
#3952=DIRECTION('center_axis',(1.,0.,0.));
#3953=DIRECTION('ref_axis',(0.,0.,1.));
#3954=DIRECTION('',(1.,0.,0.));
#3955=DIRECTION('center_axis',(1.,0.,0.));
#3956=DIRECTION('ref_axis',(0.,0.,1.));
#3957=DIRECTION('center_axis',(1.,0.,0.));
#3958=DIRECTION('ref_axis',(0.,0.,1.));
#3959=DIRECTION('center_axis',(1.,0.,0.));
#3960=DIRECTION('ref_axis',(0.,0.,1.));
#3961=DIRECTION('',(1.,0.,0.));
#3962=DIRECTION('center_axis',(1.,0.,0.));
#3963=DIRECTION('ref_axis',(0.,0.,1.));
#3964=DIRECTION('center_axis',(1.,0.,0.));
#3965=DIRECTION('ref_axis',(0.,0.,1.));
#3966=DIRECTION('center_axis',(1.,0.,0.));
#3967=DIRECTION('ref_axis',(0.,0.,1.));
#3968=DIRECTION('',(1.,0.,0.));
#3969=DIRECTION('center_axis',(1.,0.,0.));
#3970=DIRECTION('ref_axis',(0.,0.,1.));
#3971=DIRECTION('center_axis',(1.,0.,0.));
#3972=DIRECTION('ref_axis',(0.,0.,1.));
#3973=DIRECTION('center_axis',(1.,0.,0.));
#3974=DIRECTION('ref_axis',(0.,0.,1.));
#3975=DIRECTION('',(1.,0.,0.));
#3976=DIRECTION('center_axis',(1.,0.,0.));
#3977=DIRECTION('ref_axis',(0.,0.,1.));
#3978=DIRECTION('center_axis',(1.,0.,0.));
#3979=DIRECTION('ref_axis',(0.,0.,1.));
#3980=DIRECTION('center_axis',(1.,0.,0.));
#3981=DIRECTION('ref_axis',(0.,0.,1.));
#3982=DIRECTION('',(1.,0.,0.));
#3983=DIRECTION('center_axis',(1.,0.,0.));
#3984=DIRECTION('ref_axis',(0.,0.,1.));
#3985=DIRECTION('center_axis',(1.,0.,0.));
#3986=DIRECTION('ref_axis',(0.,0.,1.));
#3987=DIRECTION('center_axis',(1.,0.,0.));
#3988=DIRECTION('ref_axis',(0.,0.,1.));
#3989=DIRECTION('',(1.,0.,0.));
#3990=DIRECTION('center_axis',(1.,0.,0.));
#3991=DIRECTION('ref_axis',(0.,0.,1.));
#3992=DIRECTION('center_axis',(1.,0.,0.));
#3993=DIRECTION('ref_axis',(0.,0.,1.));
#3994=DIRECTION('center_axis',(1.,0.,0.));
#3995=DIRECTION('ref_axis',(0.,0.,1.));
#3996=DIRECTION('',(1.,0.,0.));
#3997=DIRECTION('center_axis',(1.,0.,0.));
#3998=DIRECTION('ref_axis',(0.,0.,1.));
#3999=DIRECTION('center_axis',(1.,0.,0.));
#4000=DIRECTION('ref_axis',(0.,0.,1.));
#4001=DIRECTION('center_axis',(1.,0.,0.));
#4002=DIRECTION('ref_axis',(0.,0.,1.));
#4003=DIRECTION('',(1.,0.,0.));
#4004=DIRECTION('center_axis',(1.,0.,0.));
#4005=DIRECTION('ref_axis',(0.,0.,1.));
#4006=DIRECTION('center_axis',(1.,0.,0.));
#4007=DIRECTION('ref_axis',(0.,0.,1.));
#4008=DIRECTION('center_axis',(1.,0.,0.));
#4009=DIRECTION('ref_axis',(0.,0.,1.));
#4010=DIRECTION('',(1.,0.,0.));
#4011=DIRECTION('center_axis',(1.,0.,0.));
#4012=DIRECTION('ref_axis',(0.,0.,1.));
#4013=DIRECTION('center_axis',(1.,0.,0.));
#4014=DIRECTION('ref_axis',(0.,0.,1.));
#4015=DIRECTION('center_axis',(1.,0.,0.));
#4016=DIRECTION('ref_axis',(0.,0.,1.));
#4017=DIRECTION('',(1.,0.,0.));
#4018=DIRECTION('center_axis',(1.,0.,0.));
#4019=DIRECTION('ref_axis',(0.,0.,1.));
#4020=DIRECTION('center_axis',(1.,0.,0.));
#4021=DIRECTION('ref_axis',(0.,0.,1.));
#4022=DIRECTION('center_axis',(1.,0.,0.));
#4023=DIRECTION('ref_axis',(0.,0.,1.));
#4024=DIRECTION('',(1.,0.,0.));
#4025=DIRECTION('center_axis',(1.,0.,0.));
#4026=DIRECTION('ref_axis',(0.,0.,1.));
#4027=DIRECTION('center_axis',(1.,0.,0.));
#4028=DIRECTION('ref_axis',(0.,0.,1.));
#4029=DIRECTION('center_axis',(1.,0.,0.));
#4030=DIRECTION('ref_axis',(0.,0.,1.));
#4031=DIRECTION('',(1.,0.,0.));
#4032=DIRECTION('center_axis',(1.,0.,0.));
#4033=DIRECTION('ref_axis',(0.,0.,1.));
#4034=DIRECTION('center_axis',(1.,0.,0.));
#4035=DIRECTION('ref_axis',(0.,0.,1.));
#4036=DIRECTION('center_axis',(1.,0.,0.));
#4037=DIRECTION('ref_axis',(0.,0.,1.));
#4038=DIRECTION('',(1.,0.,0.));
#4039=DIRECTION('center_axis',(1.,0.,0.));
#4040=DIRECTION('ref_axis',(0.,0.,1.));
#4041=DIRECTION('center_axis',(1.,0.,0.));
#4042=DIRECTION('ref_axis',(0.,0.,1.));
#4043=DIRECTION('center_axis',(1.,0.,0.));
#4044=DIRECTION('ref_axis',(0.,0.,1.));
#4045=DIRECTION('',(1.,0.,0.));
#4046=DIRECTION('center_axis',(1.,0.,0.));
#4047=DIRECTION('ref_axis',(0.,0.,1.));
#4048=DIRECTION('center_axis',(1.,0.,0.));
#4049=DIRECTION('ref_axis',(0.,0.,1.));
#4050=DIRECTION('center_axis',(1.,0.,0.));
#4051=DIRECTION('ref_axis',(0.,0.,1.));
#4052=DIRECTION('',(1.,0.,0.));
#4053=DIRECTION('center_axis',(1.,0.,0.));
#4054=DIRECTION('ref_axis',(0.,0.,1.));
#4055=DIRECTION('center_axis',(1.,0.,0.));
#4056=DIRECTION('ref_axis',(0.,0.,1.));
#4057=DIRECTION('center_axis',(1.,0.,0.));
#4058=DIRECTION('ref_axis',(0.,0.,1.));
#4059=DIRECTION('',(1.,0.,0.));
#4060=DIRECTION('center_axis',(1.,0.,0.));
#4061=DIRECTION('ref_axis',(0.,0.,1.));
#4062=DIRECTION('center_axis',(1.,0.,0.));
#4063=DIRECTION('ref_axis',(0.,0.,1.));
#4064=DIRECTION('center_axis',(1.,0.,0.));
#4065=DIRECTION('ref_axis',(0.,0.,1.));
#4066=DIRECTION('',(1.,0.,0.));
#4067=DIRECTION('center_axis',(1.,0.,0.));
#4068=DIRECTION('ref_axis',(0.,0.,1.));
#4069=DIRECTION('center_axis',(1.,0.,0.));
#4070=DIRECTION('ref_axis',(0.,0.,1.));
#4071=DIRECTION('center_axis',(1.,0.,0.));
#4072=DIRECTION('ref_axis',(0.,0.,1.));
#4073=DIRECTION('',(1.,0.,0.));
#4074=DIRECTION('center_axis',(1.,0.,0.));
#4075=DIRECTION('ref_axis',(0.,0.,1.));
#4076=DIRECTION('center_axis',(1.,0.,0.));
#4077=DIRECTION('ref_axis',(0.,0.,1.));
#4078=DIRECTION('center_axis',(1.,0.,0.));
#4079=DIRECTION('ref_axis',(0.,0.,1.));
#4080=DIRECTION('',(1.,0.,0.));
#4081=DIRECTION('center_axis',(1.,0.,0.));
#4082=DIRECTION('ref_axis',(0.,0.,1.));
#4083=DIRECTION('center_axis',(1.,0.,0.));
#4084=DIRECTION('ref_axis',(0.,0.,1.));
#4085=DIRECTION('center_axis',(1.,0.,0.));
#4086=DIRECTION('ref_axis',(0.,0.,1.));
#4087=DIRECTION('',(1.,0.,0.));
#4088=DIRECTION('center_axis',(1.,0.,0.));
#4089=DIRECTION('ref_axis',(0.,0.,1.));
#4090=DIRECTION('center_axis',(1.,0.,0.));
#4091=DIRECTION('ref_axis',(0.,0.,-1.));
#4092=DIRECTION('center_axis',(1.,0.,0.));
#4093=DIRECTION('ref_axis',(0.,0.,-1.));
#4094=DIRECTION('',(-1.,0.,0.));
#4095=DIRECTION('center_axis',(1.,0.,0.));
#4096=DIRECTION('ref_axis',(0.,0.,-1.));
#4097=DIRECTION('center_axis',(1.,0.,0.));
#4098=DIRECTION('ref_axis',(0.,0.,-1.));
#4099=DIRECTION('center_axis',(1.,0.,0.));
#4100=DIRECTION('ref_axis',(0.,0.,-1.));
#4101=CARTESIAN_POINT('',(0.,0.,0.));
#4102=CARTESIAN_POINT('Origin',(82.7002605687907,-8.36281210128418,-41.6690937477481));
#4103=CARTESIAN_POINT('',(127.900521137581,-8.1660400518422,-40.6886444830952));
#4104=CARTESIAN_POINT('',(37.5,-8.1660400518422,-40.6886444830952));
#4105=CARTESIAN_POINT('',(82.7002605687907,-8.16604005184219,-40.6886444830952));
#4106=CARTESIAN_POINT('',(37.5,-7.37800434827197,-41.842741925415));
#4107=CARTESIAN_POINT('Origin',(37.5,-8.36281210128418,-41.6690937477481));
#4108=CARTESIAN_POINT('',(128.167535229302,-7.37800434827197,-41.842741925415));
#4109=CARTESIAN_POINT('',(82.7002605687907,-7.37800434827197,-41.842741925415));
#4110=CARTESIAN_POINT('Ctrl Pts',(128.167535229302,-7.37800434827197,-41.842741925415));
#4111=CARTESIAN_POINT('Ctrl Pts',(128.167136936599,-7.37774538739624,-41.8412732853085));
#4112=CARTESIAN_POINT('Ctrl Pts',(128.166738637745,-7.37748983225099,-41.8398040345713));
#4113=CARTESIAN_POINT('Ctrl Pts',(128.166340335676,-7.37723767995537,-41.8383341849758));
#4114=CARTESIAN_POINT('Ctrl Pts',(128.154592115799,-7.36980025786844,-41.7949798628618));
#4115=CARTESIAN_POINT('Ctrl Pts',(128.142871057206,-7.36533768776826,-41.7512149695287));
#4116=CARTESIAN_POINT('Ctrl Pts',(128.131251617638,-7.36375843762202,-41.7073411193373));
#4117=CARTESIAN_POINT('Ctrl Pts',(128.119540095852,-7.36216667216865,-41.6631195758364));
#4118=CARTESIAN_POINT('Ctrl Pts',(128.107931240982,-7.3635042424251,-41.618786313182));
#4119=CARTESIAN_POINT('Ctrl Pts',(128.096504046633,-7.36772959780244,-41.5746458308184));
#4120=CARTESIAN_POINT('Ctrl Pts',(128.085153536949,-7.37192659801697,-41.530801562726));
#4121=CARTESIAN_POINT('Ctrl Pts',(128.073981702171,-7.37897297544075,-41.4871464764378));
#4122=CARTESIAN_POINT('Ctrl Pts',(128.063077053747,-7.38887643916576,-41.4439900339201));
#4123=CARTESIAN_POINT('Ctrl Pts',(128.052270244417,-7.39869104666351,-41.4012208012483));
#4124=CARTESIAN_POINT('Ctrl Pts',(128.041784192576,-7.41125874367776,-41.3591721440011));
#4125=CARTESIAN_POINT('Ctrl Pts',(128.031703170468,-7.42654610995571,-41.3181375023832));
#4126=CARTESIAN_POINT('Ctrl Pts',(128.02162214836,-7.44183347623366,-41.2771028607652));
#4127=CARTESIAN_POINT('Ctrl Pts',(128.011945593832,-7.45984069321029,-41.2370812103617));
#4128=CARTESIAN_POINT('Ctrl Pts',(128.002773257388,-7.48058132955973,-41.1983850308625));
#4129=CARTESIAN_POINT('Ctrl Pts',(127.994032564447,-7.50034592659997,-41.161509865515));
#4130=CARTESIAN_POINT('Ctrl Pts',(127.985749800127,-7.52259405694802,-41.125838209793));
#4131=CARTESIAN_POINT('Ctrl Pts',(127.977941972012,-7.5471654951302,-41.0915484300337));
#4132=CARTESIAN_POINT('Ctrl Pts',(127.969765030317,-7.57289854335094,-41.0556376074974));
#4133=CARTESIAN_POINT('Ctrl Pts',(127.962160362638,-7.60101411354277,-41.0214727816392));
#4134=CARTESIAN_POINT('Ctrl Pts',(127.955140656333,-7.63127245327038,-40.9892235793053));
#4135=CARTESIAN_POINT('Ctrl Pts',(127.948167584139,-7.6613297773578,-40.9571886185362));
#4136=CARTESIAN_POINT('Ctrl Pts',(127.941771475841,-7.69350243305194,-40.9270433049738));
#4137=CARTESIAN_POINT('Ctrl Pts',(127.93598606948,-7.72758819603436,-40.8989857331526));
#4138=CARTESIAN_POINT('Ctrl Pts',(127.930965231861,-7.75716936464882,-40.8746361018011));
#4139=CARTESIAN_POINT('Ctrl Pts',(127.926404559709,-7.78819225363046,-40.8518590882805));
#4140=CARTESIAN_POINT('Ctrl Pts',(127.922341551271,-7.82053679204854,-40.8308093056023));
#4141=CARTESIAN_POINT('Ctrl Pts',(127.917648637508,-7.85789584059478,-40.8064960863873));
#4142=CARTESIAN_POINT('Ctrl Pts',(127.913653309326,-7.89673887994598,-40.7846684496773));
#4143=CARTESIAN_POINT('Ctrl Pts',(127.910403566241,-7.9368328110143,-40.7654950200748));
#4144=CARTESIAN_POINT('Ctrl Pts',(127.90725263178,-7.97570768381671,-40.7469045596953));
#4145=CARTESIAN_POINT('Ctrl Pts',(127.904802503818,-8.01575948701752,-40.7308089628575));
#4146=CARTESIAN_POINT('Ctrl Pts',(127.903119792707,-8.05679511380655,-40.7173988729838));
#4147=CARTESIAN_POINT('Ctrl Pts',(127.9016554523,-8.09250541848382,-40.7057290525714));
#4148=CARTESIAN_POINT('Ctrl Pts',(127.900772513919,-8.12896137966442,-40.696093270567));
#4149=CARTESIAN_POINT('Ctrl Pts',(127.900530946971,-8.16604025172045,-40.6886447418288));
#4150=CARTESIAN_POINT('Ctrl Pts',(127.669047489549,-8.19223105134153,-40.8191454677242));
#4151=CARTESIAN_POINT('Ctrl Pts',(134.879994869484,-7.47005148577983,-36.7349219991271));
#4152=CARTESIAN_POINT('Ctrl Pts',(142.090821867159,-6.74736252376202,-32.650589719571));
#4153=CARTESIAN_POINT('Ctrl Pts',(149.301273097078,-6.0230908004205,-28.5659462903828));
#4154=CARTESIAN_POINT('Ctrl Pts',(127.672050846852,-7.90237097216545,-40.8755577235934));
#4155=CARTESIAN_POINT('Ctrl Pts',(134.883296149783,-7.18066851062879,-36.791775936378));
#4156=CARTESIAN_POINT('Ctrl Pts',(142.094456670908,-6.45855280970683,-32.7079304865955));
#4157=CARTESIAN_POINT('Ctrl Pts',(149.305496985884,-5.73524239711662,-28.6241564870408));
#4158=CARTESIAN_POINT('Ctrl Pts',(127.799097653945,-7.44214891054896,-41.1809947207181));
#4159=CARTESIAN_POINT('Ctrl Pts',(135.010502032555,-6.72159488600321,-37.0972789651658));
#4160=CARTESIAN_POINT('Ctrl Pts',(142.221904678212,-6.00093108499399,-33.0135899410641));
#4161=CARTESIAN_POINT('Ctrl Pts',(149.433257600566,-5.2799086574465,-28.9299292866726));
#4162=CARTESIAN_POINT('Ctrl Pts',(128.05710453018,-7.34466533888684,-41.653667007605));
#4163=CARTESIAN_POINT('Ctrl Pts',(135.268188027306,-6.62448516278985,-37.5692942476986));
#4164=CARTESIAN_POINT('Ctrl Pts',(142.479188876709,-5.90426162189766,-33.4847863748428));
#4165=CARTESIAN_POINT('Ctrl Pts',(149.689908673683,-5.18397948483476,-29.3998086056144));
#4166=CARTESIAN_POINT('Ctrl Pts',(128.167535229302,-7.37800434827197,-41.842741925415));
#4167=CARTESIAN_POINT('Ctrl Pts',(135.378482609238,-6.6577764883902,-37.7581267576854));
#4168=CARTESIAN_POINT('Ctrl Pts',(142.589309606913,-5.93751227768197,-33.6733054341745));
#4169=CARTESIAN_POINT('Ctrl Pts',(149.799760836832,-5.21713465836212,-29.5878409384664));
#4170=CARTESIAN_POINT('',(149.799760836832,-5.21713465836213,-29.5878409384664));
#4171=CARTESIAN_POINT('Ctrl Pts',(128.167535229302,-7.37800434827197,-41.842741925415));
#4172=CARTESIAN_POINT('Ctrl Pts',(135.378482609238,-6.6577764883902,-37.7581267576854));
#4173=CARTESIAN_POINT('Ctrl Pts',(142.589309606913,-5.93751227768197,-33.6733054341745));
#4174=CARTESIAN_POINT('Ctrl Pts',(149.799760836832,-5.21713465836212,-29.5878409384664));
#4175=CARTESIAN_POINT('',(146.083830156924,-6.34616408132396,-30.3885575611779));
#4176=CARTESIAN_POINT('Ctrl Pts',(146.083830156924,-6.34616408132396,-30.3885575611779));
#4177=CARTESIAN_POINT('Ctrl Pts',(146.083830156924,-6.31359788968012,-30.3953584892989));
#4178=CARTESIAN_POINT('Ctrl Pts',(146.090261824814,-6.28173350596225,-30.4001902507129));
#4179=CARTESIAN_POINT('Ctrl Pts',(146.116846228734,-6.21148397664672,-30.4073304260767));
#4180=CARTESIAN_POINT('Ctrl Pts',(146.139660535837,-6.17508653507105,-30.4084705520551));
#4181=CARTESIAN_POINT('Ctrl Pts',(146.21307239148,-6.08338598999098,-30.4068413565374));
#4182=CARTESIAN_POINT('Ctrl Pts',(146.274732222943,-6.03154811054304,-30.4002255533548));
#4183=CARTESIAN_POINT('Ctrl Pts',(146.486830595102,-5.88133138721558,-30.3716565948903));
#4184=CARTESIAN_POINT('Ctrl Pts',(146.680467066675,-5.79400545636874,-30.3352815205449));
#4185=CARTESIAN_POINT('Ctrl Pts',(147.198576871763,-5.59646536918369,-30.2307499301547));
#4186=CARTESIAN_POINT('Ctrl Pts',(147.642614627216,-5.48166331812306,-30.1301924485353));
#4187=CARTESIAN_POINT('Ctrl Pts',(148.694308862451,-5.2993785599058,-29.8754357298729));
#4188=CARTESIAN_POINT('Ctrl Pts',(149.257761159938,-5.24245896644344,-29.7314622264824));
#4189=CARTESIAN_POINT('Ctrl Pts',(149.799760836832,-5.21713465836213,-29.5878409384664));
#4190=CARTESIAN_POINT('',(127.900521096668,-8.16904865489861,-40.6880406013765));
#4191=CARTESIAN_POINT('Ctrl Pts',(146.083831553419,-6.34617078987893,-30.3885588431057));
#4192=CARTESIAN_POINT('Ctrl Pts',(140.022916167354,-6.95458975688232,-33.8218779466937));
#4193=CARTESIAN_POINT('Ctrl Pts',(133.961762123635,-7.56200323470691,-37.2549984734248));
#4194=CARTESIAN_POINT('Ctrl Pts',(127.900521093903,-8.16904868715805,-40.6880405908063));
#4195=CARTESIAN_POINT('Origin',(127.900521137581,3.73490307030462E-14,2.41274231788867E-14));
#4196=CARTESIAN_POINT('Origin',(82.7002605687907,0.,0.));
#4197=CARTESIAN_POINT('',(127.900521137581,-35.9400542570542,-20.75));
#4198=CARTESIAN_POINT('Origin',(127.900521137581,3.73490307030462E-14,2.41274231788867E-14));
#4199=CARTESIAN_POINT('',(37.5,-35.9400542570542,-20.75));
#4200=CARTESIAN_POINT('',(37.5,-35.9400542570542,-20.75));
#4201=CARTESIAN_POINT('Origin',(37.5,3.73490307030462E-14,2.41274231788867E-14));
#4202=CARTESIAN_POINT('Origin',(136.992175647253,0.,0.));
#4203=CARTESIAN_POINT('',(146.083830156924,-26.8850083112705,-15.5220667856773));
#4204=CARTESIAN_POINT('Origin',(146.083830156924,1.20530324171931E-14,1.46506722561519E-14));
#4205=CARTESIAN_POINT('',(127.900521137581,-35.9400542570542,-20.75));
#4206=CARTESIAN_POINT('Origin',(83.1007817063721,0.,0.));
#4207=CARTESIAN_POINT('',(37.5,-38.5381304684075,-22.25));
#4208=CARTESIAN_POINT('',(128.701563412744,-38.5381304684075,-22.25));
#4209=CARTESIAN_POINT('',(37.5,-38.5381304684075,-22.25));
#4210=CARTESIAN_POINT('',(128.701563412744,-7.72734390617845,-43.8239450090433));
#4211=CARTESIAN_POINT('Origin',(128.701563412744,-8.80207377015942E-15,
-2.51792941211706E-15));
#4212=CARTESIAN_POINT('',(37.5,-7.72734390617845,-43.8239450090433));
#4213=CARTESIAN_POINT('',(37.5,-7.72734390617845,-43.8239450090433));
#4214=CARTESIAN_POINT('Origin',(37.5,-8.80207377015942E-15,-2.51792941211706E-15));
#4215=CARTESIAN_POINT('Origin',(137.971081466366,0.,0.));
#4216=CARTESIAN_POINT('',(147.240599519987,-29.3059371661293,-16.919790711719));
#4217=CARTESIAN_POINT('',(128.701563412744,-38.5381304684075,-22.25));
#4218=CARTESIAN_POINT('',(147.240599519987,-5.87618164719175,-33.3254821444896));
#4219=CARTESIAN_POINT('Origin',(147.240599519987,2.52162878590113E-14,2.73783818259203E-14));
#4220=CARTESIAN_POINT('',(128.701563412744,-7.72734390617845,-43.8239450090433));
#4221=CARTESIAN_POINT('Origin',(175.458926482679,0.,0.));
#4222=CARTESIAN_POINT('',(203.677253445371,-16.1548935158953,-9.32703212013186));
#4223=CARTESIAN_POINT('',(147.240599519987,-29.3059371661293,-16.919790711719));
#4224=CARTESIAN_POINT('',(203.677253445371,-3.23924426140367,-18.3706670889995));
#4225=CARTESIAN_POINT('Origin',(203.677253445371,0.,0.));
#4226=CARTESIAN_POINT('',(147.240599519987,-5.87618164719175,-33.3254821444896));
#4227=CARTESIAN_POINT('Origin',(174.490796173901,0.,0.));
#4228=CARTESIAN_POINT('',(202.897762190879,-2.73619195282485,-15.5177156770398));
#4229=CARTESIAN_POINT('',(146.083830156924,-5.39075722191454,-30.5725034266166));
#4230=CARTESIAN_POINT('',(202.897762190879,-13.6460501492964,-7.87855072707139));
#4231=CARTESIAN_POINT('Origin',(202.897762190879,0.,0.));
#4232=CARTESIAN_POINT('',(146.083830156924,-26.8850083112705,-15.5220667856773));
#4233=CARTESIAN_POINT('Origin',(37.5,-38.5381304684075,-22.25));
#4234=CARTESIAN_POINT('',(37.5,-38.5381304684075,-22.25));
#4235=CARTESIAN_POINT('',(37.5,-7.72734390617845,-43.8239450090433));
#4236=CARTESIAN_POINT('Origin',(120.588626722686,-5.23176792950165,-29.6708303430415));
#4237=CARTESIAN_POINT('',(203.417423027207,-3.07156015854406,-17.4196832850129));
#4238=CARTESIAN_POINT('Origin',(120.588626722686,-26.092090308852,-15.0642753635357));
#4239=CARTESIAN_POINT('',(203.417423027207,-15.3186123936956,-8.8442049891117));
#4240=CARTESIAN_POINT('Origin',(83.1007817063721,0.,0.));
#4241=CARTESIAN_POINT('',(37.5,-38.5381304684075,22.25));
#4242=CARTESIAN_POINT('',(128.701563412744,-38.5381304684075,22.25));
#4243=CARTESIAN_POINT('',(37.5,-38.5381304684075,22.25));
#4244=CARTESIAN_POINT('',(128.701563412744,-41.8163216249729,-15.2198963779922));
#4245=CARTESIAN_POINT('Origin',(128.701563412744,-6.5816277209091E-15,6.36385478488419E-15));
#4246=CARTESIAN_POINT('',(37.5,-41.8163216249729,-15.2198963779922));
#4247=CARTESIAN_POINT('',(37.5,-41.8163216249729,-15.2198963779922));
#4248=CARTESIAN_POINT('Origin',(37.5,-6.5816277209091E-15,6.36385478488419E-15));
#4249=CARTESIAN_POINT('Origin',(137.971081466366,0.,0.));
#4250=CARTESIAN_POINT('',(147.240599519987,-29.3059371661293,16.919790711719));
#4251=CARTESIAN_POINT('',(128.701563412744,-38.5381304684075,22.25));
#4252=CARTESIAN_POINT('',(147.240599519987,-31.7988049540886,-11.5738184885249));
#4253=CARTESIAN_POINT('Origin',(147.240599519987,3.63185181052628E-14,-8.14875496208471E-15));
#4254=CARTESIAN_POINT('',(128.701563412744,-41.8163216249729,-15.2198963779922));
#4255=CARTESIAN_POINT('Origin',(175.458926482679,0.,0.));
#4256=CARTESIAN_POINT('',(203.677253445371,-16.1548935158953,9.32703212013188));
#4257=CARTESIAN_POINT('',(147.240599519987,-29.3059371661293,16.919790711719));
#4258=CARTESIAN_POINT('',(203.677253445371,-17.5290865142421,-6.38006572506122));
#4259=CARTESIAN_POINT('Origin',(203.677253445371,0.,0.));
#4260=CARTESIAN_POINT('',(147.240599519987,-31.7988049540886,-11.5738184885249));
#4261=CARTESIAN_POINT('Origin',(174.490796173901,0.,0.));
#4262=CARTESIAN_POINT('',(146.083830156924,-26.8850083112704,15.5220667856773));
#4263=CARTESIAN_POINT('',(202.897762190879,-13.6460501492964,7.8785507270714));
#4264=CARTESIAN_POINT('',(146.083830156924,-26.8850083112704,15.5220667856773));
#4265=CARTESIAN_POINT('',(146.083830156924,-29.171943235694,-10.6177190134959));
#4266=CARTESIAN_POINT('Origin',(146.083830156924,1.8714370564944E-14,-3.11289613785057E-15));
#4267=CARTESIAN_POINT('',(202.897762190879,-14.8068319614329,-5.38924609774301));
#4268=CARTESIAN_POINT('',(146.083830156924,-29.171943235694,-10.6177190134959));
#4269=CARTESIAN_POINT('Origin',(202.897762190879,0.,0.));
#4270=CARTESIAN_POINT('Origin',(136.992175647253,0.,0.));
#4271=CARTESIAN_POINT('',(127.900521137581,-35.9400542570542,20.75));
#4272=CARTESIAN_POINT('',(127.900521137581,-35.9400542570542,20.75));
#4273=CARTESIAN_POINT('',(127.900521137581,-38.9972437626152,-14.1938359480152));
#4274=CARTESIAN_POINT('Origin',(127.900521137581,3.95694767522964E-14,-2.02814978061196E-14));
#4275=CARTESIAN_POINT('',(127.900521137581,-38.9972437626152,-14.1938359480152));
#4276=CARTESIAN_POINT('Origin',(82.7002605687907,0.,0.));
#4277=CARTESIAN_POINT('',(37.5,-35.9400542570542,20.75));
#4278=CARTESIAN_POINT('',(37.5,-35.9400542570542,20.75));
#4279=CARTESIAN_POINT('',(37.5,-38.9972437626152,-14.1938359480152));
#4280=CARTESIAN_POINT('Origin',(37.5,3.95694767522964E-14,-2.02814978061196E-14));
#4281=CARTESIAN_POINT('',(37.5,-38.9972437626152,-14.1938359480152));
#4282=CARTESIAN_POINT('Origin',(37.5,-38.5381304684075,22.25));
#4283=CARTESIAN_POINT('',(37.5,-38.5381304684075,22.25));
#4284=CARTESIAN_POINT('',(37.5,-41.8163216249729,-15.2198963779922));
#4285=CARTESIAN_POINT('Origin',(120.588626722686,-28.3115767932029,-10.3045712378676));
#4286=CARTESIAN_POINT('',(203.417423027207,-16.6216683299724,-6.04979251595515));
#4287=CARTESIAN_POINT('Origin',(120.588626722686,-26.0920903088519,15.0642753635357));
#4288=CARTESIAN_POINT('',(203.417423027207,-15.3186123936956,8.84420498911172));
#4289=CARTESIAN_POINT('Origin',(83.1007817063721,0.,0.));
#4290=CARTESIAN_POINT('',(37.5,6.66133814775094E-15,44.5));
#4291=CARTESIAN_POINT('',(128.701563412744,6.66133814775094E-15,44.5));
#4292=CARTESIAN_POINT('',(37.5,6.66133814775094E-15,44.5));
#4293=CARTESIAN_POINT('',(128.701563412744,-34.0889777187945,28.604048631051));
#4294=CARTESIAN_POINT('Origin',(128.701563412744,2.22044604925032E-15,8.88178419700125E-15));
#4295=CARTESIAN_POINT('',(37.5,-34.0889777187945,28.604048631051));
#4296=CARTESIAN_POINT('',(37.5,-34.0889777187945,28.604048631051));
#4297=CARTESIAN_POINT('Origin',(37.5,2.22044604925032E-15,8.88178419700125E-15));
#4298=CARTESIAN_POINT('Origin',(137.971081466366,0.,0.));
#4299=CARTESIAN_POINT('',(147.240599519987,4.44089209850063E-15,33.839581423438));
#4300=CARTESIAN_POINT('',(128.701563412744,6.66133814775094E-15,44.5));
#4301=CARTESIAN_POINT('',(147.240599519987,-25.9226233068969,21.7516636559647));
#4302=CARTESIAN_POINT('Origin',(147.240599519987,1.11022302462516E-14,-3.5527136788005E-14));
#4303=CARTESIAN_POINT('',(128.701563412744,-34.0889777187945,28.604048631051));
#4304=CARTESIAN_POINT('Origin',(175.458926482679,0.,0.));
#4305=CARTESIAN_POINT('',(203.677253445371,3.33066907387547E-15,18.6540642402638));
#4306=CARTESIAN_POINT('',(147.240599519987,4.44089209850063E-15,33.839581423438));
#4307=CARTESIAN_POINT('',(203.677253445371,-14.2898422528385,11.9906013639383));
#4308=CARTESIAN_POINT('Origin',(203.677253445371,0.,0.));
#4309=CARTESIAN_POINT('',(147.240599519987,-25.9226233068969,21.7516636559647));
#4310=CARTESIAN_POINT('Origin',(174.490796173901,0.,0.));
#4311=CARTESIAN_POINT('',(146.083830156924,4.44089209850063E-15,31.0441335713546));
#4312=CARTESIAN_POINT('',(202.897762190879,2.22044604925031E-15,15.7571014541428));
#4313=CARTESIAN_POINT('',(146.083830156924,4.44089209850063E-15,31.0441335713546));
#4314=CARTESIAN_POINT('',(146.083830156924,-23.7811860137795,19.9547844131207));
#4315=CARTESIAN_POINT('Origin',(146.083830156924,6.66133814775094E-15,-1.77635683940025E-14));
#4316=CARTESIAN_POINT('',(202.897762190879,-12.070640008608,10.1284695792967));
#4317=CARTESIAN_POINT('',(146.083830156924,-23.7811860137795,19.9547844131207));
#4318=CARTESIAN_POINT('Origin',(202.897762190879,0.,0.));
#4319=CARTESIAN_POINT('Origin',(136.992175647253,0.,0.));
#4320=CARTESIAN_POINT('',(127.900521137581,6.66133814775094E-15,41.5));
#4321=CARTESIAN_POINT('',(127.900521137581,6.66133814775094E-15,41.5));
#4322=CARTESIAN_POINT('',(127.900521137581,-31.7908443894376,26.6756858019914));
#4323=CARTESIAN_POINT('Origin',(127.900521137581,2.22044604925031E-15,-4.44089209850063E-14));
#4324=CARTESIAN_POINT('',(127.900521137581,-31.7908443894376,26.6756858019914));
#4325=CARTESIAN_POINT('Origin',(82.7002605687907,0.,0.));
#4326=CARTESIAN_POINT('',(37.5,6.66133814775094E-15,41.5));
#4327=CARTESIAN_POINT('',(37.5,6.66133814775094E-15,41.5));
#4328=CARTESIAN_POINT('',(37.5,-31.7908443894376,26.6756858019914));
#4329=CARTESIAN_POINT('Origin',(37.5,2.22044604925031E-15,-4.44089209850063E-14));
#4330=CARTESIAN_POINT('',(37.5,-31.7908443894376,26.6756858019914));
#4331=CARTESIAN_POINT('Origin',(37.5,6.66133814775094E-15,44.5));
#4332=CARTESIAN_POINT('',(37.5,6.66133814775094E-15,44.5));
#4333=CARTESIAN_POINT('',(37.5,-34.0889777187945,28.604048631051));
#4334=CARTESIAN_POINT('Origin',(120.588626722686,-23.0798088637013,19.3662591051739));
#4335=CARTESIAN_POINT('',(203.417423027207,-13.5501081714283,11.3698907690578));
#4336=CARTESIAN_POINT('Origin',(120.588626722686,2.22044604925031E-15,30.1285507270714));
#4337=CARTESIAN_POINT('',(203.417423027207,1.48746445908016E-16,17.6884099782234));
#4338=CARTESIAN_POINT('Origin',(83.1007817063721,0.,0.));
#4339=CARTESIAN_POINT('',(37.5,38.5381304684075,22.25));
#4340=CARTESIAN_POINT('',(128.701563412744,38.5381304684075,22.25));
#4341=CARTESIAN_POINT('',(37.5,38.5381304684075,22.25));
#4342=CARTESIAN_POINT('',(128.701563412744,7.72734390617842,43.8239450090433));
#4343=CARTESIAN_POINT('Origin',(128.701563412744,8.80207377015941E-15,2.51792941211706E-15));
#4344=CARTESIAN_POINT('',(37.5,7.72734390617842,43.8239450090433));
#4345=CARTESIAN_POINT('',(37.5,7.72734390617842,43.8239450090433));
#4346=CARTESIAN_POINT('Origin',(37.5,8.80207377015941E-15,2.51792941211706E-15));
#4347=CARTESIAN_POINT('Origin',(137.971081466366,0.,0.));
#4348=CARTESIAN_POINT('',(147.240599519987,29.3059371661293,16.919790711719));
#4349=CARTESIAN_POINT('',(128.701563412744,38.5381304684075,22.25));
#4350=CARTESIAN_POINT('',(147.240599519987,5.87618164719173,33.3254821444896));
#4351=CARTESIAN_POINT('Origin',(147.240599519987,-2.52162878590112E-14,
-2.73783818259203E-14));
#4352=CARTESIAN_POINT('',(128.701563412744,7.72734390617842,43.8239450090433));
#4353=CARTESIAN_POINT('Origin',(175.458926482679,0.,0.));
#4354=CARTESIAN_POINT('',(203.677253445371,16.1548935158953,9.32703212013187));
#4355=CARTESIAN_POINT('',(147.240599519987,29.3059371661293,16.919790711719));
#4356=CARTESIAN_POINT('',(203.677253445371,3.23924426140366,18.3706670889995));
#4357=CARTESIAN_POINT('Origin',(203.677253445371,0.,0.));
#4358=CARTESIAN_POINT('',(147.240599519987,5.87618164719173,33.3254821444896));
#4359=CARTESIAN_POINT('Origin',(174.490796173901,0.,0.));
#4360=CARTESIAN_POINT('',(146.083830156924,26.8850083112704,15.5220667856773));
#4361=CARTESIAN_POINT('',(202.897762190879,13.6460501492964,7.87855072707139));
#4362=CARTESIAN_POINT('',(146.083830156924,26.8850083112704,15.5220667856773));
#4363=CARTESIAN_POINT('',(146.083830156924,5.39075722191452,30.5725034266166));
#4364=CARTESIAN_POINT('Origin',(146.083830156924,-1.2053032417193E-14,-1.46506722561519E-14));
#4365=CARTESIAN_POINT('',(202.897762190879,2.73619195282484,15.5177156770398));
#4366=CARTESIAN_POINT('',(146.083830156924,5.39075722191452,30.5725034266166));
#4367=CARTESIAN_POINT('Origin',(202.897762190879,0.,0.));
#4368=CARTESIAN_POINT('Origin',(136.992175647253,0.,0.));
#4369=CARTESIAN_POINT('',(127.900521137581,35.9400542570542,20.75));
#4370=CARTESIAN_POINT('',(127.900521137581,35.9400542570542,20.75));
#4371=CARTESIAN_POINT('',(127.900521137581,7.20639937317763,40.8695217500066));
#4372=CARTESIAN_POINT('Origin',(127.900521137581,-3.73490307030461E-14,
-2.41274231788867E-14));
#4373=CARTESIAN_POINT('',(127.900521137581,7.20639937317763,40.8695217500066));
#4374=CARTESIAN_POINT('Origin',(82.7002605687907,0.,0.));
#4375=CARTESIAN_POINT('',(37.5,35.9400542570542,20.75));
#4376=CARTESIAN_POINT('',(37.5,35.9400542570542,20.75));
#4377=CARTESIAN_POINT('',(37.5,7.20639937317763,40.8695217500066));
#4378=CARTESIAN_POINT('Origin',(37.5,-3.73490307030461E-14,-2.41274231788867E-14));
#4379=CARTESIAN_POINT('',(37.5,7.20639937317763,40.8695217500066));
#4380=CARTESIAN_POINT('Origin',(37.5,38.5381304684075,22.25));
#4381=CARTESIAN_POINT('',(37.5,38.5381304684075,22.25));
#4382=CARTESIAN_POINT('',(37.5,7.72734390617842,43.8239450090433));
#4383=CARTESIAN_POINT('Origin',(120.588626722686,5.23176792950163,29.6708303430415));
#4384=CARTESIAN_POINT('',(203.417423027207,3.07156015854405,17.4196832850129));
#4385=CARTESIAN_POINT('Origin',(120.588626722686,26.092090308852,15.0642753635357));
#4386=CARTESIAN_POINT('',(203.417423027207,15.3186123936956,8.84420498911171));
#4387=CARTESIAN_POINT('Origin',(83.1007817063721,0.,0.));
#4388=CARTESIAN_POINT('',(37.5,38.5381304684075,-22.25));
#4389=CARTESIAN_POINT('',(128.701563412744,38.5381304684075,-22.25));
#4390=CARTESIAN_POINT('',(37.5,38.5381304684075,-22.25));
#4391=CARTESIAN_POINT('',(128.701563412744,41.8163216249729,15.2198963779922));
#4392=CARTESIAN_POINT('Origin',(128.701563412744,6.5816277209091E-15,-6.36385478488419E-15));
#4393=CARTESIAN_POINT('',(37.5,41.8163216249729,15.2198963779922));
#4394=CARTESIAN_POINT('',(37.5,41.8163216249729,15.2198963779922));
#4395=CARTESIAN_POINT('Origin',(37.5,6.5816277209091E-15,-6.36385478488419E-15));
#4396=CARTESIAN_POINT('Origin',(137.971081466366,0.,0.));
#4397=CARTESIAN_POINT('',(147.240599519987,29.3059371661293,-16.919790711719));
#4398=CARTESIAN_POINT('',(128.701563412744,38.5381304684075,-22.25));
#4399=CARTESIAN_POINT('',(147.240599519987,31.7988049540886,11.5738184885249));
#4400=CARTESIAN_POINT('Origin',(147.240599519987,-3.63185181052628E-14,
8.14875496208469E-15));
#4401=CARTESIAN_POINT('',(128.701563412744,41.8163216249729,15.2198963779922));
#4402=CARTESIAN_POINT('Origin',(175.458926482679,0.,0.));
#4403=CARTESIAN_POINT('',(203.677253445371,16.1548935158953,-9.32703212013188));
#4404=CARTESIAN_POINT('',(147.240599519987,29.3059371661293,-16.919790711719));
#4405=CARTESIAN_POINT('',(203.677253445371,17.5290865142421,6.38006572506123));
#4406=CARTESIAN_POINT('Origin',(203.677253445371,0.,0.));
#4407=CARTESIAN_POINT('',(147.240599519987,31.7988049540886,11.5738184885249));
#4408=CARTESIAN_POINT('Origin',(174.490796173901,0.,0.));
#4409=CARTESIAN_POINT('',(146.083830156924,26.8850083112704,-15.5220667856773));
#4410=CARTESIAN_POINT('',(202.897762190879,13.6460501492964,-7.8785507270714));
#4411=CARTESIAN_POINT('',(146.083830156924,26.8850083112704,-15.5220667856773));
#4412=CARTESIAN_POINT('',(146.083830156924,29.171943235694,10.6177190134959));
#4413=CARTESIAN_POINT('Origin',(146.083830156924,-1.8714370564944E-14,3.11289613785056E-15));
#4414=CARTESIAN_POINT('',(202.897762190879,14.8068319614329,5.38924609774301));
#4415=CARTESIAN_POINT('',(146.083830156924,29.171943235694,10.6177190134959));
#4416=CARTESIAN_POINT('Origin',(202.897762190879,0.,0.));
#4417=CARTESIAN_POINT('Origin',(136.992175647253,0.,0.));
#4418=CARTESIAN_POINT('',(127.900521137581,35.9400542570542,-20.75));
#4419=CARTESIAN_POINT('',(127.900521137581,35.9400542570542,-20.75));
#4420=CARTESIAN_POINT('',(127.900521137581,38.9972437626152,14.1938359480152));
#4421=CARTESIAN_POINT('Origin',(127.900521137581,-3.95694767522964E-14,
2.02814978061196E-14));
#4422=CARTESIAN_POINT('',(127.900521137581,38.9972437626152,14.1938359480152));
#4423=CARTESIAN_POINT('Origin',(82.7002605687907,0.,0.));
#4424=CARTESIAN_POINT('',(37.5,35.9400542570542,-20.75));
#4425=CARTESIAN_POINT('',(37.5,35.9400542570542,-20.75));
#4426=CARTESIAN_POINT('',(37.5,38.9972437626152,14.1938359480152));
#4427=CARTESIAN_POINT('Origin',(37.5,-3.95694767522964E-14,2.02814978061196E-14));
#4428=CARTESIAN_POINT('',(37.5,38.9972437626152,14.1938359480152));
#4429=CARTESIAN_POINT('Origin',(37.5,38.5381304684075,-22.25));
#4430=CARTESIAN_POINT('',(37.5,38.5381304684075,-22.25));
#4431=CARTESIAN_POINT('',(37.5,41.8163216249729,15.2198963779922));
#4432=CARTESIAN_POINT('Origin',(120.588626722686,28.3115767932029,10.3045712378676));
#4433=CARTESIAN_POINT('',(203.417423027207,16.6216683299724,6.04979251595516));
#4434=CARTESIAN_POINT('Origin',(120.588626722686,26.0920903088519,-15.0642753635357));
#4435=CARTESIAN_POINT('',(203.417423027207,15.3186123936956,-8.84420498911172));
#4436=CARTESIAN_POINT('Origin',(83.1007817063721,0.,0.));
#4437=CARTESIAN_POINT('',(37.5,0.,-44.5));
#4438=CARTESIAN_POINT('',(128.701563412744,0.,-44.5));
#4439=CARTESIAN_POINT('',(37.5,0.,-44.5));
#4440=CARTESIAN_POINT('',(128.701563412744,34.0889777187945,-28.604048631051));
#4441=CARTESIAN_POINT('Origin',(128.701563412744,-2.22044604925031E-15,
-8.88178419700125E-15));
#4442=CARTESIAN_POINT('',(37.5,34.0889777187945,-28.604048631051));
#4443=CARTESIAN_POINT('',(37.5,34.0889777187945,-28.604048631051));
#4444=CARTESIAN_POINT('Origin',(37.5,-2.22044604925031E-15,-8.88178419700125E-15));
#4445=CARTESIAN_POINT('Origin',(137.971081466366,0.,0.));
#4446=CARTESIAN_POINT('',(147.240599519987,0.,-33.839581423438));
#4447=CARTESIAN_POINT('',(128.701563412744,0.,-44.5));
#4448=CARTESIAN_POINT('',(147.240599519987,25.9226233068969,-21.7516636559647));
#4449=CARTESIAN_POINT('Origin',(147.240599519987,-1.11022302462516E-14,
3.5527136788005E-14));
#4450=CARTESIAN_POINT('',(128.701563412744,34.0889777187945,-28.604048631051));
#4451=CARTESIAN_POINT('Origin',(175.458926482679,0.,0.));
#4452=CARTESIAN_POINT('',(203.677253445371,0.,-18.6540642402637));
#4453=CARTESIAN_POINT('',(147.240599519987,0.,-33.839581423438));
#4454=CARTESIAN_POINT('',(203.677253445371,14.2898422528385,-11.9906013639383));
#4455=CARTESIAN_POINT('Origin',(203.677253445371,0.,0.));
#4456=CARTESIAN_POINT('',(147.240599519987,25.9226233068969,-21.7516636559647));
#4457=CARTESIAN_POINT('Origin',(174.490796173901,0.,0.));
#4458=CARTESIAN_POINT('',(146.083830156924,0.,-31.0441335713546));
#4459=CARTESIAN_POINT('',(202.897762190879,0.,-15.7571014541428));
#4460=CARTESIAN_POINT('',(146.083830156924,0.,-31.0441335713546));
#4461=CARTESIAN_POINT('',(146.083830156924,23.7811860137795,-19.9547844131207));
#4462=CARTESIAN_POINT('Origin',(146.083830156924,-6.66133814775094E-15,
1.77635683940025E-14));
#4463=CARTESIAN_POINT('',(202.897762190879,12.070640008608,-10.1284695792967));
#4464=CARTESIAN_POINT('',(146.083830156924,23.7811860137795,-19.9547844131207));
#4465=CARTESIAN_POINT('Origin',(202.897762190879,0.,0.));
#4466=CARTESIAN_POINT('Origin',(136.992175647253,0.,0.));
#4467=CARTESIAN_POINT('',(127.900521137581,0.,-41.5));
#4468=CARTESIAN_POINT('',(127.900521137581,0.,-41.5));
#4469=CARTESIAN_POINT('',(127.900521137581,31.7908443894376,-26.6756858019914));
#4470=CARTESIAN_POINT('Origin',(127.900521137581,-2.22044604925031E-15,
4.44089209850063E-14));
#4471=CARTESIAN_POINT('',(127.900521137581,31.7908443894376,-26.6756858019914));
#4472=CARTESIAN_POINT('Origin',(82.7002605687907,0.,0.));
#4473=CARTESIAN_POINT('',(37.5,0.,-41.5));
#4474=CARTESIAN_POINT('',(37.5,0.,-41.5));
#4475=CARTESIAN_POINT('',(37.5,31.7908443894376,-26.6756858019914));
#4476=CARTESIAN_POINT('Origin',(37.5,-2.22044604925031E-15,4.44089209850063E-14));
#4477=CARTESIAN_POINT('',(37.5,31.7908443894376,-26.6756858019914));
#4478=CARTESIAN_POINT('Origin',(37.5,0.,-44.5));
#4479=CARTESIAN_POINT('',(37.5,0.,-44.5));
#4480=CARTESIAN_POINT('',(37.5,34.0889777187945,-28.604048631051));
#4481=CARTESIAN_POINT('Origin',(120.588626722686,23.0798088637013,-19.3662591051739));
#4482=CARTESIAN_POINT('',(203.417423027207,13.5501081714283,-11.3698907690578));
#4483=CARTESIAN_POINT('Origin',(120.588626722686,0.,-30.1285507270714));
#4484=CARTESIAN_POINT('',(203.417423027207,0.,-17.6884099782234));
#4485=CARTESIAN_POINT('Origin',(23.75,0.,0.));
#4486=CARTESIAN_POINT('',(37.5,-5.75583995599256E-15,47.));
#4487=CARTESIAN_POINT('Origin',(37.5,0.,0.));
#4488=CARTESIAN_POINT('',(10.,-4.89858719658941E-15,40.));
#4489=CARTESIAN_POINT('',(23.75,-5.32721357629099E-15,43.5));
#4490=CARTESIAN_POINT('Origin',(10.,0.,0.));
#4491=CARTESIAN_POINT('Origin',(83.4345493210233,0.,0.));
#4492=CARTESIAN_POINT('',(129.369098642047,-5.75583995599256E-15,47.));
#4493=CARTESIAN_POINT('Origin',(129.369098642047,0.,0.));
#4494=CARTESIAN_POINT('',(83.4345493210233,-5.75583995599256E-15,47.));
#4495=CARTESIAN_POINT('Origin',(138.786836315627,0.,0.));
#4496=CARTESIAN_POINT('',(148.204573989207,-4.42943986282306E-15,36.1691213001741));
#4497=CARTESIAN_POINT('Origin',(148.204573989207,0.,0.));
#4498=CARTESIAN_POINT('',(138.786836315627,-5.09263990940781E-15,41.5845606500871));
#4499=CARTESIAN_POINT('Origin',(176.265701739994,0.,0.));
#4500=CARTESIAN_POINT('',(204.326829490782,-2.58011035656548E-15,21.0681998953646));
#4501=CARTESIAN_POINT('Origin',(204.326829490782,0.,0.));
#4502=CARTESIAN_POINT('',(176.265701739994,-3.50477510969427E-15,28.6186605977693));
#4503=CARTESIAN_POINT('Origin',(203.417423027207,0.,0.));
#4504=CARTESIAN_POINT('',(203.417423027207,-2.16620546618374E-15,17.6884099782234));
#4505=CARTESIAN_POINT('',(202.508016563633,-1.75230057580201E-15,14.3086200610823));
#4506=CARTESIAN_POINT('',(203.417423027207,-2.16620546618374E-15,17.6884099782234));
#4507=CARTESIAN_POINT('Origin',(202.508016563633,0.,0.));
#4508=CARTESIAN_POINT('Origin',(174.006731019513,0.,0.));
#4509=CARTESIAN_POINT('',(145.505445475392,-3.63063806783437E-15,29.6464096453129));
#4510=CARTESIAN_POINT('',(174.006731019513,-2.69146932181819E-15,21.9775148531976));
#4511=CARTESIAN_POINT('Origin',(145.505445475392,0.,0.));
#4512=CARTESIAN_POINT('Origin',(136.502722737696,0.,0.));
#4513=CARTESIAN_POINT('',(127.5,-4.89858719658941E-15,40.));
#4514=CARTESIAN_POINT('',(136.502722737696,-4.26461263221189E-15,34.8232048226565));
#4515=CARTESIAN_POINT('Origin',(127.5,0.,0.));
#4516=CARTESIAN_POINT('Origin',(68.75,0.,0.));
#4517=CARTESIAN_POINT('',(68.75,-4.89858719658941E-15,40.));
#4518=CARTESIAN_POINT('Origin',(0.,10.5801345412645,14.5623058987491));
#4519=CARTESIAN_POINT('',(0.,10.5801345412645,14.0623058987491));
#4520=CARTESIAN_POINT('Origin',(0.,10.5801345412645,14.5623058987491));
#4521=CARTESIAN_POINT('',(10.1,10.5801345412645,14.0623058987491));
#4522=CARTESIAN_POINT('',(0.,10.5801345412645,14.0623058987491));
#4523=CARTESIAN_POINT('Origin',(10.1,10.5801345412645,14.5623058987491));
#4524=CARTESIAN_POINT('Origin',(0.,-10.5801345412645,14.5623058987491));
#4525=CARTESIAN_POINT('',(0.,-10.5801345412645,14.0623058987491));
#4526=CARTESIAN_POINT('Origin',(0.,-10.5801345412645,14.5623058987491));
#4527=CARTESIAN_POINT('',(10.1,-10.5801345412645,14.0623058987491));
#4528=CARTESIAN_POINT('',(0.,-10.5801345412645,14.0623058987491));
#4529=CARTESIAN_POINT('Origin',(10.1,-10.5801345412645,14.5623058987491));
#4530=CARTESIAN_POINT('Origin',(0.,-17.1190172933128,-5.56230589874906));
#4531=CARTESIAN_POINT('',(0.,-17.1190172933128,-6.06230589874906));
#4532=CARTESIAN_POINT('Origin',(0.,-17.1190172933128,-5.56230589874906));
#4533=CARTESIAN_POINT('',(10.1,-17.1190172933128,-6.06230589874906));
#4534=CARTESIAN_POINT('',(0.,-17.1190172933128,-6.06230589874906));
#4535=CARTESIAN_POINT('Origin',(10.1,-17.1190172933128,-5.56230589874906));
#4536=CARTESIAN_POINT('Origin',(0.,-3.99680288865056E-15,-18.));
#4537=CARTESIAN_POINT('',(0.,-4.05803522860793E-15,-18.5));
#4538=CARTESIAN_POINT('Origin',(0.,-3.99680288865056E-15,-18.));
#4539=CARTESIAN_POINT('',(10.1,-3.9355705486932E-15,-18.5));
#4540=CARTESIAN_POINT('',(0.,-3.9355705486932E-15,-18.5));
#4541=CARTESIAN_POINT('Origin',(10.1,-3.99680288865056E-15,-18.));
#4542=CARTESIAN_POINT('Origin',(0.,17.1190172933128,-5.56230589874906));
#4543=CARTESIAN_POINT('',(0.,17.1190172933128,-6.06230589874905));
#4544=CARTESIAN_POINT('Origin',(0.,17.1190172933128,-5.56230589874906));
#4545=CARTESIAN_POINT('',(10.1,17.1190172933128,-6.06230589874905));
#4546=CARTESIAN_POINT('',(0.,17.1190172933128,-6.06230589874905));
#4547=CARTESIAN_POINT('Origin',(10.1,17.1190172933128,-5.56230589874906));
#4548=CARTESIAN_POINT('Origin',(0.,7.5,12.9903810567666));
#4549=CARTESIAN_POINT('',(0.,7.5,12.4903810567666));
#4550=CARTESIAN_POINT('Origin',(0.,7.5,12.9903810567666));
#4551=CARTESIAN_POINT('',(10.1,7.5,12.4903810567666));
#4552=CARTESIAN_POINT('',(0.,7.5,12.4903810567666));
#4553=CARTESIAN_POINT('Origin',(10.1,7.5,12.9903810567666));
#4554=CARTESIAN_POINT('Origin',(0.,-11.4906666467847,9.64181414529809));
#4555=CARTESIAN_POINT('',(0.,-11.4906666467847,9.14181414529809));
#4556=CARTESIAN_POINT('Origin',(0.,-11.4906666467847,9.64181414529809));
#4557=CARTESIAN_POINT('',(10.1,-11.4906666467847,9.14181414529809));
#4558=CARTESIAN_POINT('',(0.,-11.4906666467847,9.14181414529809));
#4559=CARTESIAN_POINT('Origin',(10.1,-11.4906666467847,9.64181414529809));
#4560=CARTESIAN_POINT('Origin',(0.,-11.4906666467847,-9.64181414529809));
#4561=CARTESIAN_POINT('',(0.,-11.4906666467847,-10.1418141452981));
#4562=CARTESIAN_POINT('Origin',(0.,-11.4906666467847,-9.64181414529809));
#4563=CARTESIAN_POINT('',(10.1,-11.4906666467847,-10.1418141452981));
#4564=CARTESIAN_POINT('',(0.,-11.4906666467847,-10.1418141452981));
#4565=CARTESIAN_POINT('Origin',(10.1,-11.4906666467847,-9.64181414529809));
#4566=CARTESIAN_POINT('Origin',(0.,7.5,-12.9903810567666));
#4567=CARTESIAN_POINT('',(0.,7.5,-13.4903810567666));
#4568=CARTESIAN_POINT('Origin',(0.,7.5,-12.9903810567666));
#4569=CARTESIAN_POINT('',(10.1,7.5,-13.4903810567666));
#4570=CARTESIAN_POINT('',(0.,7.5,-13.4903810567666));
#4571=CARTESIAN_POINT('Origin',(10.1,7.5,-12.9903810567666));
#4572=CARTESIAN_POINT('Origin',(0.,10.9625454917112,4.88083971690961));
#4573=CARTESIAN_POINT('',(0.,10.9625454917112,4.38083971690961));
#4574=CARTESIAN_POINT('Origin',(0.,10.9625454917112,4.88083971690961));
#4575=CARTESIAN_POINT('',(10.1,10.9625454917112,4.38083971690961));
#4576=CARTESIAN_POINT('',(0.,10.9625454917112,4.38083971690961));
#4577=CARTESIAN_POINT('Origin',(10.1,10.9625454917112,4.88083971690961));
#4578=CARTESIAN_POINT('Origin',(0.,-6.,10.3923048454133));
#4579=CARTESIAN_POINT('',(0.,-6.,9.89230484541326));
#4580=CARTESIAN_POINT('Origin',(0.,-6.,10.3923048454133));
#4581=CARTESIAN_POINT('',(10.1,-6.,9.89230484541326));
#4582=CARTESIAN_POINT('',(0.,-6.,9.89230484541326));
#4583=CARTESIAN_POINT('Origin',(10.1,-6.,10.3923048454133));
#4584=CARTESIAN_POINT('Origin',(0.,-9.70820393249937,-7.05342302750968));
#4585=CARTESIAN_POINT('',(0.,-9.70820393249937,-7.55342302750968));
#4586=CARTESIAN_POINT('Origin',(0.,-9.70820393249937,-7.05342302750968));
#4587=CARTESIAN_POINT('',(10.1,-9.70820393249937,-7.55342302750968));
#4588=CARTESIAN_POINT('',(0.,-9.70820393249937,-7.55342302750968));
#4589=CARTESIAN_POINT('Origin',(10.1,-9.70820393249937,-7.05342302750968));
#4590=CARTESIAN_POINT('Origin',(0.,8.0295672763063,-8.91773790572873));
#4591=CARTESIAN_POINT('',(0.,8.0295672763063,-9.41773790572873));
#4592=CARTESIAN_POINT('Origin',(0.,8.0295672763063,-8.91773790572873));
#4593=CARTESIAN_POINT('',(10.1,8.0295672763063,-9.41773790572873));
#4594=CARTESIAN_POINT('',(0.,8.0295672763063,-9.41773790572873));
#4595=CARTESIAN_POINT('Origin',(10.1,8.0295672763063,-8.91773790572873));
#4596=CARTESIAN_POINT('Origin',(0.,4.50000006705522,7.79422875020301));
#4597=CARTESIAN_POINT('',(0.,4.50000006705522,7.29422875020301));
#4598=CARTESIAN_POINT('Origin',(0.,4.50000006705522,7.79422875020301));
#4599=CARTESIAN_POINT('',(10.1,4.50000006705522,7.29422875020301));
#4600=CARTESIAN_POINT('',(0.,4.50000006705522,7.29422875020301));
#4601=CARTESIAN_POINT('Origin',(10.1,4.50000006705522,7.79422875020301));
#4602=CARTESIAN_POINT('Origin',(0.,-9.00000013411045,-1.10218213565641E-15));
#4603=CARTESIAN_POINT('',(0.,-9.00000013411045,-0.500000000000002));
#4604=CARTESIAN_POINT('Origin',(0.,-9.00000013411045,-1.10218213565641E-15));
#4605=CARTESIAN_POINT('',(10.1,-9.00000013411045,-0.500000000000002));
#4606=CARTESIAN_POINT('',(0.,-9.00000013411045,-0.500000000000002));
#4607=CARTESIAN_POINT('Origin',(10.1,-9.00000013411045,-1.10218213565641E-15));
#4608=CARTESIAN_POINT('Origin',(0.,4.50000006705523,-7.794228750203));
#4609=CARTESIAN_POINT('',(0.,4.50000006705523,-8.29422875020301));
#4610=CARTESIAN_POINT('Origin',(0.,4.50000006705523,-7.794228750203));
#4611=CARTESIAN_POINT('',(10.1,4.50000006705523,-8.29422875020301));
#4612=CARTESIAN_POINT('',(0.,4.50000006705523,-8.29422875020301));
#4613=CARTESIAN_POINT('Origin',(10.1,4.50000006705523,-7.794228750203));
#4614=CARTESIAN_POINT('Origin',(0.,-6.,-1.33226762955019E-15));
#4615=CARTESIAN_POINT('',(0.,-6.,-0.500000000000001));
#4616=CARTESIAN_POINT('Origin',(0.,-6.,-1.33226762955019E-15));
#4617=CARTESIAN_POINT('',(10.1,-6.,-0.500000000000001));
#4618=CARTESIAN_POINT('',(0.,-6.,-0.500000000000001));
#4619=CARTESIAN_POINT('Origin',(10.1,-6.,-1.33226762955019E-15));
#4620=CARTESIAN_POINT('Origin',(0.,6.,-1.33226762955019E-15));
#4621=CARTESIAN_POINT('',(0.,6.,-0.500000000000001));
#4622=CARTESIAN_POINT('Origin',(0.,6.,-1.33226762955019E-15));
#4623=CARTESIAN_POINT('',(10.1,6.,-0.500000000000001));
#4624=CARTESIAN_POINT('',(0.,6.,-0.500000000000001));
#4625=CARTESIAN_POINT('Origin',(10.1,6.,-1.33226762955019E-15));
#4626=CARTESIAN_POINT('Origin',(0.,4.24264068711929,4.24264068711929));
#4627=CARTESIAN_POINT('',(0.,4.24264068711929,3.74264068711929));
#4628=CARTESIAN_POINT('Origin',(0.,4.24264068711929,4.24264068711929));
#4629=CARTESIAN_POINT('',(10.1,4.24264068711929,3.74264068711929));
#4630=CARTESIAN_POINT('',(0.,4.24264068711929,3.74264068711929));
#4631=CARTESIAN_POINT('Origin',(10.1,4.24264068711929,4.24264068711929));
#4632=CARTESIAN_POINT('Origin',(0.,-4.24264068711929,-4.24264068711929));
#4633=CARTESIAN_POINT('',(0.,-4.24264068711929,-4.74264068711929));
#4634=CARTESIAN_POINT('Origin',(0.,-4.24264068711929,-4.24264068711929));
#4635=CARTESIAN_POINT('',(10.1,-4.24264068711929,-4.74264068711929));
#4636=CARTESIAN_POINT('',(0.,-4.24264068711929,-4.74264068711929));
#4637=CARTESIAN_POINT('Origin',(10.1,-4.24264068711929,-4.24264068711929));
#4638=CARTESIAN_POINT('Origin',(0.,7.79422875020301,-4.50000006705522));
#4639=CARTESIAN_POINT('',(0.,7.79422875020301,-5.00000006705523));
#4640=CARTESIAN_POINT('Origin',(0.,7.79422875020301,-4.50000006705522));
#4641=CARTESIAN_POINT('',(10.1,7.79422875020301,-5.00000006705523));
#4642=CARTESIAN_POINT('',(0.,7.79422875020301,-5.00000006705523));
#4643=CARTESIAN_POINT('Origin',(10.1,7.79422875020301,-4.50000006705522));
#4644=CARTESIAN_POINT('Origin',(0.,-7.794228750203,-4.50000006705523));
#4645=CARTESIAN_POINT('',(0.,-7.794228750203,-5.00000006705523));
#4646=CARTESIAN_POINT('Origin',(0.,-7.794228750203,-4.50000006705523));
#4647=CARTESIAN_POINT('',(10.1,-7.794228750203,-5.00000006705523));
#4648=CARTESIAN_POINT('',(0.,-7.794228750203,-5.00000006705523));
#4649=CARTESIAN_POINT('Origin',(10.1,-7.794228750203,-4.50000006705523));
#4650=CARTESIAN_POINT('Origin',(0.,-1.99840147410378E-15,9.00000013411045));
#4651=CARTESIAN_POINT('',(0.,-2.05963381406115E-15,8.50000013411045));
#4652=CARTESIAN_POINT('Origin',(0.,-1.99840147410378E-15,9.00000013411045));
#4653=CARTESIAN_POINT('',(10.1,-1.93716913414642E-15,8.50000013411045));
#4654=CARTESIAN_POINT('',(0.,-1.93716913414642E-15,8.50000013411045));
#4655=CARTESIAN_POINT('Origin',(10.1,-1.99840147410378E-15,9.00000013411045));
#4656=CARTESIAN_POINT('Origin',(0.,10.9625454917112,-4.8808397169096));
#4657=CARTESIAN_POINT('',(0.,10.9625454917112,-5.3808397169096));
#4658=CARTESIAN_POINT('Origin',(0.,10.9625454917112,-4.8808397169096));
#4659=CARTESIAN_POINT('',(10.1,10.9625454917112,-5.3808397169096));
#4660=CARTESIAN_POINT('',(0.,10.9625454917112,-5.3808397169096));
#4661=CARTESIAN_POINT('Origin',(10.1,10.9625454917112,-4.8808397169096));
#4662=CARTESIAN_POINT('Origin',(0.,-6.,-10.3923048454133));
#4663=CARTESIAN_POINT('',(0.,-6.,-10.8923048454133));
#4664=CARTESIAN_POINT('Origin',(0.,-6.,-10.3923048454133));
#4665=CARTESIAN_POINT('',(10.1,-6.,-10.8923048454133));
#4666=CARTESIAN_POINT('',(0.,-6.,-10.8923048454133));
#4667=CARTESIAN_POINT('Origin',(10.1,-6.,-10.3923048454133));
#4668=CARTESIAN_POINT('Origin',(0.,-9.70820393249937,7.05342302750968));
#4669=CARTESIAN_POINT('',(0.,-9.70820393249937,6.55342302750968));
#4670=CARTESIAN_POINT('Origin',(0.,-9.70820393249937,7.05342302750968));
#4671=CARTESIAN_POINT('',(10.1,-9.70820393249937,6.55342302750968));
#4672=CARTESIAN_POINT('',(0.,-9.70820393249937,6.55342302750968));
#4673=CARTESIAN_POINT('Origin',(10.1,-9.70820393249937,7.05342302750968));
#4674=CARTESIAN_POINT('Origin',(0.,8.02956727630629,8.91773790572874));
#4675=CARTESIAN_POINT('',(0.,8.02956727630629,8.41773790572874));
#4676=CARTESIAN_POINT('Origin',(0.,8.02956727630629,8.91773790572874));
#4677=CARTESIAN_POINT('',(10.1,8.02956727630629,8.41773790572874));
#4678=CARTESIAN_POINT('',(0.,8.02956727630629,8.41773790572874));
#4679=CARTESIAN_POINT('Origin',(10.1,8.02956727630629,8.91773790572874));
#4680=CARTESIAN_POINT('Origin',(0.,11.4906666467847,-9.64181414529809));
#4681=CARTESIAN_POINT('',(0.,11.4906666467847,-10.1418141452981));
#4682=CARTESIAN_POINT('Origin',(0.,11.4906666467847,-9.64181414529809));
#4683=CARTESIAN_POINT('',(10.1,11.4906666467847,-10.1418141452981));
#4684=CARTESIAN_POINT('',(0.,11.4906666467847,-10.1418141452981));
#4685=CARTESIAN_POINT('Origin',(10.1,11.4906666467847,-9.64181414529809));
#4686=CARTESIAN_POINT('Origin',(0.,-7.5,-12.9903810567666));
#4687=CARTESIAN_POINT('',(0.,-7.5,-13.4903810567666));
#4688=CARTESIAN_POINT('Origin',(0.,-7.5,-12.9903810567666));
#4689=CARTESIAN_POINT('',(10.1,-7.5,-13.4903810567666));
#4690=CARTESIAN_POINT('',(0.,-7.5,-13.4903810567666));
#4691=CARTESIAN_POINT('Origin',(10.1,-7.5,-12.9903810567666));
#4692=CARTESIAN_POINT('Origin',(0.,-14.0953893117886,5.13030214988503));
#4693=CARTESIAN_POINT('',(0.,-14.0953893117886,4.63030214988503));
#4694=CARTESIAN_POINT('Origin',(0.,-14.0953893117886,5.13030214988503));
#4695=CARTESIAN_POINT('',(10.1,-14.0953893117886,4.63030214988503));
#4696=CARTESIAN_POINT('',(0.,-14.0953893117886,4.63030214988503));
#4697=CARTESIAN_POINT('Origin',(10.1,-14.0953893117886,5.13030214988503));
#4698=CARTESIAN_POINT('Origin',(0.,2.60472266500395,14.7721162951831));
#4699=CARTESIAN_POINT('',(0.,2.60472266500395,14.2721162951831));
#4700=CARTESIAN_POINT('Origin',(0.,2.60472266500395,14.7721162951831));
#4701=CARTESIAN_POINT('',(10.1,2.60472266500395,14.2721162951831));
#4702=CARTESIAN_POINT('',(0.,2.60472266500395,14.2721162951831));
#4703=CARTESIAN_POINT('Origin',(10.1,2.60472266500395,14.7721162951831));
#4704=CARTESIAN_POINT('Origin',(0.,18.,0.));
#4705=CARTESIAN_POINT('',(0.,18.,-0.5));
#4706=CARTESIAN_POINT('Origin',(0.,18.,0.));
#4707=CARTESIAN_POINT('',(10.1,18.,-0.5));
#4708=CARTESIAN_POINT('',(0.,18.,-0.5));
#4709=CARTESIAN_POINT('Origin',(10.1,18.,0.));
#4710=CARTESIAN_POINT('Origin',(0.,5.56230589874906,-17.1190172933128));
#4711=CARTESIAN_POINT('',(0.,5.56230589874906,-17.6190172933128));
#4712=CARTESIAN_POINT('Origin',(0.,5.56230589874906,-17.1190172933128));
#4713=CARTESIAN_POINT('',(10.1,5.56230589874906,-17.6190172933128));
#4714=CARTESIAN_POINT('',(0.,5.56230589874906,-17.6190172933128));
#4715=CARTESIAN_POINT('Origin',(10.1,5.56230589874906,-17.1190172933128));
#4716=CARTESIAN_POINT('Origin',(0.,-14.5623058987491,-10.5801345412645));
#4717=CARTESIAN_POINT('',(0.,-14.5623058987491,-11.0801345412645));
#4718=CARTESIAN_POINT('Origin',(0.,-14.5623058987491,-10.5801345412645));
#4719=CARTESIAN_POINT('',(10.1,-14.5623058987491,-11.0801345412645));
#4720=CARTESIAN_POINT('',(0.,-14.5623058987491,-11.0801345412645));
#4721=CARTESIAN_POINT('Origin',(10.1,-14.5623058987491,-10.5801345412645));
#4722=CARTESIAN_POINT('Origin',(0.,-14.5623058987491,10.5801345412645));
#4723=CARTESIAN_POINT('',(0.,-14.5623058987491,10.0801345412645));
#4724=CARTESIAN_POINT('Origin',(0.,-14.5623058987491,10.5801345412645));
#4725=CARTESIAN_POINT('',(10.1,-14.5623058987491,10.0801345412645));
#4726=CARTESIAN_POINT('',(0.,-14.5623058987491,10.0801345412645));
#4727=CARTESIAN_POINT('Origin',(10.1,-14.5623058987491,10.5801345412645));
#4728=CARTESIAN_POINT('Origin',(0.,5.56230589874905,17.1190172933128));
#4729=CARTESIAN_POINT('',(0.,5.56230589874905,16.6190172933128));
#4730=CARTESIAN_POINT('Origin',(0.,5.56230589874905,17.1190172933128));
#4731=CARTESIAN_POINT('',(10.1,5.56230589874905,16.6190172933128));
#4732=CARTESIAN_POINT('',(0.,5.56230589874905,16.6190172933128));
#4733=CARTESIAN_POINT('Origin',(10.1,5.56230589874905,17.1190172933128));
#4734=CARTESIAN_POINT('Origin',(0.,14.5623058987491,10.5801345412645));
#4735=CARTESIAN_POINT('',(0.,14.5623058987491,10.0801345412645));
#4736=CARTESIAN_POINT('Origin',(0.,14.5623058987491,10.5801345412645));
#4737=CARTESIAN_POINT('',(10.1,14.5623058987491,10.0801345412645));
#4738=CARTESIAN_POINT('',(0.,14.5623058987491,10.0801345412645));
#4739=CARTESIAN_POINT('Origin',(10.1,14.5623058987491,10.5801345412645));
#4740=CARTESIAN_POINT('Origin',(0.,-5.56230589874906,17.1190172933128));
#4741=CARTESIAN_POINT('',(0.,-5.56230589874906,16.6190172933128));
#4742=CARTESIAN_POINT('Origin',(0.,-5.56230589874906,17.1190172933128));
#4743=CARTESIAN_POINT('',(10.1,-5.56230589874906,16.6190172933128));
#4744=CARTESIAN_POINT('',(0.,-5.56230589874906,16.6190172933128));
#4745=CARTESIAN_POINT('Origin',(10.1,-5.56230589874906,17.1190172933128));
#4746=CARTESIAN_POINT('Origin',(0.,-18.,-2.20436423846524E-15));
#4747=CARTESIAN_POINT('',(0.,-18.,-0.500000000000002));
#4748=CARTESIAN_POINT('Origin',(0.,-18.,-2.20436423846524E-15));
#4749=CARTESIAN_POINT('',(10.1,-18.,-0.500000000000002));
#4750=CARTESIAN_POINT('',(0.,-18.,-0.500000000000002));
#4751=CARTESIAN_POINT('Origin',(10.1,-18.,-2.20436423846524E-15));
#4752=CARTESIAN_POINT('Origin',(0.,-5.56230589874906,-17.1190172933128));
#4753=CARTESIAN_POINT('',(0.,-5.56230589874906,-17.6190172933128));
#4754=CARTESIAN_POINT('Origin',(0.,-5.56230589874906,-17.1190172933128));
#4755=CARTESIAN_POINT('',(10.1,-5.56230589874906,-17.6190172933128));
#4756=CARTESIAN_POINT('',(0.,-5.56230589874906,-17.6190172933128));
#4757=CARTESIAN_POINT('Origin',(10.1,-5.56230589874906,-17.1190172933128));
#4758=CARTESIAN_POINT('Origin',(0.,14.5623058987491,-10.5801345412645));
#4759=CARTESIAN_POINT('',(0.,14.5623058987491,-11.0801345412645));
#4760=CARTESIAN_POINT('Origin',(0.,14.5623058987491,-10.5801345412645));
#4761=CARTESIAN_POINT('',(10.1,14.5623058987491,-11.0801345412645));
#4762=CARTESIAN_POINT('',(0.,14.5623058987491,-11.0801345412645));
#4763=CARTESIAN_POINT('Origin',(10.1,14.5623058987491,-10.5801345412645));
#4764=CARTESIAN_POINT('Origin',(0.,11.4906666467847,9.64181414529809));
#4765=CARTESIAN_POINT('',(0.,11.4906666467847,9.14181414529809));
#4766=CARTESIAN_POINT('Origin',(0.,11.4906666467847,9.64181414529809));
#4767=CARTESIAN_POINT('',(10.1,11.4906666467847,9.14181414529809));
#4768=CARTESIAN_POINT('',(0.,11.4906666467847,9.14181414529809));
#4769=CARTESIAN_POINT('Origin',(10.1,11.4906666467847,9.64181414529809));
#4770=CARTESIAN_POINT('Origin',(0.,-7.5,12.9903810567666));
#4771=CARTESIAN_POINT('',(0.,-7.5,12.4903810567666));
#4772=CARTESIAN_POINT('Origin',(0.,-7.5,12.9903810567666));
#4773=CARTESIAN_POINT('',(10.1,-7.5,12.4903810567666));
#4774=CARTESIAN_POINT('',(0.,-7.5,12.4903810567666));
#4775=CARTESIAN_POINT('Origin',(10.1,-7.5,12.9903810567666));
#4776=CARTESIAN_POINT('Origin',(0.,-14.0953893117886,-5.13030214988503));
#4777=CARTESIAN_POINT('',(0.,-14.0953893117886,-5.63030214988503));
#4778=CARTESIAN_POINT('Origin',(0.,-14.0953893117886,-5.13030214988503));
#4779=CARTESIAN_POINT('',(10.1,-14.0953893117886,-5.63030214988503));
#4780=CARTESIAN_POINT('',(0.,-14.0953893117886,-5.63030214988503));
#4781=CARTESIAN_POINT('Origin',(10.1,-14.0953893117886,-5.13030214988503));
#4782=CARTESIAN_POINT('Origin',(0.,2.60472266500396,-14.7721162951831));
#4783=CARTESIAN_POINT('',(0.,2.60472266500396,-15.2721162951831));
#4784=CARTESIAN_POINT('Origin',(0.,2.60472266500396,-14.7721162951831));
#4785=CARTESIAN_POINT('',(10.1,2.60472266500396,-15.2721162951831));
#4786=CARTESIAN_POINT('',(0.,2.60472266500396,-15.2721162951831));
#4787=CARTESIAN_POINT('Origin',(10.1,2.60472266500396,-14.7721162951831));
#4788=CARTESIAN_POINT('Origin',(0.,15.,0.));
#4789=CARTESIAN_POINT('',(0.,15.,-0.500000000000001));
#4790=CARTESIAN_POINT('Origin',(0.,15.,0.));
#4791=CARTESIAN_POINT('',(10.1,15.,-0.500000000000001));
#4792=CARTESIAN_POINT('',(0.,15.,-0.500000000000001));
#4793=CARTESIAN_POINT('Origin',(10.1,15.,0.));
#4794=CARTESIAN_POINT('Origin',(0.,-1.25434155921185,11.9342627444193));
#4795=CARTESIAN_POINT('',(0.,-1.25434155921185,11.4342627444193));
#4796=CARTESIAN_POINT('Origin',(0.,-1.25434155921185,11.9342627444193));
#4797=CARTESIAN_POINT('',(10.1,-1.25434155921185,11.4342627444193));
#4798=CARTESIAN_POINT('',(0.,-1.25434155921185,11.4342627444193));
#4799=CARTESIAN_POINT('Origin',(10.1,-1.25434155921185,11.9342627444193));
#4800=CARTESIAN_POINT('Origin',(0.,-11.7377712088057,-2.49494028981312));
#4801=CARTESIAN_POINT('',(0.,-11.7377712088057,-2.99494028981312));
#4802=CARTESIAN_POINT('Origin',(0.,-11.7377712088057,-2.49494028981312));
#4803=CARTESIAN_POINT('',(10.1,-11.7377712088057,-2.99494028981312));
#4804=CARTESIAN_POINT('',(0.,-11.7377712088057,-2.99494028981312));
#4805=CARTESIAN_POINT('Origin',(10.1,-11.7377712088057,-2.49494028981312));
#4806=CARTESIAN_POINT('Origin',(0.,3.70820393249937,-11.4126781955418));
#4807=CARTESIAN_POINT('',(0.,3.70820393249937,-11.9126781955418));
#4808=CARTESIAN_POINT('Origin',(0.,3.70820393249937,-11.4126781955418));
#4809=CARTESIAN_POINT('',(10.1,3.70820393249937,-11.9126781955418));
#4810=CARTESIAN_POINT('',(0.,3.70820393249937,-11.9126781955418));
#4811=CARTESIAN_POINT('Origin',(10.1,3.70820393249937,-11.4126781955418));
#4812=CARTESIAN_POINT('Origin',(0.,7.794228750203,4.50000006705523));
#4813=CARTESIAN_POINT('',(0.,7.794228750203,4.00000006705523));
#4814=CARTESIAN_POINT('Origin',(0.,7.794228750203,4.50000006705523));
#4815=CARTESIAN_POINT('',(10.1,7.794228750203,4.00000006705523));
#4816=CARTESIAN_POINT('',(0.,7.794228750203,4.00000006705523));
#4817=CARTESIAN_POINT('Origin',(10.1,7.794228750203,4.50000006705523));
#4818=CARTESIAN_POINT('Origin',(0.,-7.79422875020301,4.50000006705522));
#4819=CARTESIAN_POINT('',(0.,-7.79422875020301,4.00000006705522));
#4820=CARTESIAN_POINT('Origin',(0.,-7.79422875020301,4.50000006705522));
#4821=CARTESIAN_POINT('',(10.1,-7.79422875020301,4.00000006705522));
#4822=CARTESIAN_POINT('',(0.,-7.79422875020301,4.00000006705522));
#4823=CARTESIAN_POINT('Origin',(10.1,-7.79422875020301,4.50000006705522));
#4824=CARTESIAN_POINT('Origin',(0.,-1.99840147410378E-15,-9.00000013411045));
#4825=CARTESIAN_POINT('',(0.,-2.05963381406115E-15,-9.50000013411045));
#4826=CARTESIAN_POINT('Origin',(0.,-1.99840147410378E-15,-9.00000013411045));
#4827=CARTESIAN_POINT('',(10.1,-1.93716913414642E-15,-9.50000013411045));
#4828=CARTESIAN_POINT('',(0.,-1.93716913414642E-15,-9.50000013411045));
#4829=CARTESIAN_POINT('Origin',(10.1,-1.99840147410378E-15,-9.00000013411045));
#4830=CARTESIAN_POINT('Origin',(0.,-4.24264068711929,4.24264068711928));
#4831=CARTESIAN_POINT('',(0.,-4.24264068711929,3.74264068711928));
#4832=CARTESIAN_POINT('Origin',(0.,-4.24264068711929,4.24264068711928));
#4833=CARTESIAN_POINT('',(10.1,-4.24264068711929,3.74264068711928));
#4834=CARTESIAN_POINT('',(0.,-4.24264068711929,3.74264068711928));
#4835=CARTESIAN_POINT('Origin',(10.1,-4.24264068711929,4.24264068711928));
#4836=CARTESIAN_POINT('Origin',(0.,4.24264068711929,-4.24264068711929));
#4837=CARTESIAN_POINT('',(0.,4.24264068711929,-4.74264068711929));
#4838=CARTESIAN_POINT('Origin',(0.,4.24264068711929,-4.24264068711929));
#4839=CARTESIAN_POINT('',(10.1,4.24264068711929,-4.74264068711929));
#4840=CARTESIAN_POINT('',(0.,4.24264068711929,-4.74264068711929));
#4841=CARTESIAN_POINT('Origin',(10.1,4.24264068711929,-4.24264068711929));
#4842=CARTESIAN_POINT('Origin',(0.,0.,6.));
#4843=CARTESIAN_POINT('',(0.,-6.12323399573677E-17,5.5));
#4844=CARTESIAN_POINT('Origin',(0.,0.,6.));
#4845=CARTESIAN_POINT('',(10.1,6.12323399573677E-17,5.5));
#4846=CARTESIAN_POINT('',(0.,6.12323399573677E-17,5.5));
#4847=CARTESIAN_POINT('Origin',(10.1,0.,6.));
#4848=CARTESIAN_POINT('Origin',(0.,7.34788079488412E-16,-6.));
#4849=CARTESIAN_POINT('',(0.,6.73555739531044E-16,-6.5));
#4850=CARTESIAN_POINT('Origin',(0.,7.34788079488412E-16,-6.));
#4851=CARTESIAN_POINT('',(10.1,7.9602041944578E-16,-6.5));
#4852=CARTESIAN_POINT('',(0.,7.9602041944578E-16,-6.5));
#4853=CARTESIAN_POINT('Origin',(10.1,7.34788079488412E-16,-6.));
#4854=CARTESIAN_POINT('Origin',(0.,9.00000013411045,0.));
#4855=CARTESIAN_POINT('',(0.,9.00000013411045,-0.5));
#4856=CARTESIAN_POINT('Origin',(0.,9.00000013411045,0.));
#4857=CARTESIAN_POINT('',(10.1,9.00000013411045,-0.5));
#4858=CARTESIAN_POINT('',(0.,9.00000013411045,-0.5));
#4859=CARTESIAN_POINT('Origin',(10.1,9.00000013411045,0.));
#4860=CARTESIAN_POINT('Origin',(0.,-4.50000006705522,-7.79422875020301));
#4861=CARTESIAN_POINT('',(0.,-4.50000006705522,-8.29422875020301));
#4862=CARTESIAN_POINT('Origin',(0.,-4.50000006705522,-7.79422875020301));
#4863=CARTESIAN_POINT('',(10.1,-4.50000006705522,-8.29422875020301));
#4864=CARTESIAN_POINT('',(0.,-4.50000006705522,-8.29422875020301));
#4865=CARTESIAN_POINT('Origin',(10.1,-4.50000006705522,-7.79422875020301));
#4866=CARTESIAN_POINT('Origin',(0.,-4.50000006705523,7.794228750203));
#4867=CARTESIAN_POINT('',(0.,-4.50000006705523,7.294228750203));
#4868=CARTESIAN_POINT('Origin',(0.,-4.50000006705523,7.794228750203));
#4869=CARTESIAN_POINT('',(10.1,-4.50000006705523,7.294228750203));
#4870=CARTESIAN_POINT('',(0.,-4.50000006705523,7.294228750203));
#4871=CARTESIAN_POINT('Origin',(10.1,-4.50000006705523,7.794228750203));
#4872=CARTESIAN_POINT('Origin',(0.,12.,0.));
#4873=CARTESIAN_POINT('',(0.,12.,-0.5));
#4874=CARTESIAN_POINT('Origin',(0.,12.,0.));
#4875=CARTESIAN_POINT('',(10.1,12.,-0.5));
#4876=CARTESIAN_POINT('',(0.,12.,-0.5));
#4877=CARTESIAN_POINT('Origin',(10.1,12.,0.));
#4878=CARTESIAN_POINT('Origin',(0.,-1.25434155921184,-11.9342627444193));
#4879=CARTESIAN_POINT('',(0.,-1.25434155921184,-12.4342627444193));
#4880=CARTESIAN_POINT('Origin',(0.,-1.25434155921184,-11.9342627444193));
#4881=CARTESIAN_POINT('',(10.1,-1.25434155921184,-12.4342627444193));
#4882=CARTESIAN_POINT('',(0.,-1.25434155921184,-12.4342627444193));
#4883=CARTESIAN_POINT('Origin',(10.1,-1.25434155921184,-11.9342627444193));
#4884=CARTESIAN_POINT('Origin',(0.,-11.7377712088057,2.49494028981311));
#4885=CARTESIAN_POINT('',(0.,-11.7377712088057,1.99494028981311));
#4886=CARTESIAN_POINT('Origin',(0.,-11.7377712088057,2.49494028981311));
#4887=CARTESIAN_POINT('',(10.1,-11.7377712088057,1.99494028981311));
#4888=CARTESIAN_POINT('',(0.,-11.7377712088057,1.99494028981311));
#4889=CARTESIAN_POINT('Origin',(10.1,-11.7377712088057,2.49494028981311));
#4890=CARTESIAN_POINT('Origin',(0.,3.70820393249937,11.4126781955418));
#4891=CARTESIAN_POINT('',(0.,3.70820393249937,10.9126781955418));
#4892=CARTESIAN_POINT('Origin',(0.,3.70820393249937,11.4126781955418));
#4893=CARTESIAN_POINT('',(10.1,3.70820393249937,10.9126781955418));
#4894=CARTESIAN_POINT('',(0.,3.70820393249937,10.9126781955418));
#4895=CARTESIAN_POINT('Origin',(10.1,3.70820393249937,11.4126781955418));
#4896=CARTESIAN_POINT('Origin',(0.,14.0953893117886,-5.13030214988503));
#4897=CARTESIAN_POINT('',(0.,14.0953893117886,-5.63030214988503));
#4898=CARTESIAN_POINT('Origin',(0.,14.0953893117886,-5.13030214988503));
#4899=CARTESIAN_POINT('',(10.1,14.0953893117886,-5.63030214988503));
#4900=CARTESIAN_POINT('',(0.,14.0953893117886,-5.63030214988503));
#4901=CARTESIAN_POINT('Origin',(10.1,14.0953893117886,-5.13030214988503));
#4902=CARTESIAN_POINT('Origin',(0.,-2.60472266500395,-14.7721162951831));
#4903=CARTESIAN_POINT('',(0.,-2.60472266500395,-15.2721162951831));
#4904=CARTESIAN_POINT('Origin',(0.,-2.60472266500395,-14.7721162951831));
#4905=CARTESIAN_POINT('',(10.1,-2.60472266500395,-15.2721162951831));
#4906=CARTESIAN_POINT('',(0.,-2.60472266500395,-15.2721162951831));
#4907=CARTESIAN_POINT('Origin',(10.1,-2.60472266500395,-14.7721162951831));
#4908=CARTESIAN_POINT('Origin',(0.,-15.,-1.83697019872103E-15));
#4909=CARTESIAN_POINT('',(0.,-15.,-0.500000000000003));
#4910=CARTESIAN_POINT('Origin',(0.,-15.,-1.83697019872103E-15));
#4911=CARTESIAN_POINT('',(10.1,-15.,-0.500000000000003));
#4912=CARTESIAN_POINT('',(0.,-15.,-0.500000000000003));
#4913=CARTESIAN_POINT('Origin',(10.1,-15.,-1.83697019872103E-15));
#4914=CARTESIAN_POINT('Origin',(0.,-2.60472266500395,14.7721162951831));
#4915=CARTESIAN_POINT('',(0.,-2.60472266500395,14.2721162951831));
#4916=CARTESIAN_POINT('Origin',(0.,-2.60472266500395,14.7721162951831));
#4917=CARTESIAN_POINT('',(10.1,-2.60472266500395,14.2721162951831));
#4918=CARTESIAN_POINT('',(0.,-2.60472266500395,14.2721162951831));
#4919=CARTESIAN_POINT('Origin',(10.1,-2.60472266500395,14.7721162951831));
#4920=CARTESIAN_POINT('Origin',(0.,14.0953893117886,5.13030214988504));
#4921=CARTESIAN_POINT('',(0.,14.0953893117886,4.63030214988504));
#4922=CARTESIAN_POINT('Origin',(0.,14.0953893117886,5.13030214988504));
#4923=CARTESIAN_POINT('',(10.1,14.0953893117886,4.63030214988504));
#4924=CARTESIAN_POINT('',(0.,14.0953893117886,4.63030214988504));
#4925=CARTESIAN_POINT('Origin',(10.1,14.0953893117886,5.13030214988504));
#4926=CARTESIAN_POINT('Origin',(0.,10.5801345412645,-14.5623058987491));
#4927=CARTESIAN_POINT('',(0.,10.5801345412645,-15.0623058987491));
#4928=CARTESIAN_POINT('Origin',(0.,10.5801345412645,-14.5623058987491));
#4929=CARTESIAN_POINT('',(10.1,10.5801345412645,-15.0623058987491));
#4930=CARTESIAN_POINT('',(0.,10.5801345412645,-15.0623058987491));
#4931=CARTESIAN_POINT('Origin',(10.1,10.5801345412645,-14.5623058987491));
#4932=CARTESIAN_POINT('Origin',(0.,-10.5801345412645,-14.5623058987491));
#4933=CARTESIAN_POINT('',(0.,-10.5801345412645,-15.0623058987491));
#4934=CARTESIAN_POINT('Origin',(0.,-10.5801345412645,-14.5623058987491));
#4935=CARTESIAN_POINT('',(10.1,-10.5801345412645,-15.0623058987491));
#4936=CARTESIAN_POINT('',(0.,-10.5801345412645,-15.0623058987491));
#4937=CARTESIAN_POINT('Origin',(10.1,-10.5801345412645,-14.5623058987491));
#4938=CARTESIAN_POINT('Origin',(0.,-17.1190172933128,5.56230589874905));
#4939=CARTESIAN_POINT('',(0.,-17.1190172933128,5.06230589874905));
#4940=CARTESIAN_POINT('Origin',(0.,-17.1190172933128,5.56230589874905));
#4941=CARTESIAN_POINT('',(10.1,-17.1190172933128,5.06230589874905));
#4942=CARTESIAN_POINT('',(0.,-17.1190172933128,5.06230589874905));
#4943=CARTESIAN_POINT('Origin',(10.1,-17.1190172933128,5.56230589874905));
#4944=CARTESIAN_POINT('Origin',(0.,-3.99680288865056E-15,18.));
#4945=CARTESIAN_POINT('',(0.,-4.05803522860793E-15,17.5));
#4946=CARTESIAN_POINT('Origin',(0.,-3.99680288865056E-15,18.));
#4947=CARTESIAN_POINT('',(10.1,-3.9355705486932E-15,17.5));
#4948=CARTESIAN_POINT('',(0.,-3.9355705486932E-15,17.5));
#4949=CARTESIAN_POINT('Origin',(10.1,-3.99680288865056E-15,18.));
#4950=CARTESIAN_POINT('Origin',(0.,17.1190172933128,5.56230589874906));
#4951=CARTESIAN_POINT('',(0.,17.1190172933128,5.06230589874906));
#4952=CARTESIAN_POINT('Origin',(0.,17.1190172933128,5.56230589874906));
#4953=CARTESIAN_POINT('',(10.1,17.1190172933128,5.06230589874906));
#4954=CARTESIAN_POINT('',(0.,17.1190172933128,5.06230589874906));
#4955=CARTESIAN_POINT('Origin',(10.1,17.1190172933128,5.56230589874906));
#4956=CARTESIAN_POINT('Origin',(0.,0.,0.));
#4957=CARTESIAN_POINT('',(10.1,-3.63063806783437E-15,29.6464096453129));
#4958=CARTESIAN_POINT('Origin',(10.1,0.,0.));
#4959=CARTESIAN_POINT('',(0.,-3.63063806783437E-15,29.6464096453129));
#4960=CARTESIAN_POINT('',(0.,-3.63063806783437E-15,29.6464096453129));
#4961=CARTESIAN_POINT('Origin',(0.,0.,0.));
#4962=CARTESIAN_POINT('Origin',(10.1,0.,0.));
#4963=CARTESIAN_POINT('Origin',(0.,0.,0.));
#4964=UNCERTAINTY_MEASURE_WITH_UNIT(LENGTH_MEASURE(0.01),#4968,
'DISTANCE_ACCURACY_VALUE',
'Maximum model space distance between geometric entities at asserted c
onnectivities');
#4965=UNCERTAINTY_MEASURE_WITH_UNIT(LENGTH_MEASURE(0.01),#4968,
'DISTANCE_ACCURACY_VALUE',
'Maximum model space distance between geometric entities at asserted c
onnectivities');
#4966=(
GEOMETRIC_REPRESENTATION_CONTEXT(3)
GLOBAL_UNCERTAINTY_ASSIGNED_CONTEXT((#4964))
GLOBAL_UNIT_ASSIGNED_CONTEXT((#4968,#4970,#4971))
REPRESENTATION_CONTEXT('','3D')
);
#4967=(
GEOMETRIC_REPRESENTATION_CONTEXT(3)
GLOBAL_UNCERTAINTY_ASSIGNED_CONTEXT((#4965))
GLOBAL_UNIT_ASSIGNED_CONTEXT((#4968,#4970,#4971))
REPRESENTATION_CONTEXT('','3D')
);
#4968=(
LENGTH_UNIT()
NAMED_UNIT(*)
SI_UNIT(.MILLI.,.METRE.)
);
#4969=(
LENGTH_UNIT()
NAMED_UNIT(*)
SI_UNIT($,.METRE.)
);
#4970=(
NAMED_UNIT(*)
PLANE_ANGLE_UNIT()
SI_UNIT($,.RADIAN.)
);
#4971=(
NAMED_UNIT(*)
SI_UNIT($,.STERADIAN.)
SOLID_ANGLE_UNIT()
);
#4972=SHAPE_DEFINITION_REPRESENTATION(#4973,#4974);
#4973=PRODUCT_DEFINITION_SHAPE('',$,#4976);
#4974=SHAPE_REPRESENTATION('',(#2884),#4966);
#4975=PRODUCT_DEFINITION_CONTEXT('part definition',#4980,'design');
#4976=PRODUCT_DEFINITION('2026-09-30-22-56-53-793',
'DfAM_Single_Piece_Engine_v2',#4977,#4975);
#4977=PRODUCT_DEFINITION_FORMATION('',$,#4982);
#4978=PRODUCT_RELATED_PRODUCT_CATEGORY('DfAM_Single_Piece_Engine_v2',
'DfAM_Single_Piece_Engine_v2',(#4982));
#4979=APPLICATION_PROTOCOL_DEFINITION('international standard',
'automotive_design',2009,#4980);
#4980=APPLICATION_CONTEXT(
'Core Data for Automotive Mechanical Design Process');
#4981=PRODUCT_CONTEXT('part definition',#4980,'mechanical');
#4982=PRODUCT('2026-09-30-22-56-53-793','DfAM_Single_Piece_Engine_v2',$,
(#4981));
#4983=PRESENTATION_STYLE_ASSIGNMENT((#4984));
#4984=SURFACE_STYLE_USAGE(.BOTH.,#4985);
#4985=SURFACE_SIDE_STYLE('',(#4986));
#4986=SURFACE_STYLE_FILL_AREA(#4987);
#4987=FILL_AREA_STYLE('Steel - Satin',(#4988));
#4988=FILL_AREA_STYLE_COLOUR('Steel - Satin',#4989);
#4989=COLOUR_RGB('Steel - Satin',0.627450980392157,0.627450980392157,0.627450980392157);
ENDSEC;
END-ISO-10303-21;
